doc_id,text
d_006815a5ef,"УСТАНОВИЛ: В Мещанский районный суд поступило исковое заявление к «Достойное Будущее» о восстановлении срока для обращения с заявлением о выплате средств пенсионных накоплений умершего застрахованного лица. Вместе с тем, указанное исковое заявление не может быть принято к производству суда. Пунктом 4 ч.1 ст.135 ГПК РФ предусмотрено, что судья возвращает исковое заявление в случае, если исковое заявление не подписано или исковое заявление подписано и подано лицом, не имеющим полномочий на его подписание и предъявление в суд. Как усматривается из заявления, оно не подписано истцом, При таких обстоятельствах, данное исковое заявление подлежит возврату. Данное обстоятельство не препятствует повторной подаче подписанного надлежащим лицом заявления. На основании изложенного, руководствуясь положениями статьи 135 ГПК РФ, суд ОПРЕДЕЛИЛ: Исковое заявление к «Достойное Ббдущее» о восстановлении срока для обращения с заявлением о выплате средств пенсионных накоплений ум"
d_012d59baeb,"УСТАНОВИЛ: В Мещанский районный суд города Москвы поступило исковое заявление к АО «НПФ Будущее» о восстановлении пропущенного срока для обращения правопреемника с заявлением о выплате средств пенсионных накоплений, учтенных на пенсионном счете накопительной пенсии умершего застрахованного лица. В силу положений ст. 132 ГПК РФ к исковому заявлению, в числе прочего, прилагается документ, подтверждающий уплату государственной пошлины в установленных порядке и размере или право на получение льготы по уплате государственной пошлины, либо ходатайство о предоставлении отсрочки, рассрочки, об уменьшении размера государственной пошлины или об освобождении от уплаты государственной пошлины; уведомление о вручении или иные документы, подтверждающие направление другим лицам, участвующим в деле, копий искового заявления и приложенных к нему документов, которые у других лиц, участвующих в деле, отсутствуют, в том числе в случае подачи в суд искового заявления и приложенных к нему документов в э"
d_0157394c36,"УСТАНОВИЛ: В Мещанский районный суд поступило исковое заявление к ""Достойное Будущее"" о восстановлении срока для обращения правопреемника по договору (заявлению) с заявлением о выплате средств пенсионных накоплений. Указанное исковое заявление определением от года оставлено без движения, по мотивам, приведенным в данном определении, истцу предложено исправить недостатки в срок до года. Ввиду того, что истец не устранил недостатки, указанные в определении судьи об оставлении иска без движения, исковое заявление подлежит возвращению на основании п. 2 ст. 136 ГПК РФ. На основании изложенного, руководствуясь ст. ст. 135, 136, 224-225 ГПК РФ, суд ОПРЕДЕЛИЛ: Возвратить исковое заявление к ""Достойное Будущее"" о восстановлении срока для обращения правопреемника по договору (заявлению) с заявлением о выплате средств пенсионных накоплений. Возвращение искового заявления не препятствует повторному обращению истца в суд с иском к тому же ответчику,"
d_0216234592,"УСТАНОВИЛА: обратилась в суд с иском к АО «НПФ «Будущее» о признании незаконным решения, обязании назначить накопительную пенсию, взыскании процентов за пользование чужими денежными средствами за период с по в размере сумма, судебных расходов по оплате юридических услуг в размере сумма, по уплате государственной пошлины в размере сумма В обоснование заявленных требований истец указал, что он обратился к ответчику с заявлением о назначении накопительной пенсии, в связи с тем, что имел необходимый страховой стаж работы и право для назначения накопительной пенсии, что подтвердило Отделение Фонда пенсионного и социального страхования Российской Федерации по Архангельской области и НАО. Вместе с тем, ответчик отказал истцу в назначении накопительной пенсии. С данным решением истец не согласен, что и послужило поводом для обращения истца в суд с данным исковым заявлением. Истец в судебное заседание суда первой инстанции не явился, о месте и времени рассмотрения дела"
d_022be65cc0,"УСТАНОВИЛ: В Мещанский районный суд города Москвы поступило исковое заявление к АО «НПФ «БУДУЩЕЕ» о восстановлении пропущенного срока для обращения с заявлением о выплате средств пенсионных накоплений, учтенных на пенсионном счете накопительной пенсии умершего застрахованного лица. Согласно ч. 2 ст. 131 ГПК РФ в исковом заявлении должны быть указаны: 1) наименование суда, в который подается заявление; 2) сведения об истце: для гражданина - фамилия, имя, отчество (при наличии), дата и место рождения, место жительства или место пребывания, один из идентификаторов (страховой номер индивидуального лицевого счета, идентификационный номер налогоплательщика, серия и номер документа, удостоверяющего личность, серия и номер водительского удостоверения); для организации - наименование, , идентификационный номер налогоплательщика; если заявление подается представителем, - также фамилия, имя, отчество (при наличии) или наименование представителя, для направления судебных повесток и"
d_02581bb831,"УСТАНОВИЛ: В Мещанский районный суд поступило исковое заявление к «БУДУЩЕЕ» о восстановлении пропущенного срока. Вместе с тем, указанное исковое заявление не может быть принято к производству суда. Согласно пункту 4 части 1 статьи 135 ГПК РФ, суд возвращает исковое заявление в случае, если исковое заявление не подписано или исковое заявление подписано и подано лицом, не имеющим полномочий на его подписание и предъявление в суд. Между тем, исковое заявление не подписано истцом, в связи с чем, подлежит возвращению заявителю. На основании изложенного, руководствуясь положениями статьи 135 ГПК РФ, ОПРЕДЕЛИЛ: Исковое заявление к «БУДУЩЕЕ» о восстановлении пропущенного срока – возвратить заявителю с приложенными к нему документами. Возвращение искового заявления не препятствует повторному обращению истца в суд с иском к тому же ответчику, о том же предмете и по тем же основаниям, если истцом будет устранено допущенное нарушение. На определение может быть подана час"
d_031bb856af,"Иркутский районный суд Иркутской области А А А Обычная версия сайта развернуть 664047, Иркутская обл., г. Иркутск, ул. Байкальская, д. 30 Тел.: (3952) 20-84-79, 20-96-06 (ф.) irkutsky.irk@sudrf.ru Иркутский районный суд Иркутской области 664047, Иркутская обл., г. Иркутск, ул. Байкальская, д. 30 Тел.: (3952) 20-84-79, 20-96-06 (ф.) irkutsky.irk@sudrf.ru Закрыть Мобильная версия Главная Карта сайта Судебное делопроизводство Территориальная подсудность Калькулятор госпошлины Главная Подача процессуальных документов в электронном виде О СУДЕ ТЕРРИТОРИАЛЬНАЯ ПОДСУДНОСТЬ СУДЕЙСКОЕ СООБЩЕСТВО НОРМАТИВНЫЕ АКТЫ ДОКУМЕНТЫ СУДА СУДЕБНОЕ ДЕЛОПРОИЗВОДСТВО СПРАВОЧНАЯ ИНФОРМАЦИЯ КАЛЬКУЛЯТОР ГОСПОШЛИНЫ ПРЕСС-СЛУЖБА УПРАВЛЕНИЕ СУДЕБНОГО ДЕПАРТАМЕНТА СУДЫ СУБЪЕКТА РФ МУНИЦИПАЛЬНЫЕ ОРГАНЫ ВЛАСТИ ВАКАНСИИ ПРОТИВОДЕЙСТВИЕ КОРРУПЦИИ ОБРАЩЕНИЯ ГРАЖДАН ВНЕПРОЦЕССУАЛЬНЫЕ ОБРАЩЕНИЯ Карта сайта ВЕРСИЯ ДЛЯ СЛАБОВИДЯЩИХ Подача процессуальных документов в электронном виде О СУДЕ СУДЕЙСКОЕ СООБЩЕСТВО НОРМАТИВНЫЕ АК"
d_039b73af8a,"УСТАНОВИЛ: В Мещанский районный суд поступило настоящее исковое заявление. Указанное исковое заявление определением судьи оставлено без движения, по мотивам, приведенным в данном определении, до 29 декабря 2024 года. Ввиду того, что истец не устранил недостатки, указанные в определении судьи об оставлении иска без движения, исковое заявление подлежит возвращению на основании ч.3 ст. 136 ГПК РФ. На основании изложенного, и, руководствуясь ст. 135 ГПК РФ, судья ОПРЕДЕЛИЛ: Возвратить исковое заявление к «Достойное Будущее» о восстановлении срока. Возвращение искового заявления не препятствует повторному обращению истца в суд с иском. На определение может быть подана частная жалоба в Московский городской суд через Мещанский районный суд в течение пятнадцати дней. Судья фио Направляется копия определения суда по результатам рассмотрения искового заявления с приложением. Судья фио"
d_03abd95c40,"УСТАНОВИЛ: В Мещанский районный суд города Москвы поступило настоящее исковое заявление. Указанное заявление подлежит оставлению без движения, как поданное с нарушением требований ст. 131, 132 ГПК РФ, по следующим основаниям. В настоящем случае в суд поступило только исковое заявление, приложение к иску не поступило. Тем самым, истцу следует представить документы, указанные в приложении к иску. Согласно ст. 136 ГПК РФ, судья, установив, что исковое заявление подано в суд без соблюдения требований, установленных в статьях 131 и 132 настоящего кодекса, выносит определение об оставлении заявления без движения, о чем извещает лицо, подавшее заявление, и предоставляет ему разумный срок для исправления недостатков. На основании изложенного, и, руководствуясь ст. 136 ГПК РФ, судья, ОПРЕДЕЛИЛ: Исковое заявление оставить без движения, предложив истцу устранить указанные в определении недостатки в срок до 28 февраля 2025 года. Разъяснить заявителю, что в случае, если недостатки не будут устране"
d_03bee6a656,"УСТАНОВИЛ: В Мещанский районный суд города Москвы поступило исковое заявление Государственного автономного учреждения социального обслуживания Свердловской области «Центр социальной помощи семье и детям «Каравелла» Верх-Исетского района города Екатеринбурга», действующего в интересах несовершеннолетней к АО «НПФ «Будущее», АО «НПФ «Эволюция» о восстановлении срока для принятия наследства. Указанное заявление подлежит оставлению без движения, как поданное с нарушением требований ст. ст. 131, 132 ГПК РФ по следующим основаниям. В силу требований ст. 132 ГПК РФ к исковому заявлению прилагаются, в числе прочего, уведомление о вручении или иные документы, подтверждающие направление другим лицам, участвующим в деле, копий искового заявления и приложенных к нему документов, которые у других лиц, участвующих в деле, отсутствуют, в том числе в случае подачи в суд искового заявления и приложенных к нему документов посредством заполнения формы, размещенной на официальном сайте соответствующег"
d_03f530b40a,"УСТАНОВИЛ: В Мещанский районный суд города Москвы поступило исковое заявление к АО «НПФ «Будущее» о восстановлении срока для обращения с заявлением о выплате средств пенсионных накоплений, учтенных на пенсионном счете накопительной пенсии умершего застрахованного лица. Указанное заявление подлежит оставлению без движения, как поданное с нарушением требований ст. ст. 131, 132 ГПК РФ по следующим основаниям. Согласно статье 132 ГПК РФ, к исковому заявлению прилагаются, в частности, документы, подтверждающие обстоятельства, на которых истец основывает свои требования, копии этих документов для ответчиков и третьих лиц, если копии у них отсутствуют. Вместе с тем, заявление указанным выше нормам не соответствует: к заявлению не приложены документы, подтверждающие обстоятельства, на которые ссылается заявитель в обоснование своих требований, в частности, свидетельство о рождении умершего Согласно ст. 136 ГПК РФ судья, установив, что исковое заявление подано в суд без соблюдения требо"
d_042855d664,"УСТАНОВИЛ: В Мещанский районный суд поступило исковое заявление к «Будущее» о восстановлении срока для обращения правопреемника по договору (заявлению) с заявлением о выплате средств пенсионных накоплений. Указанное исковое заявление определением от года оставлено без движения, по мотивам, приведенным в данном определении, истцу предложено исправить недостатки в срок до года. Ввиду того, что истец не устранил недостатки, указанные в определении судьи об оставлении иска без движения, исковое заявление подлежит возвращению на основании п. 2 ст. 136 ГПК РФ. На основании изложенного, руководствуясь ст. ст. 135, 136, 224-225 ГПК РФ, суд ОПРЕДЕЛИЛ: Возвратить исковое заявление к «Будущее» о восстановлении срока для обращения правопреемника по договору (заявлению) с заявлением о выплате средств пенсионных накоплений. Возвращение искового заявления не препятствует повторному обращению истца в суд с иском к тому же ответчику, о том же предмете и"
d_0489a2a811,"УСТАНОВИЛ: В Мещанский районный суд поступило исковое заявление к «Будущее» о восстановлении срока для обращения с заявлением о выплате средств пенсионных накоплений умершего застрахованного лица. Вместе с тем, указанное исковое заявление не может быть принято к производству суда. Пунктом 4 ч.1 ст.135 ГПК РФ предусмотрено, что судья возвращает исковое заявление в случае, если исковое заявление не подписано или исковое заявление подписано и подано лицом, не имеющим полномочий на его подписание и предъявление в суд. Как усматривается из заявления, оно не подписано истцом, При таких обстоятельствах, данное исковое заявление подлежит возврату. Данное обстоятельство не препятствует повторной подаче подписанного надлежащим лицом заявления. На основании изложенного, руководствуясь положениями статьи 135 ГПК РФ, суд ОПРЕДЕЛИЛ: Исковое заявление к «Будущее» о восстановлении срока для обращения с заявлением о выплате средств пенсионных накоплений умершего застрахованно"
d_048a9fede2,"УСТАНОВИЛ: В Мещанский районный суд поступило исковое заявление фио к «Открытие» о восстановлении срока для обращения правопреемника по договору (заявлению) с заявлением о выплате средств пенсионных накоплений. Указанное исковое заявление определением от года оставлено без движения, по мотивам, приведенным в данном определении, истцу предложено исправить недостатки в срок до года. Ввиду того, что истец не устранил недостатки, указанные в определении судьи об оставлении иска без движения, исковое заявление подлежит возвращению на основании п. 2 ст. 136 ГПК РФ. На основании изложенного, руководствуясь ст. ст. 135, 136, 224-225 ГПК РФ, суд ОПРЕДЕЛИЛ: Возвратить исковое заявление фио к «Открытие» о восстановлении срока для обращения правопреемника по договору (заявлению) с заявлением о выплате средств пенсионных накоплений. Возвращение искового заявления не препятствует повторному обращению истца в суд с иском к тому же ответчику, о том же предмете"
d_04962ca9ed,"Судья в первой инстанции УИД 77RS0016-02-2025-011665-61 Номер дела в первой инстанции № М-1437/2025 /2025 АПЕЛЛЯЦИОННОЕ ОПРЕДЕЛЕНИЕ 21 ноября 2025 года город Москва Судья судебной коллегии по гражданским делам Московского городского суда , при ведении протокола судебного заседания помощником судьи ФИОрассмотрев в открытом судебном заседании дело по частной жалобе на определение Мещанского районного суда города Москвы от 12 мая 2025 года, которым постановлено: Возвратить исковое заявление к АО «НПФ Будущее» о восстановлении срока. Разъяснить, что возвращение искового заявления не препятствует повторному обращению истца в суд с иском к тому же ответчику, о том же предмете и по тем же основаниям, если истцом будет устранено допущенное нарушение.; у с т а н о в и л: обратилась в суд с исковым заявлением к АО «НПФ Будущее» о восстановлении срока. Определением Мещанского районного суда от исковое заявление оставлено без движения, представлен срок"
d_04ba7f2e18,"УСТАНОВИЛ: Истец обратилась в суд с иском к АО «НПФ «БУДУЩЕЕ» о признании договора об обязательном пенсионном страховании от *** апреля *** года № *** недействительным; о применении последствий недействительности ничтожной сделки путем обязания ответчика передать средства пенсионных накоплений в Пенсионный фонд РФ не позднее 30 дней со дня получения решения суда о признании договора об обязательном пенсионном страховании недействительным, о чем известить ГУ – ОПФР по городу Москве и Московской области в этот же срок для внесения соответствующих изменений в единый реестр застрахованных лиц; о взыскании расходов истца по оплате государственной пошлины; компенсации морального вреда в размере *** руб. и штрафа в размере 50 % от присужденной судом суммы. Истица также просила взыскать с ответчика в свою пользу понесенные в связи с рассмотрением настоящего дела расходы по оплате нотариальных услуг в размере *** руб., расходы по оплате экспертизы в размере *** руб. Свои исковые требования"
d_056bec6bff,"УСТАНОВИЛ: В Мещанский районный суд поступило исковое заявление к «БУДУЩЕЕ» о восстановлении пропущенного срока. Вместе с тем, указанное исковое заявление не может быть принято к производству суда. Согласно пункту 4 части 1 статьи 135 ГПК РФ, суд возвращает исковое заявление в случае, если исковое заявление не подписано или исковое заявление подписано и подано лицом, не имеющим полномочий на его подписание и предъявление в суд. Между тем, исковое заявление не подписано истцом, в связи с чем, подлежит возвращению заявителю. На основании изложенного, руководствуясь положениями статьи 135 ГПК РФ, ОПРЕДЕЛИЛ: Исковое заявление к «БУДУЩЕЕ» о восстановлении пропущенного срока – возвратить заявителю с приложенными к нему документами. Возвращение искового заявления не препятствует повторному обращению истца в суд с иском к тому же ответчику, о том же предмете и по тем же основаниям, если истцом будет устранено допущенное нарушение. На определение может быть подана час"
d_0570687d63,"Мещанского районного суда города Москвы , рассмотрев исковое заявление / заявление к ОА НПФ БУДУЩЕЕ о восстановлении срока для обращения за выплатой пенсионных накоплений, установил: настоящее заявление подлежит оставлению без движения как не соответствующее требованиям ст.ст. 131 и 132 ГПК РФ в силу следующего. В нарушение ст. 132 ГПК РФ к исковому заявлению не представлены: документы, подтверждающие обстоятельства, на которых истец основывает свои требования, в частности, к заявлению не представлены документы, подтверждающие родство с умершим Указанные обстоятельства являются основанием для оставления иска без движения. Поэтому, руководствуясь ст. 136 ГПК РФ, судья определил: исковое заявление к ОА НПФ БУДУЩЕЕ о восстановлении срока для обращения за 31 марта 2026 года, предложив заявителю в указанный срок устранить недостатки, указанные в мотивировочной части настоящего определения. Разъяснить заявителю, что в случае неисполнения определения суда заявление будет счит"
d_06ec9a20c4,"УСТАНОВИЛ: ФИО2 .... , действующий в защиту прав и законных интересов ФИО3 , обратился в суд с исковым заявлением к АО НПФ Будущее, в котором просит признать договор обязательного пенсионного страхования, заключенный между ФИО3 , **/**/**** года рождения, и АО «Негосударственный пенсионный фонд «Будущее» недействительным; обязать АО «Негосударственный пенсионный фонд «Будущее» в срок не позднее 30 дней со дня получения решения суда передать в ПФР средства пенсионных накоплений в сумме 57 152,47 руб.; запретить обработку и хранение персональных данных ФИО3 В обоснование заявленных исковых требований ФИО2 указал, что в прокуратуру ФИО4 .... с заявлением о нарушении пенсионных прав обратилась ФИО3 , **/**/**** г.р..Установлено, что ее пенсионные накопления были незаконно переведены из государственного Пенсионного Фонда в АО «НПФ «БУДУЩЕЕ». При этом средства пенсионных накоплений ФИО3 переведены в АО «НПФ «БУДУЩЕЕ» **/**/**** на основании заявления о досрочном переходе в негосударственный"
d_06f5a6824a,"УСТАНОВИЛ: Надымский городской прокурор обратился в суд с иском к АО НПФ «Будущее» о признании договора недействительным. Вместе с тем, вышеуказанное заявление не соответствует требованиям статей 132 Гражданского процессуального кодекса РФ, в связи с чем, не может быть принято к производству суда. Согласно пункту 6 статьи 132 ГПК РФ (в редакции по состоянию на день подачи искового заявления) к исковому заявлению прилагаются, в частности, уведомление о вручении или иные документы, подтверждающие направление другим лицам, участвующим в деле, копий искового заявления и приложенных к нему документов, которые у других лиц, участвующих в деле, отсутствуют, в том числе в случае подачи в суд искового заявления и приложенных к нему документов посредством заполнения формы, размещенной на официальном сайте соответствующего суда в информационно-телекоммуникационной сети «Интернет». Как усматривается из представленного материала, оно подлежит оставлению без движения, поскольку подано с нарушением т"
d_083198d02d,"УСТАНОВИЛ: Истец прокурор .... , действуя в защиту прав и законных интересов ФИО1 , обратился в суд с исковым заявлением к АО «Негосударственный пенсионный фонд «Будущее», в котором просит признать недействительным договор об обязательном пенсионном страховании № от **/**/**** , заключенный между АО «Негосударственный пенсионный фонд «Будущее» и ФИО1 ; обязать АО «НПФ «Будущее» в срок не позднее 30 дней со дня получения решения суда передать в ПФР средства пенсионных накоплений, проценты за неправомерное пользование средствами пенсионных накоплений, определяемые в соответствии со статьей 395 Гражданского кодекса Российской Федерации, и средства, направленные на формирование собственных средств фонда, сформированные за счет дохода от инвестированного лица, в порядке, предусмотренном пунктом 5.3 статьи 36.6 Федерального закона от **/**/**** № 75-ФЗ «О негосударственных пенсионных фондах»; обязать АО «Негосударственный пенсионный фонд «Будущее» прекратить незаконную обработку персональных"
d_08739b5920,"УСТАНОВИЛ: В Мещанский районный суд поступило исковое заявление к «БУДУЩЕЕ» о восстановлении пропущенного срока. Вместе с тем, указанное исковое заявление не может быть принято к производству суда. Согласно пункту 4 части 1 статьи 135 ГПК РФ, суд возвращает исковое заявление в случае, если исковое заявление не подписано или исковое заявление подписано и подано лицом, не имеющим полномочий на его подписание и предъявление в суд. Между тем, исковое заявление не подписано истцом, в связи с чем, подлежит возвращению заявителю. На основании изложенного, руководствуясь положениями статьи 135 ГПК РФ, ОПРЕДЕЛИЛ: Исковое заявление к «БУДУЩЕЕ» о восстановлении пропущенного срока – возвратить заявителю с приложенными к нему документами. Возвращение искового заявления не препятствует повторному обращению истца в суд с иском к тому же ответчику, о том же предмете и по тем же основаниям, если истцом будет устранено допущенное нарушение. На определение может быть подана час"
d_08821d81f8,"Определение город Москва 01 марта 2022 года Судья Мещанского районного суда города Москвы , ознакомившись с исковым заявлением к АО «НПФ «Будущее» о восстановлении пропущенного срока для обращения правопреемника с заявлением о выплате средств пенсионных накоплений, учтенных на пенсионном счете накопительной пенсии умершего застрахованного лица, установил: Согласно ч. 4 ст. 131 ГПК РФ исковое заявление подписывается истцом или его представителем при наличии у него полномочий на подписание заявления и предъявление его в суд. Как следует из искового заявления, поданного в Мещанский районный суд города Москвы, на иске отсутствует подпись истца. На основании изложенного, руководствуясь ст. ст. 135, 224, 225 ГПК РФ, судья определил: Возвратить исковое заявление к АО «НПФ «Будущее» о восстановлении пропущенного срока для обращения правопреемника с заявлением о выплате средств пенсионных накоплений, учтенных на пенсионном счете накопительной пенсии умершего застрахованного лица -"
d_089dba84fa,"УСТАНОВИЛ: Истец фио обратилась в суд с иском к ответчику «Достойное Будущее» о восстановлении срока для обращения за выплатой средств пенсионных накоплений. Определением Мещанского районного суда от 21 ноября 2022 года указанное исковое заявление было возвращено истцу в порядке ст. 135 ГПК РФ, в связи с тем, что исковое заявление не подписано надлежащим образом. Не согласившись с указанным судебным актом, фио подала на него частную жалобу, в которой ставит вопрос о его отмене, как незаконного и необоснованного, ссылаясь на доводы, изложенные в ней. В соответствии с ч. 3,4 ст. 333 ГПК РФ, п. 70 Постановления Пленума Верховного Суда РФ от № 16 ""О применении судами норм гражданского процессуального законодательства, регламентирующих производство в суде апелляционной инстанции"", частная жалоба рассмотрена единолично судьей без извещения лиц, участвующих в деле. В соответствии со ст. 47 Конституции РФ никто не может быть лишен права на рассмотрение его дела в том суд"
d_08a83ffb98,"РЕШЕНИЕ ИМЕНЕМ РОССИЙСКОЙ ФЕДЕРАЦИИ 29 июня 2021 года г. Иркутск Иркутский районный суд Иркутской области в составе председательствующего судьи ФИОпри секретаре судебного заседания , с участием истца , представителя третьего лица ГУОПФР по Иркутской области , рассмотрев в открытом судебном заседании гражданское /2021 по иску прокурора Иркутского района в интересах Гайдуковой ТЛ к акционерному обществу «Негосударственный пенсионный фонд «Будущее» о признании недействительным договора обязательного пенсионного страхования, обязании передать средства пенсионных накоплений, запрете обработки и хранения персональных данных, с привлечением к участию в деле в качестве третьего лица, не заявляющего самостоятельных требований относительно предмета спора, на стороне истца государственного учреждения - Отделение Пенсионного фонда Российской Федерации по Иркутской области, установил: Прокурор Иркутского района обратился в суд в интересах ГайдуковойТ.Л. с иском, измененным в"
d_08b9fcee04,"УСТАНОВИЛ: В Мещанский районный суд поступило исковое заявление фио, действующей в интересах несовершеннолетнего фио, к «Будущее» о восстановлении срока для подачи заявления о выплате средств пенсионных накоплений. Изучив настоящее заявление, суд приходит к следующим выводам. Согласно ч. 4 ст. ст. 131 ГПК РФ исковое заявление подписывается истцом или его представителем при наличии у него полномочий на подписание заявления и предъявление его в суд. Исковое заявление, подаваемое в электронном виде, содержащее ходатайство об обеспечении иска, должно быть подписано усиленной квалифицированной электронной подписью. В соответствии с п. 4 ч. 1 ст. 135 ГПК РФ судья возвращает исковое заявление в случае, если исковое заявление не подписано или исковое заявление подписано и подано лицом, не имеющим полномочий на его подписание и предъявление в суд. В настоящем случае в суд поступило исковое заявление, на котором отсутствует подпись истца. На основании изложенного, руководствуясь ст."
d_098f341e47,"УСТАНОВИЛ: В Мещанский районный суд г. Москвы поступило исковое заявление к АО НПФ «БУДУЩЕЕ» о восстановлении пропущенного срока для обращения с заявлением на получение средств пенсионных накоплений. Изучив настоящее заявление, суд приходит к следующим выводам. Согласно ч. 4 ст. ст. 131 ГПК РФ исковое заявление подписывается истцом или его представителем при наличии у него полномочий на подписание заявления и предъявление его в суд. Исковое заявление, подаваемое в электронном виде, содержащее ходатайство об обеспечении иска, должно быть подписано усиленной квалифицированной электронной подписью. В соответствии с п. 4 ч. 1 ст. 135 ГПК РФ судья возвращает исковое заявление в случае, если исковое заявление не подписано или исковое заявление подписано и подано лицом, не имеющим полномочий на его подписание и предъявление в суд. В настоящем случае в суд поступило исковое заявление, на котором отсутствует подпись истца. На основании изложенного, руководствуясь ст. ст. 135, 224-225 ГПК РФ"
d_0a5b46cf04,"УСТАНОВИЛ: Истец обратился в суд с исковым заявлением к «Будущее» о восстановлении срока для обращения с заявлением о выплате средств пенсионных накоплений умершего застрахованного лица. Однако поданное исковое заявление не соответствует требованиям ст. 131, 132 ГПК РФ, в связи с чем, имеются основания для оставления иска заявления без движения, а именно: Согласно пункту 6 статьи 132 ГПК РФ к исковому заявлению прилагаются, в частности, уведомление о вручении или иные документы, подтверждающие направление другим лицам, участвующим в деле, копий искового заявления и приложенных к нему документов, которые у других лиц, участвующих в деле, отсутствуют, в том числе в случае подачи в суд искового заявления и приложенных к нему документов посредством заполнения формы, размещенной на официальном сайте соответствующего суда в информационно-телекоммуникационной сети «Интернет». Между тем, к иску не приложены надлежащие документы, подтверждающие уведомление о вручении или иные документы, п"
d_0a9646b4c2,"УСТАНОВИЛ: В Мещанский районный суд города Москвы поступило исковое заявление к АО «НПФ «Будущее» о восстановлении пропущенного срока на обращение за выплатой средств пенсионных накоплений умершего застрахованного лица. Указанное заявление подлежит оставлению без движения, как поданное с нарушением требований ст. ст. 131, 132 ГПК РФ по следующим основаниям. В силу требований ст. 132 ГПК РФ к исковому заявлению прилагаются, в числе прочего, уведомление о вручении или иные документы, подтверждающие направление другим лицам, участвующим в деле, копий искового заявления и приложенных к нему документов, которые у других лиц, участвующих в деле, отсутствуют, в том числе в случае подачи в суд искового заявления и приложенных к нему документов посредством заполнения формы, размещенной на официальном сайте соответствующего суда в информационно-телекоммуникационной сети ""Интернет"". К настоящему иску не приложены сведения о направлении копии искового заявления и иных требуемых документов в ад"
d_0a976dd018,"УСТАНОВИЛ: Мещанской межрайонной прокурор в интересах обратился в суд с иском к «Будущее», в котором просил признать договор об обязательном пенсионном страховании с Пенсионный Фонд «Будущее», на основании которого переведены средства пенсионных накоплений истца, недействительным; обязать ответчика передать в Пенсионный фонд РФ по обязательному пенсионному страхованию средства пенсионных накоплений истца, проценты за неправомерное пользование средствами пенсионных накоплений, определяемые в соответствии со статьей 395 Гражданского кодекса Российской Федерации, и средства, направленные на формирование собственных средств ответчика, сформированные за счет дохода от инвестирования средств пенсионных накоплений истца. Требования мотивированы тем, что истцом никаких заявлений застрахованного лица о переходе в другие Негосударственные пенсионные фонды и Пенсионный Фонд РФ не подавалось, поручений удостоверяющему центру на выпуск электронной подписи для подписания та"
d_0c4911c832,"УСТАНОВИЛ: И.о. прокурора г. Ноябрьска-прокуратуры Ямало-Ненецкого автономного округа обратился в суд с иском в интересах к АО НПФ «Будущее» о признании договора недействительным. Вместе с тем, вышеуказанное заявление не соответствует требованиям статьи 131 Гражданского процессуального кодекса РФ, в связи с чем, не может быть принято к производству суда. Согласно пункту 6 статьи 132 ГПК РФ (в редакции по состоянию на день подачи искового заявления) к исковому заявлению прилагаются, в частности, уведомление о вручении или иные документы, подтверждающие направление другим лицам, участвующим в деле, копий искового заявления и приложенных к нему документов, которые у других лиц, участвующих в деле, отсутствуют, в том числе в случае подачи в суд искового заявления и приложенных к нему документов посредством заполнения формы, размещенной на официальном сайте соответствующего суда в информационно-телекоммуникационной сети «Интернет». Как усматривается из представленного материала, оно под"
d_0e04b72ff5,"УСТАНОВИЛ: В Мещанский районный суд города Москвы поступило исковое заявление к АО «НПФ «Достойное Будущее» о восстановлении срока для обращения с заявлением о выплате средств пенсионных накоплений умершего застрахованного лица. Согласно ч. 2 ст. 131 ГПК РФ в исковом заявлении должны быть указаны: 1) наименование суда, в который подается заявление; 2) сведения об истце: для гражданина - фамилия, имя, отчество (при наличии), дата и место рождения, место жительства или место пребывания, один из идентификаторов (страховой номер индивидуального лицевого счета, идентификационный номер налогоплательщика, серия и номер документа, удостоверяющего личность, серия и номер водительского удостоверения); для организации - наименование, , идентификационный номер налогоплательщика; если заявление подается представителем, - также фамилия, имя, отчество (при наличии) или наименование представителя, для направления судебных повесток и иных судебных извещений, один из идентификаторов предс"
d_0e189b18aa,"УСТАНОВИЛ: обратилась в суд с иском к АО «НПФ «Будущее» о признании недействительным договора об обязательном пенсионном страховании. В обоснование заявленных требований истец указывает, что является застрахованным лицом в системе обязательного пенсионного страхования, страховщиком истца был Пенсионный фонд РФ, однако, в истца поступило уведомление о переводе средств пенсионных накоплений истца в АО «НПФ БУДУЩЕЕ» ввиду заключения договора между истцом и АО «НПФ БУДУЩЕЕ». Однако, указывает истец, заявления о переходе, являющегося основанием для внесения изменений в Единый реестр застрахованных лиц, в Пенсионный фонд Российской Федерации, не подавала, как не давала поручений удостоверяющему центру либо его доверенным лицам на подачу заявления в форме электронного документа, подписанного электронной подписью, а также не давала поручения на создание электронной подписи, следовательно, договор обязательного пенсионного страхования, заключенный истцом с ответчиком, не мог вступить"
d_0ef309c085,"УСТАНОВИЛ: В Мещанский районный суд поступило исковое заявление , действующей в интересах несовершеннолетнего , к «Будущее» о восстановлении срока для подачи заявления о выплате средств пенсионных накоплений. Изучив настоящее заявление, суд приходит к следующим выводам. Согласно ч. 4 ст. ст. 131 ГПК РФ исковое заявление подписывается истцом или его представителем при наличии у него полномочий на подписание заявления и предъявление его в суд. Исковое заявление, подаваемое в электронном виде, содержащее ходатайство об обеспечении иска, должно быть подписано усиленной квалифицированной электронной подписью. В соответствии с п. 4 ч. 1 ст. 135 ГПК РФ судья возвращает исковое заявление в случае, если исковое заявление не подписано или исковое заявление подписано и подано лицом, не имеющим полномочий на его подписание и предъявление в суд. В настоящем случае в суд поступило исковое заявление, на котором отсутствует подпись истца. На основании изложенного, руководствуясь ст."
d_0ff39782be,"УСТАНОВИЛ: В Мещанский районный суд поступило исковое заявление к «Будущее» о восстановлении пропущенного срока для обращения с заявлением на получение средств пенсионных накоплений. Изучив настоящее заявление, суд приходит к следующим выводам. Согласно ч. 4 ст. ст. 131 ГПК РФ исковое заявление подписывается истцом или его представителем при наличии у него полномочий на подписание заявления и предъявление его в суд. Исковое заявление, подаваемое в электронном виде, содержащее ходатайство об обеспечении иска, должно быть подписано усиленной квалифицированной электронной подписью. В соответствии с п. 4 ч. 1 ст. 135 ГПК РФ судья возвращает исковое заявление в случае, если исковое заявление не подписано или исковое заявление подписано и подано лицом, не имеющим полномочий на его подписание и предъявление в суд. В настоящем случае в суд поступило исковое заявление, на котором отсутствует подпись истца. На основании изложенного, руководствуясь ст. ст. 135, 224-225 ГПК РФ, суд"
d_104c8f7c08,"УСТАНОВИЛ: В Мещанский районный суд г. Москвы поступило исковое заявление к АО «НПФ «БУДУЩЕЕ» о восстановлении срока для обращения правопреемника по закону с заявлением о выплате средств пенсионных накоплений. Указанное исковое заявление подлежит оставлению без движения, как поданное с нарушением требований ст.ст. 131,132 ГПК РФ, по следующим основаниям. В силу ст.131 ГПК РФ в исковом заявлении должны быть указаны: 1) наименование суда, в который подается заявление; 2) наименование истца, его место жительства или, если истцом является организация, ее , а также наименование представителя и его , если заявление подается представителем; 3) сведения об ответчике: для гражданина - фамилия, имя, отчество (при наличии) и место жительства, а также дата и место рождения, место работы (если они известны) и один из идентификаторов (страховой номер индивидуального лицевого счета, идентификационный номер налогоплательщика, серия и номер документа, удостоверяющего личность, основной го"
d_10a96e4ee5,"77RS0016-02-2026-001190-74 № М-649/2026 ОПРЕДЕЛЕНИЕ 20 февраля 2026 года судья Мещанского районного суда фио, рассмотрев на стадии принятия исковое заявление к Будущее о восстановлении срока для обращения за выплатой средств пенсионных накоплений, установил: истец обратился в суд с вышеуказанными требованиями к ответчику. Настоящее исковое заявление не может быть принято к производству суда в силу следующего. Согласно ст. 222 ГПК РФ суд оставляет заявление без рассмотрения в случае, если заявление подписано или подано лицом, не имеющим полномочий на его подписание или предъявление иска; Согласно ст. 17 ГПК РФ способность иметь гражданские права и нести обязанности (гражданская правоспособность) признается в равной мере за всеми гражданами. В соответствии ст. 21 ГПК РФ способность гражданина своими действиями приобретать и осуществлять гражданские права, создавать для себя гражданские обязанности и исполнять их (гражданская дееспособность) возникает в полном объеме"
d_10c30d1a6c,"О П Р Е Д Е Л Е Н И Е 01 августа 2024 года город Москва Судебная коллегия по гражданским делам Второго кассационного суда общей юрисдикции в составе председательствующего , судей , , рассмотрела в открытом судебном заседании гражданское дело по иску исполняющего обязанности прокурора <> в интересах ФИО1 к АО НПФ «Будущее», ГУ - Пенсионный фонд РФ о признании недействительным договора об обязательном пенсионном страховании (номер дела, присвоенный судом первой инстанции 2-10201/2021), по кассационной жалобе АО «НПФ «БУДУЩЕЕ» на апелляционное определение судебной коллегии по гражданским делам Московского городского суда от . Заслушав доклад судьи Второго кассационного суда общей юрисдикции , объяснения представителей АО «НПФ «БУДУЩЕЕ» ФИО8 (по доверенности), ФИО9 (по доверенности), Социального фонда России ФИО10 (по доверенности), поддержавших доводы кассационной жалобы, прокурора отдела управления Главного управления Генеральной прокуратуры Российской Федераци"
d_11c4c9377f,"УСТАНОВИЛ: В Мещанский районный суд города Москвы поступило исковое заявление к АО «НПФ «БУДУЩЕЕ» о восстановлении пропущенного срока для обращения правопреемника с заявлением о выплате средств пенсионных накоплений, учтенных на пенсионном счете накопительной пенсии умершего застрахованного лица. В силу положений ст. 132 ГПК РФ к исковому заявлению, в числе прочего, прилагается документ, подтверждающий уплату государственной пошлины в установленных порядке и размере или право на получение льготы по уплате государственной пошлины, либо ходатайство о предоставлении отсрочки, рассрочки, об уменьшении размера государственной пошлины или об освобождении от уплаты государственной пошлины; уведомление о вручении или иные документы, подтверждающие направление другим лицам, участвующим в деле, копий искового заявления и приложенных к нему документов, которые у других лиц, участвующих в деле, отсутствуют, в том числе в случае подачи в суд искового заявления и приложенных к нему документов в"
d_12205b9c7f,"УСТАНОВИЛ: В Мещанский районный суд г. Москвы поступило исковое заявление к АО НПФ «Будущее» о восстановлении срока для обращения с заявлением о выплате средств пенсионных накоплений умершего застрахованного лица. Вместе с тем, вышеуказанное заявление не соответствует требованиям статей 132 Гражданского процессуального кодекса РФ, в связи с чем, не может быть принято к производству суда. Согласно пункту 6 статьи 132 ГПК РФ (в редакции по состоянию на день подачи искового заявления) к исковому заявлению прилагаются, в частности, уведомление о вручении или иные документы, подтверждающие направление другим лицам, участвующим в деле, копий искового заявления и приложенных к нему документов, которые у других лиц, участвующих в деле, отсутствуют, в том числе в случае подачи в суд искового заявления и приложенных к нему документов посредством заполнения формы, размещенной на официальном сайте соответствующего суда в информационно-телекоммуникационной сети «Интернет». Как усматривается из"
d_1227f2b2e3,"УСТАНОВИЛ: В Мещанский районный суд поступило исковое заявление к «Будущее» о восстановлении срока для обращения с заявлением о выплате средств пенсионных накоплений умершего застрахованного лица. Согласно ч. 2 ст. 131 ГПК РФ в исковом заявлении должны быть указаны: 1) наименование суда, в который подается заявление; 2) сведения об истце: для гражданина - фамилия, имя, отчество (при наличии), паспортные данные, место жительства или место пребывания, один из идентификаторов (страховой номер индивидуального лицевого счета, идентификационный номер налогоплательщика, серия и номер документа, удостоверяющего личность, серия и номер водительского удостоверения); для организации - наименование, , идентификационный номер налогоплательщика; если заявление подается представителем, - также фамилия, имя, отчество (при наличии) или наименование представителя, для направления судебных повесток и иных судебных извещений, один из идентификаторов представителя (для гражданина"
d_1306644842,"УСТАНОВИЛ: обратилась в суд с иском к АО НПФ «Будущее» о восстановлении пропущенного срока для обращения с заявлением о выплате средств пенсионных накоплений. Вместе с тем, вышеуказанное заявление не соответствует требованиям статей 132 Гражданского процессуального кодекса РФ, в связи с чем, не может быть принято к производству суда. Согласно пункту 6 статьи 132 ГПК РФ (в редакции по состоянию на день подачи искового заявления) к исковому заявлению прилагаются, в частности, уведомление о вручении или иные документы, подтверждающие направление другим лицам, участвующим в деле, копий искового заявления и приложенных к нему документов, которые у других лиц, участвующих в деле, отсутствуют, в том числе в случае подачи в суд искового заявления и приложенных к нему документов посредством заполнения формы, размещенной на официальном сайте соответствующего суда в информационно-телекоммуникационной сети «Интернет». Как усматривается из представленного материала, оно подлежит оставлению без"
d_133dd38ad0,"УСТАНОВИЛ: В Мещанский районный суд г. Москвы поступило исковое заявление к АО НПФ «Будущее» о восстановлении срока для обращения с заявлением о выплате средств пенсионных накоплений умершего застрахованного лица. Вместе с тем, вышеуказанное заявление не соответствует требованиям статей 132 Гражданского процессуального кодекса РФ, в связи с чем, не может быть принято к производству суда. Согласно пункту 6 статьи 132 ГПК РФ (в редакции по состоянию на день подачи искового заявления) к исковому заявлению прилагаются, в частности, уведомление о вручении или иные документы, подтверждающие направление другим лицам, участвующим в деле, копий искового заявления и приложенных к нему документов, которые у других лиц, участвующих в деле, отсутствуют, в том числе в случае подачи в суд искового заявления и приложенных к нему документов посредством заполнения формы, размещенной на официальном сайте соответствующего суда в информационно-телекоммуникационной сети «Интернет». Как усматривается из"
d_139cbe76a6,"УСТАНОВИЛ: В Мещанский районный суд поступило исковое заявление к «Будущее» о восстановлении срока для обращения правопреемника по договору (заявлению) с заявлением о выплате средств пенсионных накоплений. Указанное исковое заявление определением от года оставлено без движения, по мотивам, приведенным в данном определении, истцу предложено исправить недостатки в срок до года. Ввиду того, что истец не устранил недостатки, указанные в определении судьи об оставлении иска без движения, исковое заявление подлежит возвращению на основании п. 2 ст. 136 ГПК РФ. На основании изложенного, руководствуясь ст. ст. 135, 136, 224-225 ГПК РФ, суд ОПРЕДЕЛИЛ: Возвратить исковое заявление к «Будущее» о восстановлении срока для обращения правопреемника по договору (заявлению) с заявлением о выплате средств пенсионных накоплений. Возвращение искового заявления не препятствует повторному обращению истца в суд с иском к тому же ответчику, о том же предмете и"
d_1634c68cec,"УСТАНОВИЛ: В Мещанский районный суд поступило исковое заявление Пудовой Ольги Ильиничны к «Достойное Будущее» о восстановлении срока для обращения с заявлением о выплате средств пенсионных накоплений умершего застрахованного лица. Вместе с тем, указанное исковое заявление не может быть принято к производству суда. Пунктом 4 ч.1 ст.135 ГПК РФ предусмотрено, что судья возвращает исковое заявление в случае, если исковое заявление не подписано или исковое заявление подписано и подано лицом, не имеющим полномочий на его подписание и предъявление в суд. Как усматривается из заявления, оно не подписано истцом, При таких обстоятельствах, данное исковое заявление подлежит возврату. Данное обстоятельство не препятствует повторной подаче подписанного надлежащим лицом заявления. На основании изложенного, руководствуясь положениями статьи 135 ГПК РФ, суд ОПРЕДЕЛИЛ: Исковое заявление Пудовой Ольги Ильиничны к «Достойное Будущее» о восстановлении срока для обращения с заявлением о"
d_164ac15d17,"Судья суда первой инстанции: фио Гр. дело в суде апелляционной инстанции № 33-60976/2025 Гр. дело в суде первой инстанции № 2-10389/2024 УИД 77RS0016-02-2025-013453-32 АПЕЛЛЯЦИОННОЕ ОПРЕДЕЛЕНИЕ 09 декабря 2025 года город Москва Судебная коллегия по гражданским делам Московского городского суда в составе председательствующего и судей , фио, при ведении протокола помощником судьи , заслушав в открытом судебном заседании по докладу судьи фио дело по апелляционной жалобе на решение Мещанского районного суда города Москвы от 12 августа 2025 года, которым постановлено: В удовлетворении исковых требований к АО НПФ «БУДУЩЕЕ» о восстановлении пропущенного срока для обращения с заявлением о выплате средств пенсионных накоплений, учтенных на пенсионном счете накопительной пенсии умершего застрахованного лица – отказать; У С Т А Н О В И Л А: фио обратилась в суд с иском к АО НПФ «БУДУЩЕЕ» о восстановлении пропущенного срока для обращения с заявлением о выплате средств пенсионны"
d_168537aacb,"УСТАНОВИЛ: Истец прокурор .... , действуя в защиту прав и законных интересов ФИО1 , в обоснование исковых требований истец указал, что в прокуратуру .... с заявлением о нарушении пенсионных прав обратилась ФИО1 0.Ю., которая является застрахованным лицом в системе обязательного пенсионного страхования. До **/**/**** страховщиком по обязательному пенсионному страхованию являлся Пенсионный фонд Российской Федерации, впоследствии ФИО1 переведена в АО «Негосударственный пенсионный фонд «Будущее». При этом, каких-либо заявлений о переходе в АО «НПФ «Будущее» ФИО1 O.Ю. не подавала и не подписывала, соответствующий договор № от не заключала, нотариальных доверенностей не давала. ФИО1 O.Ю. потеряла при переходе инвестиционный доход. Также ФИО1 согласия на обработку своих персональных данных АО «НПФ «Будущее» не давала, следовательно, действия АО «НПФ «Будущее» по хранению и использованию его персональных данных являются незаконными. С учетом уточнения иска, просит признать недействительным дог"
d_1699b2d47c,"УСТАНОВИЛ: обратилась в суд с исковым заявлением АО НПФ «Будущее» о восстановлении пропущенного срока для обращения с заявлением о выплате пенсионных накоплений. Данное заявление не может быть принято к производству Мещанского районного суда г. Москвы по следующим основаниям: В силу п.п.4 п.1 ст.135 ГПК РФ судья возвращает исковое заявление в случае, если исковое заявление не подписано или исковое заявление подписано и подано лицом, не имеющим полномочий на его подписание и предъявление в суд. Представленное заявление не подписано истцом. При таких обстоятельствах суд считает необходимым возвратить заявителю его заявление. На основании изложенного и руководствуясь п. 1 ч. 1 ст. 135 ГПК РФ ОПРЕДЕЛИЛ: Исковое заявление к АО НПФ «Будущее» о восстановлении пропущенного срока для обращения с заявлением о выплате пенсионных накоплений - возвратить со всеми документами. Возвращение заявления не препятствует повторному обращению в суд с заявлением, если будет устранено допущенное нару"
d_1770391919,"УСТАНОВИЛ: Истец обратился в суд с иском к ""Достойное БУДУЩЕЕ"" о восстановлении срока для обращения правопреемника по договору (заявлению) с заявлением о выплате средств пенсионных накоплений. Вместе с тем, вышеуказанное заявление не соответствует требованиям статей 131, 132 Гражданского процессуального кодекса РФ, в связи с чем, не может быть принято к производству суда. Согласно положениям статьи 131 ГПК РФ в исковом заявлении должны быть указаны: 1) наименование суда, в который подается заявление; 2) наименование истца, его место жительства или, если истцом является организация, ее место нахождения, а также наименование представителя и его , если заявление подается представителем; 3) наименование ответчика, его место жительства или, если ответчиком является организация, ее место нахождения; 4) в чем заключается нарушение либо угроза нарушения прав, свобод или законных интересов истца и его требования; 5) обстоятельства, на которых истец основывает свои требования, и доказ"
d_177212b4b9,"УСТАНОВИЛ: Истец прокурор Иркутского района, действуя в защиту прав и законных интересов ФИО1 , в обоснование исковых требований истец указал, что в прокуратуру Иркутского района с заявлением о нарушении пенсионных прав обратилась ФИО1 0.Ю., которая является застрахованным лицом в системе обязательного пенсионного страхования. До страховщиком по обязательному пенсионному страхованию являлся Пенсионный фонд Российской Федерации, впоследствии ФИО1 переведена в АО «Негосударственный пенсионный фонд «Будущее». При этом, каких-либо заявлений о переходе в АО «НПФ «Будущее» ФИО1 O.Ю. не подавала и не подписывала, соответствующий договор № от не заключала, нотариальных доверенностей не давала. ФИО1 O.Ю. потеряла при переходе инвестиционный доход. Также ФИО1 согласия на обработку своих персональных данных АО «НПФ «Будущее» не давала, следовательно, действия АО «НПФ «Будущее» по хранению и использованию его персональных данных являются незаконными. С учетом уточнения иска, просит приз"
d_182cd61ac0,"УСТАНОВИЛ: обратился в суд с иском к АО НПФ «Будущее» о восстановлении срока для обращения с заявлением о выплате пенсионных накопления. Вместе с тем, указанное заявление, не соответствует требованиям статьи 132 ГПК РФ, в связи с чем, не может быть принято к производству суда. Согласно статье 132 ГПК РФ, к исковому заявлению прилагается, в частности, документ, подтверждающий уплату государственной пошлины. Кроме того, согласно пункту 6 статьи 132 ГПК РФ (в редакции по состоянию на день подачи искового заявления) к исковому заявлению прилагаются, в частности, уведомление о вручении или иные документы, подтверждающие направление другим лицам, участвующим в деле, копий искового заявления и приложенных к нему документов, которые у других лиц, участвующих в деле, отсутствуют, в том числе в случае подачи в суд искового заявления и приложенных к нему документов посредством заполнения формы, размещенной на официальном сайте соответствующего суда в информационно-телекоммуникационной сети «И"
d_186e5cca09,"УСТАНОВИЛ: В Мещанский районный суд поступило исковое заявление к «ДОСТОЙНОЕ БУДУЩЕЕ» о восстановлении пропущенного срока для обращения правопреемника с заявлением о выплате средств пенсионных накоплений, учтенных на пенсионном счете накопительной пенсии умершего застрахованного лица. Изучив настоящее заявление, суд приходит к следующим выводам. Согласно ч. 4 ст. ст. 131 ГПК РФ исковое заявление подписывается истцом или его представителем при наличии у него полномочий на подписание заявления и предъявление его в суд. Исковое заявление, подаваемое в электронном виде, содержащее ходатайство об обеспечении иска, должно быть подписано усиленной квалифицированной электронной подписью. В соответствии с п. 4 ч. 1 ст. 135 ГПК РФ судья возвращает исковое заявление в случае, если исковое заявление не подписано или исковое заявление подписано и подано лицом, не имеющим полномочий на его подписание и предъявление в суд. В настоящем случае в суд поступило исковое заявление, подписан"
d_1a55e7aa62,"УСТАНОВИЛ: В Мещанский районный суд поступило исковое заявление фио к наименование организации о восстановлении пропущенного срока для обращения с заявлением о выплате средств пенсионных накоплений, учтенных на пенсионном счете накопительной пенсии умершего лица. Указанное исковое заявление подлежит оставлению без движения, как поданное с нарушением требований ст.131,132 ГПК РФ, по следующим основаниям. В силу ст.131 ГПК РФ в исковом заявлении должны быть указаны: -наименование суда, в который подается заявление; -наименование истца, его место жительства или, если истцом является организация, ее место нахождения, а также наименование представителя и его , если заявление подается представителем; -наименование ответчика, его место жительства или, если ответчиком является организация, ее место нахождения; -в чем заключается нарушение либо угроза нарушения прав, свобод или законных интересов истца и его требования; -обстоятельства, на которых истец основывает свои требования, и"
d_1aaae9a7e3,"УСТАНОВИЛ: В Мещанский районный суд поступило исковое заявление фио Ефимовны к «БУДУЩЕЕ» о восстановлении пропущенного срока. Вместе с тем, указанное исковое заявление не может быть принято к производству суда. Согласно пункту 4 части 1 статьи 135 ГПК РФ, суд возвращает исковое заявление в случае, если исковое заявление не подписано или исковое заявление подписано и подано лицом, не имеющим полномочий на его подписание и предъявление в суд. Между тем, исковое заявление не подписано истцом, в связи с чем, подлежит возвращению заявителю. На основании изложенного, руководствуясь положениями статьи 135 ГПК РФ, ОПРЕДЕЛИЛ: Исковое заявление фио Ефимовны к «БУДУЩЕЕ» о восстановлении пропущенного срока – возвратить заявителю с приложенными к нему документами. Возвращение искового заявления не препятствует повторному обращению истца в суд с иском к тому же ответчику, о том же предмете и по тем же основаниям, если истцом будет устранено допущенное нарушение. На определение мож"
d_1bb696c3c5,"Иркутский районный суд Иркутской области А А А Обычная версия сайта развернуть 664047, Иркутская обл., г. Иркутск, ул. Байкальская, д. 30 Тел.: (3952) 20-84-79, 20-96-06 (ф.) irkutsky.irk@sudrf.ru Иркутский районный суд Иркутской области 664047, Иркутская обл., г. Иркутск, ул. Байкальская, д. 30 Тел.: (3952) 20-84-79, 20-96-06 (ф.) irkutsky.irk@sudrf.ru Закрыть Мобильная версия Главная Карта сайта Судебное делопроизводство Территориальная подсудность Калькулятор госпошлины Главная Подача процессуальных документов в электронном виде О СУДЕ ТЕРРИТОРИАЛЬНАЯ ПОДСУДНОСТЬ СУДЕЙСКОЕ СООБЩЕСТВО НОРМАТИВНЫЕ АКТЫ ДОКУМЕНТЫ СУДА СУДЕБНОЕ ДЕЛОПРОИЗВОДСТВО СПРАВОЧНАЯ ИНФОРМАЦИЯ КАЛЬКУЛЯТОР ГОСПОШЛИНЫ ПРЕСС-СЛУЖБА УПРАВЛЕНИЕ СУДЕБНОГО ДЕПАРТАМЕНТА СУДЫ СУБЪЕКТА РФ МУНИЦИПАЛЬНЫЕ ОРГАНЫ ВЛАСТИ ВАКАНСИИ ПРОТИВОДЕЙСТВИЕ КОРРУПЦИИ ОБРАЩЕНИЯ ГРАЖДАН ВНЕПРОЦЕССУАЛЬНЫЕ ОБРАЩЕНИЯ Карта сайта ВЕРСИЯ ДЛЯ СЛАБОВИДЯЩИХ Подача процессуальных документов в электронном виде О СУДЕ СУДЕЙСКОЕ СООБЩЕСТВО НОРМАТИВНЫЕ АК"
d_1beb3994bf,"УСТАНОВИЛ: Истец обратился в суд с иском к «БУДУЩЕЕ» о восстановлении срока для обращения правопреемника по договору (заявлению) с заявлением о выплате средств пенсионных накоплений. Определением суда от 08 июня 2023 года вышеуказанное исковое заявление было оставлено без движения, истцу предложено в срок до 30 июня 2023 года (включительно) исправить недостатки, в соответствии со статьями 131 и 132 ГПК РФ. Согласно ч.2 ст.136 ГПК РФ в случае, если заявитель в установленные сроки не выполнит указания судьи, перечисленные в определении об оставлении заявления без движения, заявление считается не поданным и возвращается заявителю со всеми приложенными документами. Таким образом, поскольку истец не устранил недостатки, указанные в определении суда об оставлении искового заявления без движения, суд считает заявлением не поданным, и как следствие подлежащему возврату. На основании изложенного, руководствуясь ст. ст. 136, 224, 225 ГПК РФ, суд О П Р Е Д Е Л И Л: Возвратить исковое за"
d_1bf29134f0,"УСТАНОВИЛ: В Мещанский районный суд г. Москвы поступило исковое заявление к АО «НПФ «Будущее» о восстановлении срока для обращения правопреемника по закону с заявлением о выплате средств пенсионных накоплений, учтенных на пенсионном счете накопительной пенсии умершего застрахованного лица. Вместе с тем, указанное исковое заявление не может быть принято к производству суда. Согласно пункту 4 части 1 статьи 135 ГПК РФ, суд возвращает исковое заявление в случае, если исковое заявление не подписано или исковое заявление подписано и подано лицом, не имеющим полномочий на его подписание и предъявление в суд. Между тем, исковое заявление не подписано истцом, в связи с чем, подлежит возвращению заявителю. На основании изложенного, руководствуясь положениями статьи 135 ГПК РФ, ОПРЕДЕЛИЛ: Исковое заявление к АО «НПФ «Будущее» о восстановлении срока для обращения правопреемника по закону с заявлением о выплате средств пенсионных накоплений, учтенных на пенсионном счете накопительной пенс"
d_1c767b4ea9,"Иркутский районный суд Иркутской области А А А Обычная версия сайта развернуть 664047, Иркутская обл., г. Иркутск, ул. Байкальская, д. 30 Тел.: (3952) 20-84-79, 20-96-06 (ф.) irkutsky.irk@sudrf.ru Иркутский районный суд Иркутской области 664047, Иркутская обл., г. Иркутск, ул. Байкальская, д. 30 Тел.: (3952) 20-84-79, 20-96-06 (ф.) irkutsky.irk@sudrf.ru Закрыть Мобильная версия Главная Карта сайта Судебное делопроизводство Территориальная подсудность Калькулятор госпошлины Главная Подача процессуальных документов в электронном виде О СУДЕ ТЕРРИТОРИАЛЬНАЯ ПОДСУДНОСТЬ СУДЕЙСКОЕ СООБЩЕСТВО НОРМАТИВНЫЕ АКТЫ ДОКУМЕНТЫ СУДА СУДЕБНОЕ ДЕЛОПРОИЗВОДСТВО СПРАВОЧНАЯ ИНФОРМАЦИЯ КАЛЬКУЛЯТОР ГОСПОШЛИНЫ ПРЕСС-СЛУЖБА УПРАВЛЕНИЕ СУДЕБНОГО ДЕПАРТАМЕНТА СУДЫ СУБЪЕКТА РФ МУНИЦИПАЛЬНЫЕ ОРГАНЫ ВЛАСТИ ВАКАНСИИ ПРОТИВОДЕЙСТВИЕ КОРРУПЦИИ ОБРАЩЕНИЯ ГРАЖДАН ВНЕПРОЦЕССУАЛЬНЫЕ ОБРАЩЕНИЯ Карта сайта ВЕРСИЯ ДЛЯ СЛАБОВИДЯЩИХ Подача процессуальных документов в электронном виде О СУДЕ СУДЕЙСКОЕ СООБЩЕСТВО НОРМАТИВНЫЕ АК"
d_1cce586885,"УСТАНОВИЛ: Истец прокурор Иркутского района, действуя в защиту прав и законных интересов К.Р,К, , обратился в суд с исковым заявлением к АО «Негосударственный пенсионный фонд «Будущее», в котором с учетом уточнений просит признать недействительным договор об обязательном пенсионном страховании от **/**/**** № , заключенный между АО «Негосударственный пенсионный фонд «Будущее» и К.Р,К, ; обязать АО «Негосударственный пенсионный фонд «Будущее» в срок не позднее 30 дней со дня получения решения суда передать в ПФР средства пенсионных накоплений в сумме 136 275,56 руб., проценты за неправомерное пользование средствами пенсионных накоплений, определяемые в соответствии с по ст. 395 ГК РФ, и средства, направленные на формирование собственных средств фонда, сформированные за счет дохода от инвестирования средств пенсионных накоплений соответствующего застрахованного лица, предусмотренные п. 5.3 ст. 36.6 Федерального закона от **/**/**** № 75-ФЗ «О негосударственных пенсионных фондах» в сумме"
d_1e00ed8656,"УСТАНОВИЛ: Истец обратилась в суд с иском к «Будущее» о восстановлении срока для обращения правопреемника по договору (заявлению) с заявлением о выплате средств пенсионных накоплений, учтенных на пенсионном счете накопительной пенсии умершего застрахованного лица. Вместе с тем, вышеуказанное заявление не соответствует требованиям статей 132 Гражданского процессуального кодекса РФ, в связи с чем, не может быть принято к производству суда. Согласно статье 132 ГПК РФ к исковому заявлению прилагаются также, документы, подтверждающие обстоятельства, на которых истец основывает свои требования, копии этих документов для ответчиков и третьих лиц, если копии у них отсутствуют. Вместе с тем, исковое заявление указанным выше нормам не соответствует: к исковому заявлению не приложены документы, подтверждающие обстоятельства, на которых истец основывает свои требования, а именно копии документов, подтверждающие факт родства с умершим застрахованным лицом фио (свидетельство о рождении, до"
d_1e525dd61f,"УСТАНОВИЛ: Истец обратился в суд с иском к АО «НПФ «БУДУЩЕЕ», Пенсионному фонду Российской Федерации о признании договора об обязательном пенсионном страховании от ….. года № …., заключенного между и АО «НПФ «БУДУЩЕЕ», недействительным; применении последствий недействительности сделки в виде возложения на ответчика обязанности в срок не позднее 30 дней со дня получения соответствующего решения суда передать АО «Ханты-Мансийский НПФ» средства пенсионных накоплений истца в размере и в порядке, установленном п. 5.3 ст. 36.6 Федерального закона № 75-ФЗ от 7 мая 1998 года; взыскании расходов по оплате государственной пошлины. Свои исковые требования истец мотивирует тем, между ним и АО «Ханты-Мансийский НПФ» был заключен договор об обязательном пенсионном страховании № ….. от ……года и в результате оказания страховых услуг по договору на пенсионном счете истца аккумулировались пенсионные накопления, в том числе доход от размещения пенсионных накоплений. В .….. году к истцу обратился"
d_1e54063a4b,"77RS0016-02-2025-010960-42 № М-6348/2025 ОПРЕДЕЛЕНИЕ 05 июня 2025 года судья Мещанского районного суда города Москвы , рассмотрев исковое заявление к АО НПФ БУДУЩЕЕ о восстановлении срока для обращения за выплатой пенсионных накоплений, установил: истец обратился в суд с вышеуказанными требованиями к ответчику. Настоящее исковое заявление не может быть принято к производству Мещанского районного суда города Москвы по следующим основаниям. Согласно ст. 135 ГПК РФ судья возвращает исковое заявление в случае, если: исковое заявление не подписано или исковое заявление подписано и подано лицом, не имеющим полномочий на его подписание и предъявление в суд. Настоящее исковое заявление не подписано истцом, или уполномоченным представителем. Поскольку настоящее заявление не подписано истцом, или уполномоченным представителем, то оно подлежит возврату истцу. руководствуясь ст. 135 п. 1 ГПК РФ, судья определил: Возвратить исковое заявление к АО НПФ БУДУЩЕЕ о восстановлении срок"
d_1ea8b2c3d2,"Иркутский районный суд Иркутской области А А А Обычная версия сайта развернуть 664047, Иркутская обл., г. Иркутск, ул. Байкальская, д. 30 Тел.: (3952) 20-84-79, 20-96-06 (ф.) irkutsky.irk@sudrf.ru Иркутский районный суд Иркутской области 664047, Иркутская обл., г. Иркутск, ул. Байкальская, д. 30 Тел.: (3952) 20-84-79, 20-96-06 (ф.) irkutsky.irk@sudrf.ru Закрыть Мобильная версия Главная Карта сайта Судебное делопроизводство Территориальная подсудность Калькулятор госпошлины Главная Подача процессуальных документов в электронном виде О СУДЕ ТЕРРИТОРИАЛЬНАЯ ПОДСУДНОСТЬ СУДЕЙСКОЕ СООБЩЕСТВО НОРМАТИВНЫЕ АКТЫ ДОКУМЕНТЫ СУДА СУДЕБНОЕ ДЕЛОПРОИЗВОДСТВО СПРАВОЧНАЯ ИНФОРМАЦИЯ КАЛЬКУЛЯТОР ГОСПОШЛИНЫ ПРЕСС-СЛУЖБА УПРАВЛЕНИЕ СУДЕБНОГО ДЕПАРТАМЕНТА СУДЫ СУБЪЕКТА РФ МУНИЦИПАЛЬНЫЕ ОРГАНЫ ВЛАСТИ ВАКАНСИИ ПРОТИВОДЕЙСТВИЕ КОРРУПЦИИ ОБРАЩЕНИЯ ГРАЖДАН ВНЕПРОЦЕССУАЛЬНЫЕ ОБРАЩЕНИЯ Карта сайта ВЕРСИЯ ДЛЯ СЛАБОВИДЯЩИХ Подача процессуальных документов в электронном виде О СУДЕ СУДЕЙСКОЕ СООБЩЕСТВО НОРМАТИВНЫЕ АК"
d_1efca814c7,"УСТАНОВИЛ: В Мещанский районный суд города Москвы поступило исковое заявление к АО «НПФ Будущее» о восстановлении пропущенного срока для обращения с заявлением о выплате средств пенсионных накоплений, учтенных на пенсионном счете накопительной пенсии умершего застрахованного лица. В силу положений ст. 132 ГПК РФ к исковому заявлению, в числе прочего, прилагается документ, подтверждающий уплату государственной пошлины в установленных порядке и размере или право на получение льготы по уплате государственной пошлины, либо ходатайство о предоставлении отсрочки, рассрочки, об уменьшении размера государственной пошлины или об освобождении от уплаты государственной пошлины. Ознакомившись с иском, суд считает, что поданное заявление не соответствует указанным требованиям. вступили в силу положения Федерального закона от № 259-ФЗ «О внесении изменений в части первую и вторую Налогового кодекса Российской Федерации и отдельные законодательные акты Российской Федерации о"
d_1f28d4229d,"УСТАНОВИЛ: В Мещанский районный суд г. Москвы поступило исковое заявление к АО «НПФ «Достойное Будущее» о восстановлении срока для обращения правопреемника по закону с заявлением о выплате средств пенсионных накоплений, учтенных на пенсионном счете накопительной пенсии умершего застрахованного лица. Вместе с тем, указанное исковое заявление не может быть принято к производству суда. Согласно пункту 4 части 1 статьи 135 ГПК РФ, суд возвращает исковое заявление в случае, если исковое заявление не подписано или исковое заявление подписано и подано лицом, не имеющим полномочий на его подписание и предъявление в суд. Между тем, исковое заявление не подписано истцом, в связи с чем, подлежит возвращению заявителю. На основании изложенного, руководствуясь положениями статьи 135 ГПК РФ, ОПРЕДЕЛИЛ: Исковое заявление к АО «НПФ «Достойное Будущее» о восстановлении срока для обращения правопреемника по закону с заявлением о выплате средств пенсионных накоплений, учтенных на пенсионном счет"
d_1f5d500d58,"УСТАНОВИЛ: В Мещанский районный суд города Москвы поступило исковое заявление Мещанского межрайонного прокурора г. Москвы, действующего в интересах , к АО «НПФ «Будущее» о признании недействительным договора обязательного пенсионного страхования, обязании возврата средств пенсионных накоплений. Определением судьи от указанный иск был возвращен. Определением судьи Московского городского суда от определение Мещанского районного суда г. Москвы от отменено, материал возвращен в суд первой инстанции для рассмотрения вопроса о принятии искового заявления к производству данного суда. Указанное заявление подлежит оставлению без движения, как поданное с нарушением требований ст. ст. 131, 132 ГПК РФ по следующим основаниям. Согласно ч. 2 ст. 131 ГПК РФ в исковом заявлении, в числе прочего, должны быть указаны: в чем заключается нарушение либо угроза нарушения прав, свобод или законных интересов истца и его требования; обстоятельства, на которых истец основывае"
d_1f74238452,"УСТАНОВИЛ: Истец обратился в суд с иском к АО «НПФ «БУДУЩЕЕ» о признании договора об обязательном пенсионном страховании от ….. года № …. недействительным; об обязании ответчика в срок ….. дней со дня получения решения суда о признании договора об обязательном пенсионном страховании от ….. года № …… недействительным передать предыдущему страховщику Пенсионному фонду Российской Федерации средства пенсионных накоплений на формирование накопительной пенсии истца, определенные в порядке, установленном п. 2 ст. 36.6-1 Федерального закона № 75-ФЗ «О негосударственных пенсионных фондах», а также проценты за неправомерное пользование средствами пенсионных накоплений, определяемые в соответствии со ст. 395 ГК РФ, и средства, направленные на формирование собственных средств фонда, сформированные за счет дохода от инвестирования средств пенсионных накоплений на формирование накопительной пенсии истца; взыскании расходов по оплате государственной пошлины; взыскании суммы потерь инвестиционного"
d_201a03b908,"УСТАНОВИЛ: В Мещанский районный суд поступило исковое заявление фио к «БУДУЩЕЕ» о восстановлении пропущенного срока для обращения правопреемника с заявлением о выплате средств пенсионных накоплений, учтенных на пенсионном счете накопительной пенсии умершего застрахованного лица. Изучив настоящее заявление, суд приходит к следующим выводам. Согласно ч. 4 ст. ст. 131 ГПК РФ исковое заявление подписывается истцом или его представителем при наличии у него полномочий на подписание заявления и предъявление его в суд. Исковое заявление, подаваемое в электронном виде, содержащее ходатайство об обеспечении иска, должно быть подписано усиленной квалифицированной электронной подписью. В соответствии с п. 4 ч. 1 ст. 135 ГПК РФ судья возвращает исковое заявление в случае, если исковое заявление не подписано или исковое заявление подписано и подано лицом, не имеющим полномочий на его подписание и предъявление в суд. В настоящем случае в суд поступило исковое заявление, на котором отсутст"
d_20bb12859e,"О П Р Е Д Е Л Е Н И Е г. Кемерово 13 апреля 2021 г. Судебная коллегия по гражданским делам Восьмого кассационного суда общей юрисдикции в составе председательствующего , судей , рассмотрела в открытом судебном заседании гражданское /2020; УИД: 24RS0032-01-2019-003976-85 по иску к акционерному обществу «Негосударственный пенсионный фонд «БУДУЩЕЕ» о признании договора об обязательном пенсионном страховании недействительным, возложении обязанности, взыскании процентов, судебных расходов, по кассационной жалобе акционерного общества «Негосударственный пенсионный фонд «БУДУЩЕЕ» на решение Ленинского районного суда г. Красноярска от 10 августа 2020г., апелляционное определение судебной коллегии по гражданским делам Красноярского краевого суда от 30 ноября 2020 г. Заслушав доклад судьи Восьмого кассационного суда общей юрисдикции , заслушав пояснения представителя третьего лица, не заявляющего самостоятельных требований относительно предмета спора – государственно"
d_21b7af6f8f,"УСТАНОВИЛ: В Мещанский районный суд поступило исковое заявление к «Достойное БУДУЩЕЕ» о восстановлении пропущенного срока для обращения правопреемника с заявлением о выплате средств пенсионных накоплений, учтенных на пенсионном счете накопительной пенсии умершего застрахованного лица. Изучив настоящее заявление, суд приходит к следующим выводам. Согласно ч. 4 ст. ст. 131 ГПК РФ исковое заявление подписывается истцом или его представителем при наличии у него полномочий на подписание заявления и предъявление его в суд. Исковое заявление, подаваемое в электронном виде, содержащее ходатайство об обеспечении иска, должно быть подписано усиленной квалифицированной электронной подписью. В соответствии с п. 4 ч. 1 ст. 135 ГПК РФ судья возвращает исковое заявление в случае, если исковое заявление не подписано или исковое заявление подписано и подано лицом, не имеющим полномочий на его подписание и предъявление в суд. В настоящем случае в суд поступило исковое заявление, на котор"
d_21cac02748,"УСТАНОВИЛ: В Мещанский районный суд города Москвы поступило исковое заявление к АО «НПФ «Будущее» о восстановлении срока. Указанное заявление подлежит оставлению без движения, как поданное с нарушением требований ст. ст. 131, 132 ГПК РФ по следующим основаниям. В силу требований ст. 132 ГПК РФ к исковому заявлению прилагаются, в числе прочего, уведомление о вручении или иные документы, подтверждающие направление другим лицам, участвующим в деле, копий искового заявления и приложенных к нему документов, которые у других лиц, участвующих в деле, отсутствуют, в том числе в случае подачи в суд искового заявления и приложенных к нему документов посредством заполнения формы, размещенной на официальном сайте соответствующего суда в информационно-телекоммуникационной сети ""Интернет"". К настоящему иску не приложены сведения о направлении копии искового заявления и иных требуемых документов в ответчика. Согласно ст. 136 ГПК РФ судья, установив, что исковое заявление подано в суд без со"
d_21e0ba1f08,"УСТАНОВИЛ: обратился в суд с заявлением к «Будущее» о взыскании судебных расходов, мотивируя требования тем, что в ходе рассмотрения дела им были понесены расходы в связи с рассмотрением дела. Представитель заявителя заявление поддержала. Представитель «Будущее» возражал против доводов заявления. Иные участники процесса в судебное заседание не явились, извещены. Судом постановлено указанное выше определение, об отмене которого, как незаконного и необоснованного в частной жалобе просит «Будущее». В соответствии с ч.ч. 3, 4 ст. 333 ГПК РФ, частная жалоба рассмотрена судьей единолично без извещения лиц, участвующих в деле. Проверив материалы дела, изучив доводы частной жалобы, суд апелляционной инстанции не находит оснований для отмены обжалуемого определения, постановленного в соответствии с фактическими обстоятельствами дела и требованиями действующего законодательства, ст.ст. 88, 94, 98, 100 ГПК РФ. В соответствии со ст. 88 ГПК РФ, судебные расходы состоят из госу"
d_236fa90284,"УСТАНОВИЛ: В Мещанский районный суд г. Москвы поступило исковое заявление к АО «НПФ «Будущее» о восстановлении срока для обращения правопреемника по закону с заявлением о выплате средств пенсионных накоплений, учтенных на пенсионном счете накопительной пенсии умершего застрахованного лица. Вместе с тем, указанное исковое заявление не может быть принято к производству суда. Согласно пункту 4 части 1 статьи 135 ГПК РФ, суд возвращает исковое заявление в случае, если исковое заявление не подписано или исковое заявление подписано и подано лицом, не имеющим полномочий на его подписание и предъявление в суд. Между тем, исковое заявление не подписано истцом, в связи с чем, подлежит возвращению заявителю. На основании изложенного, руководствуясь положениями статьи 135 ГПК РФ, ОПРЕДЕЛИЛ: Исковое заявление к АО «НПФ «Будущее» о восстановлении срока для обращения правопреемника по закону с заявлением о выплате средств пенсионных накоплений, учтенных на пенсионном счете накопительной пенс"
d_23aefc8b94,"УСТАНОВИЛ: В Мещанский районный суд города Москвы поступило исковое заявление к АО «НПФ «БУДУЩЕЕ» о восстановлении пропущенного срока для обращения с заявлением о выплате средств пенсионных накоплений умершего застрахованного лица. Ознакомившись с исковым заявлением и приложенными документами, судья приходит к выводу о том, что исковое заявление подлежит оставлению без движения по следующим основаниям. Согласно п. 5 ч. 2 ст. 131 ГПК РФ в исковом заявлении должны быть указаны обстоятельства, на которых истец основывает свои требования, и доказательства, подтверждающие эти обстоятельства. В соответствии со ст. 132 ГПК РФ к исковому заявлению прилагаются, в том числе, документы, подтверждающие обстоятельства, на которых истец основывает свои требования. Вместе с тем, истец в нарушение вышеуказанных норм, не представил доказательств, подтверждающих родство с умершим застрахованным лицом. В соответствии с ч. 1 ст. 136 ГПК РФ судья, установив, что исковое заявление подано в суд без соблю"
d_242db691e8,"УСТАНОВИЛ: В Мещанский районный суд города Москвы поступило исковое заявление к АО «НПФ «Будущее» о восстановлении срока. Указанное заявление подлежит оставлению без движения, как поданное с нарушением требований ст. ст. 131, 132 ГПК РФ по следующим основаниям. В силу требований ст. 132 ГПК РФ к исковому заявлению прилагаются, в числе прочего, уведомление о вручении или иные документы, подтверждающие направление другим лицам, участвующим в деле, копий искового заявления и приложенных к нему документов, которые у других лиц, участвующих в деле, отсутствуют, в том числе в случае подачи в суд искового заявления и приложенных к нему документов посредством заполнения формы, размещенной на официальном сайте соответствующего суда в информационно-телекоммуникационной сети ""Интернет"". К настоящему иску не приложены сведения о направлении копии искового заявления и иных требуемых документов в ответчика. Согласно ст. 136 ГПК РФ судья, установив, что исковое заявление подано в суд без со"
d_243609d157,"Мещанского районного суда города Москвы , рассмотрев исковое заявление / заявление к АО НПФ БУДУЩЕЕ о восстановлении срока для обращения за выплатой пенсионных накоплений, установил: настоящее заявление подлежит оставлению без движения как не соответствующее требованиям ст.ст. 131 и 132 ГПК РФ в силу следующего. В нарушение ст. 132 ГПК РФ к исковому заявлению не представлены: документы, подтверждающие обстоятельства, на которых истец основывает свои требования, в частности, к заявлению не представлены документы о перемене фамилии истца с «Сысоева» на «Дукова». Указанные обстоятельства являются основанием для оставления иска без движения. Поэтому, руководствуясь ст. 136 ГПК РФ, судья определил: исковое заявление к АО НПФ БУДУЩЕЕ о восстановлении срока для обращения за выплатой пенсионных накоплений, оставить без движения до 08 августа 2025 года, предложив заявителю в указанный срок устранить недостатки, указанные в мотивировочной части настоящего определения. Разъяснить зая"
d_249072edf1,"Судья в первой инстанции ФИОИД 77RS0016-02-2023-030897-48 Номер дела в первой инстанции №2-414/2025 /2025 АПЕЛЛЯЦИОННОЕ ОПРЕДЕЛЕНИЕ 1 декабря 2025 года город Москва Судебная коллегия по гражданским делам Московского городского суда в составе председательствующего судьи , и судей , , при ведении протокола помощником судьи , рассмотрела в открытом судебном заседании с использованием средств видеозаписи по докладу судьи , гражданское дело по апелляционной жалобе на решение Мещанского районного суда г. Москвы от 14 марта 2025 года, которым постановлено: В удовлетворении исковых требований отказать.; у с т а н о в и л: обратилась в суд с иском к ответчику АО «НПФ «БУДУЩЕЕ», просила восстановить срок на подачу заявления о выплате средств пенсионных накоплений, не полученных в связи со смертью супруга истца , ссылаясь на то обстоятельство, что истец является правопреемником после смерти застрахованного лица, а установленный шестимесячный срок для обращ"
d_2492468540,"РЕШЕНИЕ ИМЕНЕМ РОССИЙСКОЙ ФЕДЕРАЦИИ г. Иркутск Иркутский районный суд Иркутской области в составе председательствующего судьи ФИОпри секретаре судебного заседания , с участием старшего помощника прокурора .... ФИО4 , рассмотрев в открытом судебном заседании гражданское дело № по иску прокурора Свердловского района г. Иркутска в интересах ФИО2 к акционерному обществу «Негосударственный пенсионный фонд «Будущее» о признании недействительным договора, возложении обязанности передать средства пенсионных накоплений, проценты, запрете обработки и хранения персональных данных, с привлечением к участию в деле в качестве третьего лица, не заявляющего самостоятельных требований относительно предмета спора, на стороне истца Отделения Фонда пенсионного и социального страхования Российской Федерации по Иркутской области, Фонда пенсионного и социального страхования Российской Федерации, установил: Прокурор Свердловского района г. Иркутска в интересах ФИО2 обратился в суд с иском к АО"
d_249622c773,"УСТАНОВИЛ: Истец прокурор Иркутского района, действуя в защиту прав и законных интересов ФИО1 , обратился в суд с исковым заявлением к АО «Негосударственный пенсионный фонд «Будущее», в котором с учетом уточнений просит признать недействительным договор об обязательном пенсионном страховании от № , заключенный между АО «Негосударственный пенсионный фонд «Будущее» и ФИО1 ; обязать АО «Негосударственный пенсионный фонд «Будущее» в срок не позднее 30 дней со дня получения решения суда передать в ПФР средства пенсионных накоплений в сумме 108 569,17 руб., проценты за неправомерное пользование средствами пенсионных накоплений, определяемые в соответствии с по ст. 395 ГК РФ, и средства, направленные на формирование собственных средств фонда, сформированные за счет дохода от инвестирования средств пенсионных накоплений соответствующего застрахованного лица, предусмотренные п. 5.3 ст. 36.6 Федерального закона от № 75-ФЗ «О негосударственных пенсионных фондах» в сумме 17 0"
d_24c5e94e97,"УСТАНОВИЛ: В Мещанский районный суд поступило исковое заявление к ""Будущее"" о восстановлении срока для обращения с заявлением о выплате средств пенсионных накоплений умершего застрахованного лица. Указанное исковое заявление определением от года оставлено без движения, по мотивам, приведенным в данном определении, истцу предложено исправить недостатки в срок до года. Ввиду того, что истец не устранил недостатки, указанные в определении судьи об оставлении иска без движения, исковое заявление подлежит возвращению на основании п. 2 ст. 136 ГПК РФ. На основании изложенного, руководствуясь ст. ст. 135, 136, 224-225 ГПК РФ, суд ОПРЕДЕЛИЛ: Возвратить исковое заявление к ""Будущее"" о восстановлении срока для обращения с заявлением о выплате средств пенсионных накоплений умершего застрахованного лица. Возвращение искового заявления не препятствует повторному обращению истца в суд с иском к тому же ответчику, о том же предмете и по тем же основани"
d_24d4075c2d,"УСТАНОВИЛ: В Мещанский районный суд г. Москвы поступило исковое заявление Мещанского межрайонного прокурора г. Москвы, поданное в защиту прав и законных интересов , к АО «НПФ «Будудщее» о признании недействительным договора об обязательном пенсионном страховании, обязании вернуть пенсионные накопления. Изучив настоящее заявление, суд приходит к следующим выводам. Согласно ч. 4 ст. ст. 131 ГПК РФ исковое заявление подписывается истцом или его представителем при наличии у него полномочий на подписание заявления и предъявление его в суд. В соответствии с п. 4 ч. 1 ст. 135 ГПК РФ судья возвращает исковое заявление в случае, если исковое заявление не подписано или исковое заявление подписано и подано лицом, не имеющим полномочий на его подписание и предъявление в суд. На основании ч. 1 ст. 45 ГПК РФ прокурор вправе обратиться в суд с заявлением в защиту прав, свобод и законных интересов граждан, неопределенного круга лиц или интересов Российской Федерации, субъектов Российской Федерации,"
d_25550ee314,"РЕШЕНИЕ ИМЕНЕМ РОССИЙСКОЙ ФЕДЕРАЦИИ 26 апреля 2022 года г. Иркутск Иркутский районный суд Иркутской области в составе председательствующего судьи ФИОпри секретаресудебного заседанияФИО, с участием старшего помощника прокурора Иркутского района , представителя Государственного учреждения – Отделение Пенсионного фонда Российской Федерации по Иркутской области ДавтянА.А., рассмотрев в открытом судебном заседании гражданское /2022 по иску прокурора Иркутского района в интересах Ищенковой НА акционерному обществу «Негосударственный пенсионный фонд «Будущее»о признании недействительным договора об обязательном пенсионном страховании, применении последствий недействительности сделки, обязании прекратить незаконную обработку персональных данных, с привлечением к участию в деле в качестве третьего лица, не заявляющего самостоятельных требований относительно предмета спора, на стороне истца Государственного учреждения – ОтделениеПенсионного фонда Российской Федерации по Иркутской о"
d_25f9900ee0,"УСТАНОВИЛ: В Мещанский районный суд г. Москвы поступило исковое заявление к АО НПФ «Будущее» о восстановлении срока для обращения с заявлением о выплате средств пенсионных накоплений умершего застрахованного лица. Вместе с тем, вышеуказанное заявление не соответствует требованиям статей 132 Гражданского процессуального кодекса РФ, в связи с чем, не может быть принято к производству суда. Согласно пункту 6 статьи 132 ГПК РФ (в редакции по состоянию на день подачи искового заявления) к исковому заявлению прилагаются, в частности, уведомление о вручении или иные документы, подтверждающие направление другим лицам, участвующим в деле, копий искового заявления и приложенных к нему документов, которые у других лиц, участвующих в деле, отсутствуют, в том числе в случае подачи в суд искового заявления и приложенных к нему документов посредством заполнения формы, размещенной на официальном сайте соответствующего суда в информационно-телекоммуникационной сети «Интернет». Как усматривается из"
d_261f5082d8,"УСТАНОВИЛ: В Мещанский районный суд города Москвы поступило исковое заявление к АО НПФ «Достойное БУДУЩЕЕ» о восстановлении пропущенного срока для обращения с заявлением о выплате средств пенсионных накоплений умершего застрахованного лица. Ознакомившись с исковым заявлением и приложенными документами, судья приходит к выводу о том, что исковое заявление подлежит оставлению без движения по следующим основаниям. В соответствии со ст. 132 ГПК РФ к исковому заявлению прилагаются, в том числе, документы, подтверждающие обстоятельства, на которых истец основывает свои требования. Вместе с тем, истец в нарушение вышеуказанных норм, не представил свидетельство о браке с застрахованным лицом. В соответствии с ч. 1 ст. 136 ГПК РФ судья, установив, что исковое заявление подано в суд без соблюдения требований, установленных в статьях 131 и 132 ГПК РФ, выносит определение об оставлении заявления без движения, о чем извещает лицо, подавшее заявление, и предоставляет ему разумный срок для исправ"
d_2696b56a1c,"Судья: АПЕЛЛЯЦИОННОЕ ОПРЕДЕЛЕНИЕ 15 июня 2022 года г. Москва Судебная коллегия по гражданским делам Московского городского суда в составе председательствующего судьи , и судей , , при помощнике судьи рассмотрев в открытом судебном заседании по докладу судьи ФИОгражданское дело по апелляционной жалобе на решение Лефортовского районного суда г. Москвы от 14 декабря 2021 года (номер дела в суде первой инстанции № 2-5391/2021), которым постановлено: В удовлетворении исковых требований , в интересах несовершеннолетнего ребенка хххххх года рождения к АО «Негосударственный пенсионный фонд «Достойное БУДУЩЕЕ» (АО «НПФ «Достойное БУДУЩЕЕ») о восстановлении срока для принятия наследства и признании наследника принявшим наследство отказать. установила: Истец действующая в интересах несовершеннолетнего ребенка хххххх года рождения, обратилась в суд с иском к Акционерному обществу «Негосударственный пенсионный фонд «Достойное БУДУЩЕЕ», в котором просила о восстановлении"
d_26c9935c0d,"УСТАНОВИЛ: обратилась в суд с иском к АО НПФ «Будущее» о восстановлении срока на подачу заявления. Вместе с тем, указанное исковое заявление не может быть принято к производству суда. Согласно пункту 4 части 1 статьи 135 ГПК РФ, суд возвращает исковое заявление в случае, если исковое заявление не подписано или исковое заявление подписано и подано лицом, не имеющим полномочий на его подписание и предъявление в суд. Между тем, исковое заявление не подписано истцом, в связи с чем, подлежит возвращению заявителю. На основании изложенного, руководствуясь положениями статьи 135 ГПК РФ, ОПРЕДЕЛИЛ: Исковое заявление к АО НПФ «Будущее» о восстановлении срока на подачу заявления – возвратить заявителю. Возвращение искового заявления не препятствует повторному обращению истца в суд с иском к тому же ответчику, о том же предмете и по тем же основаниям, если истцом будет устранено допущенное нарушение. На определение может быть подана частная жалоба через Мещанский районный суд г. Москвы в"
d_26d89e83ca,"УСТАНОВИЛ: В Мещанский районный суд г. Москвы поступило исковое заявление к АО «НПФ «Будущее» о восстановлении срока для обращения правопреемника по закону с заявлением о выплате средств пенсионных накоплений, учтенных на пенсионном счете накопительной пенсии умершего застрахованного лица. Вместе с тем, указанное исковое заявление не может быть принято к производству суда. Согласно пункту 4 части 1 статьи 135 ГПК РФ, суд возвращает исковое заявление в случае, если исковое заявление не подписано или исковое заявление подписано и подано лицом, не имеющим полномочий на его подписание и предъявление в суд. Между тем, исковое заявление не подписано истцом, в связи с чем, подлежит возвращению заявителю. На основании изложенного, руководствуясь положениями статьи 135 ГПК РФ, ОПРЕДЕЛИЛ: Исковое заявление к АО «НПФ «Будущее» о восстановлении срока для обращения правопреемника по закону с заявлением о выплате средств пенсионных накоплений, учтенных на пенсионном счете накопительной пенс"
d_26eac4d547,"УСТАНОВИЛ: Истцы обратились с иском к ответчику о восстановлении пропущенного срока для обращения с заявлением о выплате средств пенсионных накоплений, учтенных на пенсионном счете накопительной пенсии умершего застрахованного лица. Исковое заявление не соответствует требованиям ст. 131, 132 ГПК РФ. Согласно ст. 131 ГПК РФ, в исковом заявлении должны быть указаны обстоятельства, на которых истец основывает свои требования, и доказательства, подтверждающие эти обстоятельства. В соответствии со ст.132 ГПК РФ, к исковому заявлению прилагаются: уведомление о вручении или иные документы, подтверждающие направление другим лицам, участвующим в деле, копий искового заявления и приложенных к нему документов, которые у других лиц, участвующих в деле, отсутствуют, в том числе в случае подачи в суд искового заявления и приложенных к нему документов посредством заполнения формы, размещенной на официальном сайте соответствующего суда в информационно-телекоммуникационной сети «Интернет». Вместе с тем"
d_27974a67a7,"УСТАНОВИЛ: Истец прокурор Иркутского района, действуя в защиту прав и законных интересов ФИО1 , обратился в суд с исковым заявлением к АО «Негосударственный пенсионный фонд «Будущее», в котором просит признать недействительным договор об обязательном пенсионном страховании № от **/**/**** , заключенный между АО «Негосударственный пенсионный фонд «Будущее» и ФИО1 ; обязать АО «НПФ «Будущее» в срок не позднее 30 дней со дня получения решения суда передать в ПФР средства пенсионных накоплений, проценты за неправомерное пользование средствами пенсионных накоплений, определяемые в соответствии со статьей 395 Гражданского кодекса Российской Федерации, и средства, направленные на формирование собственных средств фонда, сформированные за счет дохода от инвестированного лица, в порядке, предусмотренном пунктом 5.3 статьи 36.6 Федерального закона от № 75-ФЗ «О негосударственных пенсионных фондах»; обязать АО «Негосударственный пенсионный фонд «Будущее» прекратить незаконную обработку"
d_2827d40fb0,"УСТАНОВИЛ: Истец обратилась в суд с иском к АО «НПФ «БУДУЩЕЕ», Пенсионному фонду Российской Федерации о признании договора об обязательном пенсионном страховании от * сентября 2016 года № *, заключенного между и АО «НПФ «БУДУЩЕЕ», недействительным; применении последствий недействительности сделки в виде возложения на ответчика обязанности в срок не позднее 30 дней со дня получения соответствующего решения суда передать АО «Ханты-Мансийский НПФ» средства пенсионных накоплений истца в размере и в порядке, установленном п. 5.3 ст. 36.6 Федерального закона № 75-ФЗ от 7 мая 1998 года; взыскании расходов по оплате государственной пошлины. Свои исковые требования истец мотивирует тем, что в 2006 году между ним и АО «Ханты-Мансийский НПФ» был заключен договор об обязательном пенсионном страховании и в результате оказания страховых услуг по договору на пенсионном счете истца аккумулировались пенсионные накопления, в том числе доход от размещения пенсионных накоплений. В 2016 году к истц"
d_287d9fae6e,"УСТАНОВИЛ: В Мещанский районный суд города Москвы поступило исковое заявление к Акционерному обществу «Негосударственный пенсионный фонд «БУДУЩЕЕ» о восстановлении пропущенного срока для обращения с заявлением о выплате средств пенсионных накоплений умершего застрахованного лица. Ознакомившись с исковым заявлением и приложенными документами, судья приходит к выводу о возвращении искового заявления по следующим основаниям. Согласно ч. 4 ст. 131 ГПК РФ исковое заявление подписывается истцом или его представителем при наличии у него полномочий на подписание заявления и предъявление его в суд. В соответствии с п. 4 ч. 1 ст. 135 ГПК РФ судья возвращает исковое заявление в случае, если исковое заявление не подписано или исковое заявление подписано и подано лицом, не имеющим полномочий на его подписание и предъявление в суд. Вместе с тем, поскольку исковое заявление не подписано , судья приходит к выводу о возвращении искового заявления. На основании изложенного, руководствуясь ст.ст."
d_289c761157,"УСТАНОВИЛ: В Мещанский районный суд поступило исковое заявление фио к «Будущее» о признании договора об обязательном пенсионном страховании недействительным. Изучив настоящее заявление, суд приходит к следующим выводам. Согласно ст. 135 ГПК РФ судья возвращает исковое заявление в случае, если истцом не соблюден установленный федеральным законом для данной категории споров или предусмотренный договором сторон досудебный порядок урегулирования спора либо истец не представил документы, подтверждающие соблюдение досудебного порядка урегулирования спора с ответчиком, если это предусмотрено федеральным законом для данной категории споров или договором; 3 сентября 2018 года вступил в силу Федеральный закон от 4 июня 2018 года № 123-ФЗ «Об уполномоченном по правам потребителей финансовых услуг» (далее – Закон о финансовом уполномоченном), которым учреждена должность финансового уполномоченного для рассмотрения обращений потребителей финансовых услуг об удовлетворении требований иму"
d_2a554c2599,"УСТАНОВИЛ: подано исковое заявление к АО «НПФ «Будущее» о восстановлении срока для обращения с заявлением о выплате средств пенсионных накоплений умершего застрахованного лица. Данное исковое заявление не подписано. В соответствии с п. 4 ч. 1 ст. 135 ГПК РФ судья возвращает исковое заявление в случае, если исковое заявление не подписано или исковое заявление подписано и подано лицом, не имеющим полномочий на его подписание и предъявление в суд. На основании изложенного, руководствуясь ст.ст. 135, 224-225 ГПК РФ, ОПРЕДЕЛИЛ: Исковое заявление к АО «НПФ «Будущее» о восстановлении срока для обращения с заявлением о выплате средств пенсионных накоплений, - возвратить. На определение может быть подана частная жалоба в течение 15 дней в Московский городской суд через Мещанский районный суд г. Москвы. Судья Мещанский районный суд города Москвы Каланчевская, д. 43/А г. Москва, 129090 тел [ТЕЛЕФОН] факс [ТЕЛЕФОН] № М-12109/2022 Воронеж, ул. Независимости, 84-100 Напра"
d_2a93df0cd3,"УСТАНОВИЛ: обратился в суд с иском к АО «НПФ «Будущее» о восстановлении срока для принятия наследства, после смерти его отца , в порядке ст. 131-132 ГПК РФ. В соответствии с положениями п. 1 ст. 21 ГК РФ, гражданская дееспособность в полном объеме возникает по достижении восемнадцатилетнего возраста. Согласно ч. 5 ст. 37 ГПК РФ, права, свободы и законные интересы несовершеннолетних, не достигших возраста четырнадцати лет, а также граждан, признанных недееспособными защищают в процессе их законные представители, родители, усыновители, опекуны, попечители или иные лица, которым это право предоставлено федеральным законом. Как следует из ч. 1 ст. 52 ГПК РФ, права, свободы и законные интересы недееспособных или не обладающих полной дееспособностью граждан защищают в суде их родители, усыновители, опекуны, попечители или иные лица, которым это право предоставлено федеральным законом. Таким образом, несовершеннолетние, т.е. граждане, не достигшие 18 лет, не обладают процессуальной дее"
d_2c14115663,"УСТАНОВИЛ: Истец обратился в суд с иском к АО «НПФ «БУДУЩЕЕ», Пенсионному фонду Российской Федерации о признании договора об обязательном пенсионном страховании от ….. года № …., заключенного между и АО «НПФ «БУДУЩЕЕ», недействительным; применении последствий недействительности сделки в виде возложения на ответчика обязанности в срок не позднее 30 дней со дня получения соответствующего решения суда передать АО «Ханты-Мансийский НПФ» средства пенсионных накоплений истца в размере и в порядке, установленном п. 5.3 ст. 36.6 Федерального закона № 75-ФЗ от 7 мая 1998 года; взыскании расходов по оплате государственной пошлины. Свои исковые требования истец мотивирует тем, между ним и АО «Ханты-Мансийский НПФ» был заключен договор об обязательном пенсионном страховании № ….. от …. года и в результате оказания страховых услуг по договору на пенсионном счете истца аккумулировались пенсионные накопления, в том числе доход от размещения пенсионных накоплений. В …. году к истцу обратился а"
d_2cc23d9a19,"УСТАНОВИЛ: В Мещанский районный суд поступило исковое заявление к «Будущее» о восстановлении срока. Указанное исковое заявление подлежит оставлению без движения, как поданное с нарушением требований ст.131,132 ГПК РФ, по следующим основаниям. В силу ст.131 ГПК РФ в исковом заявлении должны быть указаны: -наименование суда, в который подается заявление; -наименование истца, его место жительства или, если истцом является организация, ее место нахождения, а также наименование представителя и его , если заявление подается представителем; -наименование ответчика, его место жительства или, если ответчиком является организация, ее место нахождения; -в чем заключается нарушение либо угроза нарушения прав, свобод или законных интересов истца и его требования; -обстоятельства, на которых истец основывает свои требования, и доказательства, подтверждающие эти обстоятельства; -цена иска, если он подлежит оценке, а также расчет взыскиваемых или оспариваемых денежных сумм; -сведе"
d_2d7a6ab2bc,"УСТАНОВИЛ: В Мещанский районный суд г. Москвы поступило исковое заявление фио к АО «НПФ «БУДУЩЕЕ» о признании недействительным договора об обязательном пенсионном страховании, применении последствий недействительности сделки, взыскании компенсации морального вреда. Пунктом 4 ч. 1 ст. 135 ГПК РФ предусмотрено, что судья возвращает исковое заявление в случае, если исковое заявление не подписано или исковое заявление подписано и подано лицом, не имеющим полномочий на его подписание и предъявление в суд. Как усматривается из заявления, оно не подписано заявителем. В связи с вышеизложенным, данное исковое заявление подлежит возврату. Данное обстоятельство не препятствует повторной подаче подписанного надлежащим лицом заявления. На основании изложенного и руководствуясь ст. 135 ГПК РФ, судья ОПРЕДЕЛИЛ: Исковое заявление фио к АО «НПФ «БУДУЩЕЕ» о признании недействительным договора об обязательном пенсионном страховании, применении последствий недействительности сделки, взыскании компенсации"
d_2d7e346926,"УСТАНОВИЛ: И.О. прокурора г. Ноябрьска обратился в суд в интересах с иском к АО «НПФ «БУДУЩЕЕ» о признании недействительным договора об обязательном пенсионном страховании, указывая, что не выражала воли на подписание указанного договора, не заключала такой договор и не подписывала заявление о досрочном переходе в фонд; просит суд признать недействительным договор об обязательном пенсионном страховании № [СНИЛС] от года, применить последствия недействительности сделки, обязать прекратить обработку персональных данных. Истец в судебное заседание не явился, о времени и месте судебного разбирательства извещался надлежащим образом, просил о рассмотрении дела в свое отсутствие. Представитель ответчика в судебное заседание не явился, извещен, в ходе судебного разбирательства заявил о пропуске истцом сроков исковой давности на обращение в суд с иском. Представитель Пенсионного фонда России в судебное заседание явился, возражал против удовлетворения иска к Пенсионному фо"
d_2e1da709f9,"УСТАНОВИЛ: Истец прокурор Иркутского района, действуя в защиту прав и законных интересов ФИО1 , обратился в суд с исковым заявлением к АО «Негосударственный пенсионный фонд «Будущее», в котором просит признать договор обязательного пенсионного страхования заключенный между ФИО1 и АО «НПФ «БУДУЩЕЕ» недействительным; обязать АО «НПФ «БУДУЩЕЕ» в срок не позднее 30 дней со дня получения решения суда передать в ПФР средства пенсионных накоплений, проценты за неправомерное пользование средствами пенсионных накоплений, определяемые в соответствии со статьей 395 Гражданского кодекса Российской Федерации, и средства, направленные на формирование собственных средств фонда, сформированные за счет дохода от инвестирования средств пенсионных накоплений соответствующего застрахованного лица, в порядке, предусмотренном пунктом 5.3 статьи 36.6 Федерального закона от № 75-ФЗ «О негосударственных пенсионных фондах»; запретить обработку и хранение персональных данных гражданина ФИО1 В обоснова"
d_2e5dd5a64d,"РЕШЕНИЕ ИМЕНЕМ РОССИЙСКОЙ ФЕДЕРАЦИИ 16 мая 2023 года Мещанский районный суд в составе председательствующего судьи , при секретаре фио., рассмотрев в открытом судебном заседании гражданское /2023 по иску к Достойное будущее о признании незаконным решения об отказе в назначении накопительной пенсии, признании права на получении накопительной пенсии, руководствуясь ст. 193, 199 ГПК РФ, суд РЕШИЛ: В удовлетворении исковых требований к Достойное будущее о признании незаконным решения об отказе в назначении накопительной пенсии, признании права на получении накопительной пенсии, – отказать в полном объеме. Решение может быть обжаловано в Московский городской суд через Мещанский районный суд в течение месяца путем подачи апелляционной жалобы. Судья"
d_2eea1a7eec,"УСТАНОВИЛ: Истец обратилась в суд с иском к «Будущее», ГУ ПФ РФ об обязании уничтожить персональные данные, признании договора недействительным, применении последствий недействительности сделки, признании действий по удержанию инвестиционного дохода незаконными, обязании передать удержанный инвестиционный доход, взыскании убытков, компенсации морального вреда, взыскании судебных расходов. В обоснование заявленных требований указано, что в 2018 году истец узнала, что средства пенсионных накоплений были незаконно переведены из ГУ ПФ РФ в «Будущее» на основании договора об обязательном пенсионном страховании, которого истец не заключала, заявлений о переходе в другие негосударственные пенсионные фонды не подавала, поручение на выпуск электронной подписи не давала. Истец в судебное заседание не явилась, извещена. Представитель истца в суд явился, требования поддержал. Представитель «Будущее» в суд явилась, просила в иске отказать в связи с пропуском истцом срока исковой д"
d_2f76a499e0,"УСТАНОВИЛ: В Мещанский районный суд г. Москвы поступило исковое заявление к АО «НПФ «Достойное БУДУЩЕЕ» о восстановлении пропущенного срока для обращения правопреемника с заявлением о выплате средств пенсионных накоплений, учтенных на пенсионном счете накопительной пенсии умершего застрахованного лица. Изучив настоящее заявление, суд приходит к следующим выводам. Согласно ч. 4 ст. ст. 131 ГПК РФ исковое заявление подписывается истцом или его представителем при наличии у него полномочий на подписание заявления и предъявление его в суд. В соответствии с положениями п. 1 ст. 21 ГК РФ гражданская дееспособность в полном объеме возникает по достижении восемнадцатилетнего возраста. Согласно ч. 5 ст. 37 ГПК РФ права, свободы и законные интересы несовершеннолетних, не достигших возраста четырнадцати лет, а также граждан, признанных недееспособными защищают в процессе их законные представители, родители, усыновители, опекуны, попечители или иные лица, которым это право предоставлено федерал"
d_2fd632e362,"УСТАНОВИЛ: обратился в суд с иском к АО «НПФ «Достойное будущее» об установлении факта, восстановлении срока для обращения с заявлением о выплате средств пенсионных накоплений, обязании выплатить пенсионные накопления. В соответствии с пп. 2 п. 1 ст. 135 ГПК РФ судья возвращает исковое заявление в случае, если дело неподсудно данному суду. Согласно ст. 28 ГПК РФ иск к организации предъявляется в суд по адресу организации. Место нахождения ответчика АО «НПФ «Достойное будущее»: г. Москва, проезд Завода Серп и Молот, д. 10, - не относится к территориальной юрисдикции Мещанского районного суда г. Москвы, в связи с чем оснований для принятия к производству Мещанским районным судом г. Москвы настоящего искового заявления не имеется. На основании изложенного, руководствуясь ст.ст. 135, 224-225 ГПК РФ, суд ОПРЕДЕЛИЛ: Исковое заявление к АО «НПФ «Достойное будущее» об установлении факта, восстановлении срока для обращения с заявлением о выплате средств пенсионных накоплений, обязании"
d_2ffe632549,"УСТАНОВИЛ: Истец обратился в суд с исковым заявлением к АО НПФ Будущее об установлении факта, имеющего юридическое значение и восстановлении срока для обращения с заявлением о выплате средств пенсионных накоплений, учтенных на пенсионном счете накопительной пенсии. В соответствии со ст.135 ГПК РФ судья возвращает исковое заявление, если исковое заявление не подписано. Поскольку исковое заявление не подписано, его необходимо возвратить. На основании изложенного, руководствуясь ст. ст. 135, 224, 225 ГПК РФ, суд О П Р Е Д Е Л И Л : Возвратить исковое заявление к АО НПФ Будущее об установлении факта, имеющего юридическое значение и восстановлении срока для обращения с заявлением о выплате средств пенсионных накоплений, учтенных на пенсионном счете накопительной пенсии. На определение может быть подана частная жалоба в Московский городской суд г.Москвы в течение 15 дней. Судья РОССИЙСКАЯ ФЕДЕРАЦИЯ Мещанский районный суд города Москвы ул. Каланчевская, д. 43А г. Москва, 129090 тел. 8"
d_3034f857ee,"УСТАНОВИЛ: В Мещанский районный суд города Москвы поступило исковое заявление к АО «НПФ «Будущее» о восстановлении пропущенного срока для обращения с заявлением о выплате средств пенсионных накоплений, учтенных на пенсионном счете накопительной пенсии умершего застрахованного лица. Указанное заявление подлежит оставлению без движения, как поданное с нарушением требований ст. ст. 131, 132 ГПК РФ по следующим основаниям. В силу требований ст. 132 ГПК РФ к исковому заявлению прилагаются, в числе прочего, уведомление о вручении или иные документы, подтверждающие направление другим лицам, участвующим в деле, копий искового заявления и приложенных к нему документов, которые у других лиц, участвующих в деле, отсутствуют, в том числе в случае подачи в суд искового заявления и приложенных к нему документов посредством заполнения формы, размещенной на официальном сайте соответствующего суда в информационно-телекоммуникационной сети ""Интернет"". К настоящему иску не приложены сведения о направ"
d_30bcc6c53e,"УСТАНОВИЛ: В обоснование заявленных исковых требований, измененных в порядке ст. 39 ГПК РФ, указано, что в прокуратуру .... с заявлением о нарушении пенсионных обратилась К.Е.Н. , **/**/**** г.р., из которого следует, что пенсионные накопления были незаконно переведены из государственного Пенсионного Фонда в АО «НПФ «БУДУЩЕЕ». При этом средства пенсионных накоплений К.Е.Н. переведены в АО «НПФ «БУДУЩЕЕ» **/**/**** на основании заявления о досрочном переходе в негосударственный пенсионный фонд от **/**/**** № , поступившее в Отделение ПФР по .... и .... . Прокуратурой установлено, что на основании заявления застрахованного лица о досрочном переходе из пенсионного фонда Российской Федерации в негосударственный пенсионный фонд, осуществляющей деятельность по обязательному пенсионному страхованию К.Е.Н. заявила о намерении осуществлять дальнейшее формирование своей накопительной пенсии через государственный пенсионный фонд Акционерное общество «Негосударственный пенсионный фонд «БУДУЩЕЕ»."
d_31ef7f91a8,"/2022 РЕШЕНИЕ именем Российской Федерации 28 марта 2022 года г. Москва Мещанский районный суд г. Москвы в составе председательствующего судьи , секретаря судебного заседания , рассмотрев в открытом судебном заседании гражданское /2022 по иску к АО «НПФ «Будущее» о признании Договора незаключенным, обязании передать в Пенсионный фонд РФ средства пенсионных накоплений, взыскании процентов за пользование чужими денежными средствами, руководствуясь ст.ст. 194-199 ГПК РФ, суд Исковые требования удовлетворить частично. Признать Договор об обязательном пенсионном страховании № [СНИЛС] от 31 декабря 2015 года между АО «Негосударственный пенсионный фонд «Будущее» и незаключенным. Обязать АО НПФ «Будущее» в течение 30 дней с даты вступления в законную силу решения по настоящему делу передать в Пенсионный фонд РФ средства пенсионных накоплений, инвестиционный доход в размере, определенном в порядке, установленном Федеральным законом «О негосударственных пе"
d_327a0b5456,"УСТАНОВИЛ: В Мещанский районный суд поступило исковое заявление к «БУДУЩЕЕ» о восстановлении срока. Указанное исковое заявление подлежит оставлению без движения, как поданное с нарушением требований ст.131,132 ГПК РФ, по следующим основаниям. В силу ст.131 ГПК РФ в исковом заявлении должны быть указаны: 1) наименование суда, в который подается заявление; 2) наименование истца, его место жительства или, если истцом является организация, ее , а также наименование представителя и его , если заявление подается представителем; 3) сведения об ответчике: для гражданина - фамилия, имя, отчество (при наличии) и место жительства, а также паспортные данные, место работы (если они известны) и один из идентификаторов (страховой номер индивидуального лицевого счета, идентификационный номер налогоплательщика, серия и номер документа, удостоверяющего личность, основной государственный регистрационный номер индивидуального предпринимателя, серия и номер водительского удостовер"
d_336654be6d,"УСТАНОВИЛ: В Мещанский районный суд города Москвы поступило исковое заявление к АО «НПФ «БУДУЩЕЕ» о восстановлении пропущенного срока для обращения с заявлением о выплате средств пенсионных накоплений умершего застрахованного лица. Ознакомившись с исковым заявлением и приложенными документами, судья приходит к выводу о том, что исковое заявление подлежит оставлению без движения по следующим основаниям. Согласно п. 5 ч. 2 ст. 131 ГПК РФ в исковом заявлении должны быть указаны обстоятельства, на которых истец основывает свои требования, и доказательства, подтверждающие эти обстоятельства. В соответствии со ст. 132 ГПК РФ к исковому заявлению прилагаются, в том числе, документ, подтверждающий уплату государственной пошлины в установленных порядке и размере или право на получение льготы по уплате государственной пошлины, либо ходатайство о предоставлении отсрочки, рассрочки, об уменьшении размера государственной пошлины или об освобождении от уплаты государственной пошлины. В соответст"
d_336cb51217,"УСТАНОВИЛ: обратилась в суд с заявлением правопреемника о выплате средств пенсионных накоплений, учтённых на пенсионном счете накопительной пенсии умершего застрахованного лица. Вместе с тем, вышеуказанное заявление не соответствует требованиям статей 131, 132 Гражданского процессуального кодекса РФ, в связи с чем, не может быть принято к производству суда. Согласно положениям закона, граждане обращаются в суд не с заявлением по произвольной форме, а в порядке подачи искового заявления, подготовленного с выполнением требований статьи 131, 132 ГПК РФ. Согласно положениям статьи 131 ГПК РФ в исковом заявлении должны быть указаны: 1) наименование суда, в который подается заявление; 2) наименование истца, его место жительства или, если истцом является организация, ее место нахождения, а также наименование представителя и его , если заявление подается представителем; 3) наименование ответчика, его место жительства или, если ответчиком является организация, ее место нахождения; 4) в"
d_33bed2d15f,"УСТАНОВИЛ: обратилась в суд с иском к АО «НПФ «Будущее» о восстановлении срока для обращения с заявлением о выплате средств пенсионных накоплений. Вместе с тем, вышеуказанное заявление не соответствует требованиям статей 132 Гражданского процессуального кодекса РФ, в связи с чем, не может быть принято к производству суда. Согласно статье 132 ГПК РФ, к исковому заявлению прилагаются, в частности, документы, подтверждающие обстоятельства, на которых истец основывает свои требования, копии этих документов для ответчиков и третьих лиц, если копии у них отсутствуют. Вместе с тем, исковое заявление указанным выше нормам не соответствует: к исковому заявлению не приложены документы, подтверждающие обстоятельства, на которых истец основывает свои требования, а также копии этих документов, в частности, истец просит восстановить срок для обращения с заявлением о выплате средств пенсионных накоплений , однако, документов, подтверждающих факт родства истца с умершим застрахованным лицом, не"
d_33ce0ffb08,"Иркутский районный суд Иркутской области А А А Обычная версия сайта развернуть 664047, Иркутская обл., г. Иркутск, ул. Байкальская, д. 30 Тел.: (3952) 20-84-79, 20-96-06 (ф.) irkutsky.irk@sudrf.ru Иркутский районный суд Иркутской области 664047, Иркутская обл., г. Иркутск, ул. Байкальская, д. 30 Тел.: (3952) 20-84-79, 20-96-06 (ф.) irkutsky.irk@sudrf.ru Закрыть Мобильная версия Главная Карта сайта Судебное делопроизводство Территориальная подсудность Калькулятор госпошлины Главная Подача процессуальных документов в электронном виде О СУДЕ ТЕРРИТОРИАЛЬНАЯ ПОДСУДНОСТЬ СУДЕЙСКОЕ СООБЩЕСТВО НОРМАТИВНЫЕ АКТЫ ДОКУМЕНТЫ СУДА СУДЕБНОЕ ДЕЛОПРОИЗВОДСТВО СПРАВОЧНАЯ ИНФОРМАЦИЯ КАЛЬКУЛЯТОР ГОСПОШЛИНЫ ПРЕСС-СЛУЖБА УПРАВЛЕНИЕ СУДЕБНОГО ДЕПАРТАМЕНТА СУДЫ СУБЪЕКТА РФ МУНИЦИПАЛЬНЫЕ ОРГАНЫ ВЛАСТИ ВАКАНСИИ ПРОТИВОДЕЙСТВИЕ КОРРУПЦИИ ОБРАЩЕНИЯ ГРАЖДАН ВНЕПРОЦЕССУАЛЬНЫЕ ОБРАЩЕНИЯ Карта сайта ВЕРСИЯ ДЛЯ СЛАБОВИДЯЩИХ Подача процессуальных документов в электронном виде О СУДЕ СУДЕЙСКОЕ СООБЩЕСТВО НОРМАТИВНЫЕ АК"
d_3429a1a6eb,"УСТАНОВИЛ: обратился в суд с иском к АО «НПФ «Будущее» о признании договора недействительным, применении последствий недействительности сделки. В обоснование заявленных требований истец указал, что является застрахованным лицом в системе обязательного пенсионного страхования, страховщиком истца был Пенсионный фонд РФ, однако, в истца поступило уведомление о переводе средств пенсионных накоплений истца в АО «НПФ БУДУЩЕЕ» ввиду заключения договора между истцом и АО «НПФ БУДУЩЕЕ». Однако, указывает истец, заявления о переходе, являющегося основанием для внесения изменений в Единый реестр застрахованных лиц, в Пенсионный фонд Российской Федерации, истец не подавал, как не давал поручений удостоверяющему центру либо его доверенным лицам на подачу заявления в форме электронного документа, подписанного электронной подписью, а также не давал поручения на создание электронной подписи, следовательно, договор обязательного пенсионного страхования, заключенный истцом с ответчиком, не мог"
d_346e3b3d50,"УСТАНОВИЛ: Истец обратилась в суд с иском к АО «НПФ «БУДУЩЕЕ», Пенсионному Фонду РФ о признании недействительным договора об обязательном пенсионном страховании между истцом и ответчиком, на основании которого средства пенсионных накоплений истца переведены из ПФРФ в Свердловском районе г. Иркутска в АО «НПФ «БУДУЩЕЕ»; применении последствий недействительности сделки путем обязания АО «НПФ «БУДУЩЕЕ» в срок не позднее 30 дней со дня получения соответствующего решения суда передать средства пенсионных накоплений истца в размере и порядке, установленных п. 5.3 ст. 36.6 Федерального закона № 75-ФЗ от дата; прекратить незаконную обработку её персональных данных; перевести инвестирование средств пенсионных накоплений, взыскать судебные расходы понесенные на оплату услуг представителя в размере 25000 руб., нотариальные расходы в размере 1900 руб., а также расходы по оплате государственной пошлины в размере 900 руб. Свои исковые требования истец мотивирует тем, что в мае 2019 года сред"
d_34971d5c95,"УСТАНОВИЛ: В Мещанский районный суд г. Москвы поступило исковое заявление к АО «НПФ «БУДУЩЕЕ» о восстановлении срока для обращения правопреемника по закону с заявлением о выплате средств пенсионных накоплений. Указанное исковое заявление подлежит оставлению без движения, как поданное с нарушением требований ст.ст. 131,132 ГПК РФ, по следующим основаниям. В силу ст.131 ГПК РФ в исковом заявлении должны быть указаны: 1) наименование суда, в который подается заявление; 2) наименование истца, его место жительства или, если истцом является организация, ее , а также наименование представителя и его , если заявление подается представителем; 3) сведения об ответчике: для гражданина - фамилия, имя, отчество (при наличии) и место жительства, а также дата и место рождения, место работы (если они известны) и один из идентификаторов (страховой номер индивидуального лицевого счета, идентификационный номер налогоплательщика, серия и номер документа, удостоверяющего личность, основной го"
d_34d2bf272b,"УСТАНОВИЛ: обратилась в суд с иском к ОАО «НПФ «Будущее» о восстановлении срока для обращения с заявлением о выплате средств пенсионных накоплений. Вместе с тем, вышеуказанное заявление не соответствует требованиям статей 132 Гражданского процессуального кодекса РФ, в связи с чем, не может быть принято к производству суда. Согласно статье 132 ГПК РФ, к исковому заявлению прилагаются, в частности, документы, подтверждающие обстоятельства, на которых истец основывает свои требования, копии этих документов для ответчиков и третьих лиц, если копии у них отсутствуют. Вместе с тем, исковое заявление указанным выше нормам не соответствует: к исковому заявлению не приложены документы, подтверждающие обстоятельства, на которых истец основывает свои требования, а также копии этих документов, в частности, истец просит восстановить срок для обращения с заявлением о выплате средств пенсионных накоплений , документов, подтверждающих факт нахождения в родстве с умершим застрахованным лицом, не"
d_354952eec4,"Иркутский районный суд Иркутской области А А А Обычная версия сайта развернуть 664047, Иркутская обл., г. Иркутск, ул. Байкальская, д. 30 Тел.: (3952) 20-84-79, 20-96-06 (ф.) irkutsky.irk@sudrf.ru Иркутский районный суд Иркутской области 664047, Иркутская обл., г. Иркутск, ул. Байкальская, д. 30 Тел.: (3952) 20-84-79, 20-96-06 (ф.) irkutsky.irk@sudrf.ru Закрыть Мобильная версия Главная Карта сайта Судебное делопроизводство Территориальная подсудность Калькулятор госпошлины Главная Подача процессуальных документов в электронном виде О СУДЕ ТЕРРИТОРИАЛЬНАЯ ПОДСУДНОСТЬ СУДЕЙСКОЕ СООБЩЕСТВО НОРМАТИВНЫЕ АКТЫ ДОКУМЕНТЫ СУДА СУДЕБНОЕ ДЕЛОПРОИЗВОДСТВО СПРАВОЧНАЯ ИНФОРМАЦИЯ КАЛЬКУЛЯТОР ГОСПОШЛИНЫ ПРЕСС-СЛУЖБА УПРАВЛЕНИЕ СУДЕБНОГО ДЕПАРТАМЕНТА СУДЫ СУБЪЕКТА РФ МУНИЦИПАЛЬНЫЕ ОРГАНЫ ВЛАСТИ ВАКАНСИИ ПРОТИВОДЕЙСТВИЕ КОРРУПЦИИ ОБРАЩЕНИЯ ГРАЖДАН ВНЕПРОЦЕССУАЛЬНЫЕ ОБРАЩЕНИЯ Карта сайта ВЕРСИЯ ДЛЯ СЛАБОВИДЯЩИХ Подача процессуальных документов в электронном виде О СУДЕ СУДЕЙСКОЕ СООБЩЕСТВО НОРМАТИВНЫЕ АК"
d_3837ffb996,"УСТАНОВИЛ: Истец фио обратился в суд с иском к наименование организации о признании договора об обязательном пенсионном страховании № [СНИЛС] от дата, заключенного между наименование организации и фио, недействительным, обязании передать в наименование организации пенсионные накопления, отраженные на пенсионном счете фио, а также инвестиционный доход, начисленный по итогам текущего финансового года и с начала финансового года до момента передачи, взыскании компенсации морального вреда в размере сумма, взыскании расходов по оплате государственной пошлины в размере сумма, расходов на оплату услуг представителя в размере сумма Свои исковые требования истец мотивирует тем, что от имени фио с наименование организации дата был заключен договор об обязательном пенсионном страховании № [СНИЛС], который истец не подписывал, заявления о переводе денежных средств в указанный негосударственный пенсионный фонд не писал. Между тем, дата истец заключил договор об обязательном пенсионном страховании с"
d_384357bef5,"УСТАНОВИЛ: ФИО1 .... , действующий в защиту прав и законных интересов ФИО2 обратился в суд с исковым заявлением к АО НПФ Будущее, в котором согласно уточнений просит: признать недействительным договор об обязательном пенсионном страховании от **/**/**** , заключенный между АО «Негосударственный пенсионный фонд «Будущее» и ФИО2 , **/**/**** года рождения; обязать АО «Негосударственный пенсионный фонд «Будущее» передать Пенсионному фонду Российской Федерации средства пенсионных накоплений ФИО2 в размере 71 617,76 рублей в срок не позднее 30 дней со дня вступления решения в законную силу; запретить АО «Негосударственному пенсионному фонду «Будущее» обработку и хранение персональных данных ФИО2 . В обоснование заявленных исковых требований указал, что в прокуратуру ФИО4 .... с заявлением о нарушении пенсионных прав обратилась ФИО2 , **/**/**** г.р. Установлено, что ее пенсионные накопления были незаконно переведены из государственного Пенсионного Фонда в АО «НПФ «БУДУЩЕЕ». При этом средств"
d_38f04ea58d,"УСТАНОВИЛА: обратился в суд с иском к АО «НПФ «Будущее», ПФР, АО НПФ ВТБ Пенсионный фонд, просил признать недействительным заключенный между ним и АО НПФ ВТБ Пенсионный фонд договор об обязательном пенсионном страховании недействительным, применить последствия недействительности данного договора, обязать АО НПФ ВТБ Пенсионный фонд передать средства пенсионных накоплений истца предыдущему страховщику – АО «НПФ «Будущее», взыскать с АО НПФ ВТБ Пенсионный фонд в пользу АО «НПФ «Будущее» средства, сформированные за счет средств дохода от инвестирования средств пенсионных накоплений застрахованного лица, проценты за пользование чужими денежными средствами, обязать ПФР внести изменения в Единый реестр застрахованных лиц, связанные с возвратом средств пенсионных накоплений в АО «НПФ «Будущее», обязать АО «НПФ «Будущее» восстановить на пенсионном счете истца сумму инвестиционного дохода, взыскать судебные расходы. При рассмотрении дела представителем АО НПФ ВТБ Пенсионный фонд было заявлен"
d_39391ec3de,"УСТАНОВИЛ: В Мещанский районный суд города Москвы поступило исковое заявление к АО «НПФ «Достойное будущее» о восстановлении срока для обращения с заявлением о выплате средств пенсионных накоплений умершего застрахованного лица. Согласно ч. 2 ст. 131 ГПК РФ в исковом заявлении должны быть указаны: 1) наименование суда, в который подается заявление; 2) сведения об истце: для гражданина - фамилия, имя, отчество (при наличии), дата и место рождения, место жительства или место пребывания, один из идентификаторов (страховой номер индивидуального лицевого счета, идентификационный номер налогоплательщика, серия и номер документа, удостоверяющего личность, серия и номер водительского удостоверения); для организации - наименование, , идентификационный номер налогоплательщика; если заявление подается представителем, - также фамилия, имя, отчество (при наличии) или наименование представителя, для направления судебных повесток и иных судебных извещений, один из идентификаторов предс"
d_3949467bbf,"77RS0016-02-2025-011224-26 № М-6601/2025 ОПРЕДЕЛЕНИЕ 10 июня 2025 года судья Мещанского районного суда города Москвы , рассмотрев исковое заявление к АО НПФ БУДУЩЕЕ о восстановлении срока для обращения за выплатой пенсионных накоплений, установил: истец обратился в суд с вышеуказанными требованиями к ответчику. Настоящее исковое заявление не может быть принято к производству Мещанского районного суда города Москвы по следующим основаниям. Согласно ст. 135 ГПК РФ судья возвращает исковое заявление в случае, если: исковое заявление не подписано или исковое заявление подписано и подано лицом, не имеющим полномочий на его подписание и предъявление в суд. Настоящее исковое заявление не подписано истцом, или уполномоченным представителем. Поскольку настоящее заявление не подписано истцом, или уполномоченным представителем, то оно подлежит возврату истцу. руководствуясь ст. 135 п. 1 ГПК РФ, судья определил: Возвратить исковое заявление к АО НПФ БУДУЩЕЕ о восстановлении срок"
d_3953d4e782,"УСТАНОВИЛ: обратился в суд с иском к ""Достойное БУДУЩЕЕ"" о восстановлении срока для обращения правопреемника по договору (заявлению) с заявлением о выплате средств пенсионных накоплений. Вместе с тем, заявление, поданное не соответствует требованиям статей 132 Гражданского процессуального кодекса РФ, в связи с чем, не может быть принято к производству суда. Согласно статье 132 ГПК РФ, к исковому заявлению прилагаются, в частности, документы, подтверждающие обстоятельства, на которых истец основывает свои требования, копии этих документов для ответчиков и третьих лиц, если копии у них отсутствуют. Вместе с тем, исковое заявление указанным выше нормам не соответствует: к исковому заявлению не приложены документы, подтверждающие обстоятельства, на которых истец основывает свои требования, а также копии этих документов, в частности, свидетельство о смерти фио. Принимая во внимание, что заявителем не исполнены требования о предоставлении необходимых документов при обращении в"
d_39fd780536,"О П Р Е Д Е Л Е Н И Е 19 декабря 2023 года <> Судебная коллегия по гражданским делам Второго кассационного суда общей юрисдикции в составе: председательствующего , судей , , рассмотрела в открытом судебном заседании гражданское дело по иску ФИО1 к акционерному обществу «Негосударственный пенсионный фонд «Будущее» по кассационной жалобы ФИО1 Алёны ФИО2 на решение Мещанского районного суда <> от и апелляционное определение судебной коллегии по гражданским делам Московского городского суда от ДД.ММ.ГГГГ . Заслушав доклад судьи , объяснения представителя ответчика акционерного общества «Негосударственный пенсионный фонд «Будущее» ФИО9 , объяснения представителя третьего лица ФИО10 , возражавших против удовлетворения кассационной жалобы истца, судебная коллегия по гражданским делам Второго кассационного суда общей юрисдикции У С Т А Н О В И Л А: обратилась в суд с иском к АО «НПФ «БУДУЩЕЕ» о признании договора об обязательном пенсионном страховании незак"
d_3aab1988d6,"77RS0016-02-2025-011878-04 № М-7046/2025 ОПРЕДЕЛЕНИЕ 10 июня 2025 года судья Мещанского районного суда города Москвы , рассмотрев исковое заявление к АО НПФ БУДУЩЕЕ о восстановлении срока для обращения за выплатой пенсионных накоплений, установил: настоящее заявление не может быть принято к производству Мещанского районного суда города Москвы по следующим основаниям. В соответствии со ст. 131 п. 4 ГПК РФ заявление подписывается истцом (заявителем) или его представителем при наличии у него полномочий на подписание заявления и предъявления его в суд. Согласно статьям 53, 54 ГПК РФ полномочия представителя должны быть выражены в доверенности, выданной и оформленной в соответствии с законом. Доверенность от имени организации выдается за подписью ее руководителя или иного уполномоченного лица. Право представителя на подписание искового заявления, предъявление его в суд, должны быть специально оговорены в доверенности, выданной представляемым лицом. Согласно ст. 135 п. 1 судья воз"
d_3b103df4b8,"УСТАНОВИЛ: Истец обратилась в суд с иском к АО «НПФ «БУДУЩЕЕ», Пенсионному фонду Российской Федерации о признании договора об обязательном пенсионном страховании от ….. года № ……, заключенного между и АО «НПФ «БУДУЩЕЕ», недействительным; применении последствий недействительности сделки в виде возложения на ответчика обязанности в срок не позднее 30 дней со дня получения соответствующего решения суда передать АО «Ханты-Мансийский НПФ» средства пенсионных накоплений истца в размере и в порядке, установленном п. 5.3 ст. 36.6 Федерального закона № 75-ФЗ от 7 мая 1998 года; взыскании расходов по оплате государственной пошлины. Свои исковые требования истец мотивирует тем, что в ….. году между ним и АО «Ханты-Мансийский НПФ» был заключен договор об обязательном пенсионном страховании и в результате оказания страховых услуг по договору на пенсионном счете истца аккумулировались пенсионные накопления, в том числе доход от размещения пенсионных накоплений. В …… году к истцу обратился аг"
d_3b12d1fbd6,"УСТАНОВИЛ: Истец и.о. прокурора обратился в суд в интересах к «Будущее» с иском о признании договора недействительным, восстановлении неполученного инвестиционного дохода в Фонде пенсионного и социального страхования. В обоснование заявленных исковых требований указано, что в 2017 году средства пенсионных накоплений были незаконно переведены из пенсионного фонда в «Будущее » в соответствии с новым договором об обязательном пенсионном страховании, якобы заключенным между и «Будущее» 31 октября 2017 года. Однако фио никакие договора об обязательном пенсионном страховании с какими-либо негосударственными пенсионными фондами не заключала, доверенности на заключение таких договоров не выдавала, заявления застрахованного лица о переходе/досрочном переходе в негосударственные пенсионные фонды не подписывала и в ПФР не подавала, поручения удостоверяющему центру на выпуск электронной подписи для подписания таких заявлений не давала. Прокурор просит признать д"
d_3b92c0aa24,"УСТАНОВИЛ: В Мещанский районный суд г. Москвы поступило исковое заявление к АО «НПФ «БУДУЩЕЕ» о восстановлении пропущенного срока для обращения с заявлением о выплате средств пенсионных накоплений, учтенных на пенсионном счёте накопительной пенсии умершего застрахованного лица. Указанное исковое заявление подлежит оставлению без движения, как поданное с нарушением требований ст.131,132 ГПК РФ, по следующим основаниям. В силу ст.131 ГПК РФ в исковом заявлении должны быть указаны: -наименование суда, в который подается заявление; -наименование истца, его место жительства или, если истцом является организация, ее место нахождения, а также наименование представителя и его , если заявление подается представителем; -наименование ответчика, его место жительства или, если ответчиком является организация, ее место нахождения; -в чем заключается нарушение либо угроза нарушения прав, свобод или законных интересов истца и его требования; -обстоятельства, на которых истец основывает свои т"
d_3be090e466,"УСТАНОВИЛ: В Мещанский районный суд города Москвы поступило исковое заявление к АО НПФ «Будущее» о выплате средств пенсионных накоплений. Согласно ч. 2 ст. 131 ГПК РФ в исковом заявлении должны быть указаны: 1) наименование суда, в который подается заявление; 2) сведения об истце: для гражданина - фамилия, имя, отчество (при наличии), дата и место рождения, место жительства или место пребывания, один из идентификаторов (страховой номер индивидуального лицевого счета, идентификационный номер налогоплательщика, серия и номер документа, удостоверяющего личность, серия и номер водительского удостоверения); для организации - наименование, , идентификационный номер налогоплательщика; если заявление подается представителем, - также фамилия, имя, отчество (при наличии) или наименование представителя, для направления судебных повесток и иных судебных извещений, один из идентификаторов представителя (для гражданина); 3) сведения об ответчике: для гражданина - фамилия, имя, отчеств"
d_3c3a822c07,"УСТАНОВИЛ: В Мещанский районный суд поступило исковое заявление к «БУДУЩЕЕ» о восстановлении пропущенного срока для обращения правопреемника с заявлением о выплате средств пенсионных накоплений, учтенных на пенсионном счете накопительной пенсии умершего застрахованного лица. Изучив настоящее заявление, суд приходит к следующим выводам. Согласно ч. 4 ст. ст. 131 ГПК РФ исковое заявление подписывается истцом или его представителем при наличии у него полномочий на подписание заявления и предъявление его в суд. Исковое заявление, подаваемое в электронном виде, содержащее ходатайство об обеспечении иска, должно быть подписано усиленной квалифицированной электронной подписью. В соответствии с п. 4 ч. 1 ст. 135 ГПК РФ судья возвращает исковое заявление в случае, если исковое заявление не подписано или исковое заявление подписано и подано лицом, не имеющим полномочий на его подписание и предъявление в суд. В настоящем случае в суд поступило исковое заявление, на котором отсутст"
d_3cbe8203c0,"УСТАНОВИЛ: В Мещанский районный суд г. Москвы поступило исковое заявление к АО «НПФ «БУДУЩЕЕ» о восстановлении пропущенного срока для обращения с заявлением о выплате средств пенсионных накоплений, учтенных на пенсионном счете накопительной пенсии умершего застрахованного лица. Изучив настоящее заявление, суд приходит к следующим выводам. Согласно ч. 4 ст. ст. 131 ГПК РФ исковое заявление подписывается истцом или его представителем при наличии у него полномочий на подписание заявления и предъявление его в суд. Исковое заявление, подаваемое в электронном виде, содержащее ходатайство об обеспечении иска, должно быть подписано усиленной квалифицированной электронной подписью. В соответствии с п. 4 ч. 1 ст. 135 ГПК РФ судья возвращает исковое заявление в случае, если исковое заявление не подписано или исковое заявление подписано и подано лицом, не имеющим полномочий на его подписание и предъявление в суд. В настоящем случае в суд поступило исковое заявление, на котором отсутствует подп"
d_3cef1cda58,"УСТАНОВИЛ: В Мещанский районный суд города Москвы поступило исковое заявление к АО «НПФ «Будущее» о восстановлении пропущенного срока для обращения с заявлением о выплате средств пенсионных накоплений, учтенных на пенсионном счете накопительной пенсии умершего застрахованного лица. Указанное заявление подлежит оставлению без движения, как поданное с нарушением требований ст. ст. 131, 132 ГПК РФ по следующим основаниям. В силу требований ст. 132 ГПК РФ к исковому заявлению прилагаются, в числе прочего, уведомление о вручении или иные документы, подтверждающие направление другим лицам, участвующим в деле, копий искового заявления и приложенных к нему документов, которые у других лиц, участвующих в деле, отсутствуют, в том числе в случае подачи в суд искового заявления и приложенных к нему документов посредством заполнения формы, размещенной на официальном сайте соответствующего суда в информационно-телекоммуникационной сети ""Интернет"". К настоящему иску не приложены сведения о направ"
d_3d2e6d4fc4,"УСТАНОВИЛ: , действующая в своих интересах и в интересах своего несовершеннолетнего ребенка фио 2007 г.р., обратились в суд с иском к «Достойное Будущее» о восстановлении срока для обращения правопреемника по договору (заявлению) с заявлением о выплате средств пенсионных накоплений. Определением суда от 18 мая 2023 года вышеуказанное исковое заявление было оставлено без движения, истцу предложено в срок до 16 июня 2023 года (включительно) исправить недостатки, в соответствии со статьями 131 и 132 ГПК РФ. Согласно ч.2 ст.136 ГПК РФ в случае, если заявитель в установленные сроки не выполнит указания судьи, перечисленные в определении об оставлении заявления без движения, заявление считается не поданным и возвращается заявителю со всеми приложенными документами. Таким образом, поскольку истец не устранил недостатки, указанные в определении суда об оставлении искового заявления без движения, суд считает заявлением не поданным, и как следствие подлежащему возврату. На основании"
d_3d8e1ad86f,"УСТАНОВИЛ: обратилась в суд с иском к «БУДУЩЕЕ» о признании договора об обязательном пенсионном страховании незаключенным и применении последствий незаключенности договора. В обоснование заявленных требований истец ссылается на то, что договор об обязательном пенсионном страховании от 31 декабря 2016 года она не подписывала. В предварительном судебном заседании представитель «БУДУЩЕЕ» заявил о пропуске истцом без уважительных причин срока исковой давности. Истец в суд не явилась, извещена. Выслушав представителя ответчика, исследовав материалы гражданского дела, суд приходит к следующему. Как усматривается из материалов дела, 31 декабря 2016 года между истцом и ответчиком был заключен договор №[СНИЛС] об обязательном пенсионном страховании. Согласно ч. 6 ст. 152 ГПК РФ в предварительном судебном заседании может рассматриваться возражение ответчика относительно пропуска истцом без уважительных причин срока исковой давности для защиты права и установленного федеральным за"
d_3dfaf1b389,"УСТАНОВИЛ: В Мещанский районный суд города Москвы поступило исковое заявление к АО «НПФ «Будущее» о признании договора об обязательном пенсионном страховании недействительным. Указанное заявление подлежит оставлению без движения, как поданное с нарушением требований ст. ст. 131, 132 ГПК РФ по следующим основаниям. В силу требований ст. 132 ГПК РФ к исковому заявлению прилагаются, в числе прочего, уведомление о вручении или иные документы, подтверждающие направление другим лицам, участвующим в деле, копий искового заявления и приложенных к нему документов, которые у других лиц, участвующих в деле, отсутствуют, в том числе в случае подачи в суд искового заявления и приложенных к нему документов посредством заполнения формы, размещенной на официальном сайте соответствующего суда в информационно-телекоммуникационной сети ""Интернет"". К настоящему иску не приложены сведения о направлении копии искового заявления и иных требуемых документов в ответчика. Согласно ст. 136 ГПК РФ судья"
d_3efc43e2bf,"УСТАНОВИЛ: В Мещанский районный суд поступило исковое заявление , действующей в интересах несовершеннолетнего фио, к «Будущее» о восстановлении срока для обращения за выплатой средств пенсионных накоплений. Указанное исковое заявление определением от 13 сентября 2024 года оставлено без движения, по мотивам, приведенным в данном определении, истцу предложено исправить недостатки в срок до 04 ноября 2024 года. Ввиду того, что истец не устранил недостатки, указанные в определении судьи об оставлении иска без движения, исковое заявление подлежит возвращению на основании п. 2 ст. 136 ГПК РФ. На основании изложенного, руководствуясь ст. ст. 135, 136, 224-225 ГПК РФ, суд ОПРЕДЕЛИЛ: Возвратить исковое заявление , действующей в интересах несовершеннолетнего фио, к «Будущее» о восстановлении срока для обращения за выплатой средств пенсионных накоплений. Возвращение искового заявления не препятствует повторному обращению истца в суд с иском к тому же ответчику, о том же п"
d_40fbbf0fca,"УСТАНОВИЛ: Истец обратилась в суд с иском к «БУДУЩЕЕ» о признании решения незаконным и обязании выплатить средства пенсионных накоплений. В обоснование заявленных требований указано, что между фио – сыном истца и «БУДУЩЕЕ» был заключен договор об обязательном пенсионном страховании между государственным пенсионным фондом и застрахованным лицом № [СНИЛС], по условиям которого фонд обязуется осуществлять деятельность страховщика по обязательному пенсионному страхованию, включающую аккумулирование и учет средств пенсионных накоплений, организацию их инвестирования, назначение и выплату застрахованному лицу накопительной части трудовой пенсии при наступлении пенсионных оснований, а в установленных случаях производить выплаты правопреемникам застрахованного лица. фио фио умер года. Правопреемником по вышеуказанному договору указана фио, паспортные данные Истец считает, что, являясь матерью фио, она относится к правопреемникам, имеющим право на получение выплат. Ис"
d_4105288cfd,"УСТАНОВИЛ: В Мещанский районный суд города Москвы поступило исковое заявление к АО «НПФ «Будущее» о восстановлении срока. Указанное заявление подлежит оставлению без движения, как поданное с нарушением требований ст. ст. 131, 132 ГПК РФ по следующим основаниям. В силу требований ст. 132 ГПК РФ к исковому заявлению прилагаются, в числе прочего, уведомление о вручении или иные документы, подтверждающие направление другим лицам, участвующим в деле, копий искового заявления и приложенных к нему документов, которые у других лиц, участвующих в деле, отсутствуют, в том числе в случае подачи в суд искового заявления и приложенных к нему документов посредством заполнения формы, размещенной на официальном сайте соответствующего суда в информационно-телекоммуникационной сети ""Интернет"". К настоящему иску не приложены сведения о направлении копии искового заявления и иных требуемых документов в ответчика. Согласно ст. 136 ГПК РФ судья, установив, что исковое заявление подано в суд без со"
d_416995fc53,"УСТАНОВИЛ: В Мещанский районный суд поступило исковое заявление к «Будущее» о восстановления срока. Указанное исковое заявление подлежит оставлению без движения, как поданное с нарушением требований ст.131,132 ГПК РФ, по следующим основаниям. В силу ст.131 ГПК РФ в исковом заявлении должны быть указаны: 1) наименование суда, в который подается заявление; 2) наименование истца, его место жительства или, если истцом является организация, ее , а также наименование представителя и его , если заявление подается представителем; 3) сведения об ответчике: для гражданина - фамилия, имя, отчество (при наличии) и место жительства, а также паспортные данные, место работы (если они известны) и один из идентификаторов (страховой номер индивидуального лицевого счета, идентификационный номер налогоплательщика, серия и номер документа, удостоверяющего личность, основной государственный регистрационный номер индивидуального предпринимателя, серия и номер водительского удостовер"
d_42a2521124,"УСТАНОВИЛ: В Мещанский районный суд поступило заявление к «Будущее» о назначении накопительной пенсии. Вместе с тем, указанное исковое заявление не может быть принято к производству суда. Пунктом 4 ч.1 ст.135 ГПК РФ предусмотрено, что судья возвращает исковое заявление в случае, если исковое заявление не подписано или исковое заявление подписано и подано лицом, не имеющим полномочий на его подписание и предъявление в суд. Как усматривается из заявления, оно не подписано истцом. При таких обстоятельствах, данное исковое заявление подлежит возврату. Данное обстоятельство не препятствует повторной подаче подписанного надлежащим лицом заявления. На основании изложенного, руководствуясь положениями статьи 135 ГПК РФ, суд ОПРЕДЕЛИЛ: Исковое заявление к «Будущее» о назначении накопительной пенсии - возвратить истцу. Возвращение искового заявления не препятствует повторному обращению истца в суд с иском к тому же ответчику, о том же предмете и по тем же основаниям, е"
d_42f73e6f55,"УСТАНОВИЛ: В Мещанский районный суд города Москвы поступило исковое заявление к АО «НПФ «Будущее» о восстановлении срока. Указанное заявление подлежит оставлению без движения, как поданное с нарушением требований ст. ст. 131, 132 ГПК РФ по следующим основаниям. В силу требований ст. 132 ГПК РФ к исковому заявлению прилагаются, в числе прочего, уведомление о вручении или иные документы, подтверждающие направление другим лицам, участвующим в деле, копий искового заявления и приложенных к нему документов, которые у других лиц, участвующих в деле, отсутствуют, в том числе в случае подачи в суд искового заявления и приложенных к нему документов посредством заполнения формы, размещенной на официальном сайте соответствующего суда в информационно-телекоммуникационной сети ""Интернет"". К настоящему иску не приложены сведения о направлении копии искового заявления и иных требуемых документов в ответчика. Согласно ст. 136 ГПК РФ судья, установив, что исковое заявление подано в суд без со"
d_435d80eff0,"УСТАНОВИЛ: .... обратился в суд в интересах ФИО1 с иском к АО «НПФ «БУДУЩЕЕ», в котором просил: признать договор об обязательном пенсионном страховании № от **/**/**** , заключенный между АО «НПФ «БУДУЩЕЕ», ИНН № , ОГРН № и ФИО1 , **/**/**** года рождения недействительным; обязать АО «НПФ «БУДУЩЕЕ», ИНН № , ОГРН № в течение 30 дней с момента вступления решения суда в законную силу передать в Фонд Пенсионного и социального страхования Российской Федерации средства пенсионных накоплений ФИО1 , **/**/**** года рождения, в размере 248 550,36 руб., проценты за неправомерное пользование средства пенсионных накоплений ФИО1 , **/**/**** года рождения, за периолд с **/**/**** в составе средств пенсионных накоплений в размере 102107,86 руб., после обращения в суд – за каждый день по день вынесения судебного решения; обязать Акционерное общество «Негосударственный пенсионный фонд «БУДУЩЕЕ», ИНН № , ОГРН № , в срок не позднее 30 дней со дня вступления решения суда в законную силу передать в Фонд п"
d_439bec7aae,"УСТАНОВИЛ: обратилась в суд с иском к АО «НПФ «Будущее» об установлении факта того, что она является правопреемником по договору после смерти застрахованного , а также просит восстановить ей срок для обращения к ответчику с заявлением о выплате средств пенсионных накоплений умершего застрахованного лица. Указанное исковое заявление подлежит оставлению без движения, так как не соответствует требованиям ст.ст. 131, 132 ГПК РФ, а именно: - не указаны в полном объеме сведения об истце: дата и место рождения, один из идентификаторов (страховой номер индивидуального лицевого счета, идентификационный номер налогоплательщика, серия и номер документа, удостоверяющего личность, серия и номер водительского удостоверения); - к исковому заявлению не приложен документ, подтверждающий оплату государственной пошлины, - к исковому заявлению не приложены все документы, подтверждающие обстоятельства, на которых истец основывает свои требования, а именно: договор пенсионного страхования (при его на"
d_458c35181e,"Номер дела 33-2708/2024 Стороны Истец: Ответчик: АО ""НПФ ""Будущее"", ГУ ПФ РФ Представитель административного истца (гос. орган, труд. коллектив): и.о. прокурора г. Ноябрьска Дата поступления дела в апелляционную инстанцию Дата окончания Номер судебного состава 6 Номер дела в суде нижестоящей инстанции 02-10201/2021 Суд первой инстанции, судья Мещанский районный суд () Категория дела 166 - Споры, связанные с личным страхованием (кроме социальных споров) Текущее состояние Отменить судебное постановление полностью, принять новое решение, Основание решения суда Недоказанность судом обстоятельств, имеющих значение для дела Движение дела Судебные заседания Документы История состояний Дата Состояние Документ-основание Зарегистрировано Рассмотрение Определение о назначении дела к судебному разбирательству Завершено Определение суда апелляционной инстанции История местонахождения Дата Местонахождение Комментарий"
d_4652bc0751,"77RS0016-02-2025-011378-49 № М-6716/2025 ОПРЕДЕЛЕНИЕ 01 июля 2025 года судья Мещанского районного суда города Москвы , рассмотрев исковое заявление к АО НПФ БУДУЩЕЕ о восстановлении срока для обращения за выплатой пенсионных накоплений, установил: истец обратился в суд с вышеуказанными требованиями к ответчику. Настоящее исковое заявление не может быть принято к производству Мещанского районного суда города Москвы по следующим основаниям. Согласно ст. 135 ГПК РФ судья возвращает исковое заявление в случае, если: исковое заявление не подписано или исковое заявление подписано и подано лицом, не имеющим полномочий на его подписание и предъявление в суд. Настоящее исковое заявление не подписано истцом, или уполномоченным представителем. Поскольку настоящее заявление не подписано истцом, или уполномоченным представителем, то оно подлежит возврату истцу. руководствуясь ст. 135 п. 1 ГПК РФ, судья определил: Возвратить исковое заявление к АО НПФ БУДУЩЕЕ о восстановлении срок"
d_46e687baa4,"УСТАНОВИЛА: обратился в суд с иском к АО «НПФ «Будущее», ПФР, АО НПФ ВТБ Пенсионный фонд, просил признать недействительным заключенный между ним и АО НПФ ВТБ Пенсионный фонд договор об обязательном пенсионном страховании недействительным, применить последствия недействительности данного договора, обязать АО НПФ ВТБ Пенсионный фонд передать средства пенсионных накоплений истца предыдущему страховщику – АО «НПФ «Будущее», взыскать с АО НПФ ВТБ Пенсионный фонд в пользу АО «НПФ «Будущее» средства, сформированные за счет средств дохода от инвестирования средств пенсионных накоплений застрахованного лица, проценты за пользование чужими денежными средствами, обязать ПФР внести изменения в Единый реестр застрахованных лиц, связанные с возвратом средств пенсионных накоплений в АО «НПФ «Будущее», обязать АО «НПФ «Будущее» восстановить на пенсионном счете истца сумму инвестиционного дохода, взыскать судебные расходы. При рассмотрении дела представителем АО НПФ ВТБ Пенсионный фонд было заявлен"
d_4754c12753,"УСТАНОВИЛ: Истец АО «НПФ «Будущее» обратился в суд с иском к о взыскании неосновательного обогащения в размере 81 714 рублей 47 копеек, процентов за пользование чужими денежными средствами по состоянию на в размере 6714 рублей 02 копейки, с продолжением их начисления по дату фактического исполнения, судебных расходов по оплате государственной пошлины в размере 4000 рублей. В обоснование иска указал, что АО «НПФ «Будущее» является правопреемником АО МНПФ «Большой» (ОГРН 1147799009962, дата прекращения деятельности ) в отношении всех прав и обязанностей по обязательному пенсионному страхованию. между НОСО МН «Большой пенсионный фонд» (с правопреемником которого являлся АО МНПФ «Большой») и был заключен договор об обязательном пенсионном страховании <суммы изъяты> . В соответствии с п. 22 договора, на момент его подписания правопреемники указаны не были, заявления о распределении средств пенсионных накоплений застрахованное лицо в фонд не"
d_4830ff4c3b,"УСТАНОВИЛ: В Мещанский районный суд г. Москвы поступило исковое заявление к АО «НПФ «Будущее » о восстановлении срока для обращения с заявлением о выплате средств пенсионных накоплений. Вместе с тем, вышеуказанное заявление не соответствует требованиям статей 132 Гражданского процессуального кодекса РФ, в связи с чем, не может быть принято к производству суда. Согласно статье 132 ГПК РФ, к исковому заявлению прилагаются, в частности, документы, подтверждающие обстоятельства, на которых истец основывает свои требования, копии этих документов для ответчиков и третьих лиц, если копии у них отсутствуют. Вместе с тем, исковое заявление указанным выше нормам не соответствует: к исковому заявлению не приложены документы, подтверждающие обстоятельства, на которых истец основывает свои требования, а также копии этих документов, в частности, документы, подтверждающее факт родства истца с умершим лицом (не представлено свидетельство о рождении умершего лица) и свидетельство о смерти застрахов"
d_48b105390f,"РЕШЕНИЕ ИМЕНЕМ РОССИЙСКОЙ ФЕДЕРАЦИИ года Нижегородский районный суд г. Нижнего Новгорода в составе: председательствующего судьи , при секретаре , рассмотрев в открытом судебном заседании в г.Н.Новгороде гражданское дело по иску АО ""Негосударственный пенсионный фонд ""БУДУЩЕЕ"" к ФИО1 о взыскании убытков, судебных расходов, у с т а н о в и л: АО ""Негосударственный пенсионный фонд ""БУДУЩЕЕ"" обратился в суд с иском к ФИО1 о взыскании убытков, судебных расходов. В обоснование исковых требований указало, что между Акционерным обществом «Негосударственный пенсионный фонд «БУДУЩЕЕ» и индивидуальным предпринимателем ФИО1 ДД.ММ.ГГГГ был заключен Договор о сотрудничестве в области распространения пенсионных продуктов. Договор о сотрудничестве был заключен путем присоединения Консультанта к условиям договора в порядке ст. 428 ГК РФ. В соответствии с условиями Договора о сотрудничестве Консультант осуществляет разъяснительную и консультационную работу с физическими лицами в целях ра"
d_48f9172a14,"УСТАНОВИЛ: В Мещанский районный суд г. Москвы поступило исковое заявление к АО «НПФ «Достойное будущее» о восстановлении срока для обращения правопреемника по закону с заявлением о выплате средств пенсионных накоплений. Указанное исковое заявление подлежит оставлению без движения, как поданное с нарушением требований ст.ст. 131,132 ГПК РФ, по следующим основаниям. В силу ст.131 ГПК РФ в исковом заявлении должны быть указаны: 1) наименование суда, в который подается заявление; 2) наименование истца, его место жительства или, если истцом является организация, ее , а также наименование представителя и его , если заявление подается представителем; 3) сведения об ответчике: для гражданина - фамилия, имя, отчество (при наличии) и место жительства, а также дата и место рождения, место работы (если они известны) и один из идентификаторов (страховой номер индивидуального лицевого счета, идентификационный номер налогоплательщика, серия и номер документа, удостоверяющего личность, о"
d_48fa1cfb1b,"О П Р Е Д Е Л Е Н И Е г. Кемерово 28 января 2021 г. Судебная коллегия по гражданским делам Восьмого кассационного суда общей юрисдикции в составе председательствующего , судей , рассмотрела в открытом судебном заседании гражданское /2020, УИД 38RS0030-01-2020-001063-60 по иску Усть-Илимского межрайонного прокурора, действующего в защиту прав и законных интересов , к акционерному обществу «Негосударственный пенсионный фонд «Будущее» о признании договора недействительным, взыскании денежных сумм, понуждении к совершению действий, запрете обработки и хранения персональных данных, по кассационной жалобе акционерного общества «Негосударственный пенсионный фонд «Будущее» на решение Усть-Илимского городского суда Иркутской области от 10 июня 2020 г. и апелляционное определение судебной коллегии по гражданским делам Иркутского областного суда от 7 сентября 2020 г. Заслушав доклад судьи Восьмого кассационного суда общей юрисдикции , объяснения прокурора восьмого отд"
d_4a9981e720,"УСТАНОВИЛ: Истец обратилась в суд с иском к АО «НПФ «БУДУЩЕЕ», в котором просит признать договор об обязательном пенсионом страховании, заключенный между ней с АО «НПФ «БУДУЩЕЕ» недействительным, обязать ответчика в срок не позднее 30 дней со дня получения соответствующего решения суда передать предыдущему страховщику по обязательному пенсионному страхованию средства пенсионных накоплений истца, а также процентов за пользование чужими денежными средствами и средства, направленные на формирование собственных средств ответчика, сформированные за счет дохода от инвестирования средств пенсионных накоплений истца; восстановить исчисление инвестиционного дохода по пенсионным накоплениям в ПФР; взыскать расходы по оплате госпошлины в размере 300 руб. В обоснование заявленных требований указала, что между ней и ПФР действовал Договор об обязательном пенсионном страховании, в соответствии с которым ПФР исполнял свои обязанности по аккумулированию и учету средств пенсионных накоплений истца,"
d_4c46f69ee7,"УСТАНОВИЛ: В соответствии со статьей 136 Гражданского процессуального кодекса РФ, судья, установив, что исковое заявление подано в суд без соблюдения требований, установленных в ст. 131 и 132 ГПК РФ, выносит определение об оставлении заявления без движения. Ознакомившись с заявление, считаю, что данное заявление подлежит оставлению без движения, поскольку подано с нарушением ст. 131, 132 ГПК РФ. В соответствии с п. 4 ст. 132 ГПК РФ к исковому заявлению прилагаются документы, подтверждающие обстоятельства, на которых истец основывает свои требования. В силу абзаца 5 ст. 148 ГПК РФ представление необходимых доказательств сторонами, другими лицами, участвующими в деле является одной из задач подготовки дела к судебному разбирательству. Как следует из представленного искового заявления, в нем отсутствует приложения и документы на которых истец основывает свои требования, тогда как проживает истец в не пределах Московского региона и для истребовании доказательств в обоснование заявленных тр"
d_4cccebd8e7,"УСТАНОВИЛ: В Мещанский районный суд г. Москвы поступило исковое заявление к АО «НПФ «БУДУЩЕЕ» о восстановлении пропущенного срока для обращения правопреемника с заявлением о выплате средств пенсионных накоплений, учтенных на пенсионном счете накопительной пенсии умершего застрахованного лица. Изучив настоящее заявление, суд приходит к следующим выводам. Согласно ч. 4 ст. ст. 131 ГПК РФ исковое заявление подписывается истцом или его представителем при наличии у него полномочий на подписание заявления и предъявление его в суд. Исковое заявление, подаваемое в электронном виде, содержащее ходатайство об обеспечении иска, должно быть подписано усиленной квалифицированной электронной подписью. В соответствии с п. 4 ч. 1 ст. 135 ГПК РФ судья возвращает исковое заявление в случае, если исковое заявление не подписано или исковое заявление подписано и подано лицом, не имеющим полномочий на его подписание и предъявление в суд. В настоящем случае в суд поступило исковое заявление, на котором о"
d_4d2febd25e,"Мещанского районного суда города Москвы , рассмотрев исковое заявление / заявление к АО НПФ БУДУЩЕЕ о восстановлении срока для обращения за выплатой пенсионных накоплений, установил: настоящее заявление подлежит оставлению без движения как не соответствующее требованиям ст.ст. 131 и 132 ГПК РФ в силу следующего. В нарушение ст. 132 ГПК РФ к исковому заявлению не представлены: документы, подтверждающие обстоятельства, на которых истец основывает свои требования, в частности, к заявлению не представлены документы, подтверждающие родство с умершим (свидетельство о перемене фамилии матери умершего с Утева на Боталова). Указанные обстоятельства являются основанием для оставления иска без движения. Поэтому, руководствуясь ст. 136 ГПК РФ, судья определил: исковое заявление к АО НПФ БУДУЩЕЕ о восстановлении срока для обращения за выплатой пенсионных накоплений, оставить без движения до 31 марта 2026 года, предложив заявителю в указанный срок устранить недостатки, указанные в м"
d_4d31bd4af0,"УСТАНОВИЛ: Истец обратилась в суд с иском к АО «НПФ «БУДУЩЕЕ» о признании договора об обязательном пенсионном страховании от ….. года № ….. недействительным; передаче средств пенсионных накоплений предыдущему страховщику – в Пенсионный фонд Российской Федерации; о внесении изменений в единый реестр застрахованных лиц, связанных с возвратом средств пенсионных накоплений; об обязании предыдущего страховщика восстановить на пенсионном счете истца сумму инвестиционного дохода, удержанного при переходе к новому страховщику и перечисленного в резерв по обязательному пенсионному страхованию и взыскании судебных расходов по оплате государственной пошлины в размере …. руб. Свои исковые требования истец мотивирует тем, что c … года на основании заявления № ….. от …. года страховщиком истца по обязательному пенсионному страхованию является Пенсионный фонд Российской Федерации. О якобы заключенном договоре с АО «НПФ «БУДУЩЕЕ» истец узнала из извещения о состоянии индивидуального лицевого счета"
d_4dfa4ed962,"УСТАНОВИЛ: В Мещанский районный суд поступило исковое заявление к Будущее» об отмене решения. Указанное исковое заявление подлежит оставлению без движения, как поданное с нарушением требований ст.131,132 ГПК РФ, по следующим основаниям. В силу ст.131 ГПК РФ в исковом заявлении должны быть указаны: 1) наименование суда, в который подается заявление; 2) наименование истца, его место жительства или, если истцом является организация, ее , а также наименование представителя и его , если заявление подается представителем; 3) сведения об ответчике: для гражданина - фамилия, имя, отчество (при наличии) и место жительства, а также паспортные данные, место работы (если они известны) и один из идентификаторов (страховой номер индивидуального лицевого счета, идентификационный номер налогоплательщика, серия и номер документа, удостоверяющего личность, основной государственный регистрационный номер индивидуального предпринимателя, серия и номер водительского удостоверения,"
d_4e77c29dc6,"УСТАНОВИЛ: Истец обратился в суд с иском к АО «НПФ «БУДУЩЕЕ» о признании договора об обязательном пенсионном страховании от * * * года № * недействительным; об обязании ответчика передать предыдущему страховщику АО «НПФ «СОЦИУМ» средства пенсионных накоплений; взыскании расходов по оплате государственной пошлины в размере * рублей. Свои исковые требования истец мотивирует тем, что * * * года он получил информацию от представителя АО «НПФ «СОЦИУМ» о том, что средства пенсионных накоплений на формирование его накопительной пенсии, находившейся в АО «НПФ «СОЦИУМ», согласно заключенному договору № * от * * * года, были переведены предыдущим страховщиком в АО «НПФ «БУДУЩЕЕ» на основании договора об обязательном пенсионном страховании № * от * * * года . При этом он не заключал договор об обязательном пенсионном страховании с АО «НПФ «БУДУЩЕЕ», а также не заполнял и не подписывал заявление о досрочном переходе в АО «НПФ «БУДУЩЕЕ», доверенности на заключение договоров об ОПС и заявлений о"
d_4e8802e636,"УСТАНОВИЛ: Истец обратилась в суд с иском к «Будущее», в котором просит восстановить срок на подачу заявления о выплате средств пенсионных накоплений, не полученных в связи со смертью её супруга фио, умершего 08 июля 2023 года, ссылаясь на то обстоятельство, что является правопреемником после смерти застрахованного лица, а установленный шестимесячный срок для обращения к ответчику за выплатой пенсионных накоплений пропущен по уважительным причинам. При таких обстоятельствах истец просит суд восстановить срок для выплаты средств пенсионных накоплений в «Будущее». Истец в судебное заседание не явилась, просила рассмотреть дело в свое отсутствие. Представитель ответчика в судебное заседание не явился, извещен. Исследовав материалы дела, суд находит иск обоснованным и подлежащим удовлетворению. Согласно пункту 3 статьи 36.5 Федерального закона № 75-ФЗ, в случае прекращения договора об обязательном пенсионном страховании по основанию, предусмотренному абзацем пятым пункта 2 указ"
d_4f14ee05a7,"УСТАНОВИЛ: Истец обратился в суд с иском к ""Достойное БУДУЩЕЕ"" о восстановлении срока для обращения правопреемника по договору (заявлению) с заявлением о выплате средств пенсионных накоплений. Вместе с тем, вышеуказанное заявление не соответствует требованиям статей 131, 132 Гражданского процессуального кодекса РФ, в связи с чем, не может быть принято к производству суда. Согласно положениям статьи 131 ГПК РФ в исковом заявлении должны быть указаны: 1) наименование суда, в который подается заявление; 2) наименование истца, его место жительства или, если истцом является организация, ее место нахождения, а также наименование представителя и его , если заявление подается представителем; 3) наименование ответчика, его место жительства или, если ответчиком является организация, ее место нахождения; 4) в чем заключается нарушение либо угроза нарушения прав, свобод или законных интересов истца и его требования; 5) обстоятельства, на которых истец основывает свои требования, и доказ"
d_5179cb2493,"УСТАНОВИЛ: В Мещанский районный суд города Москвы поступило исковое заявление к АО «НПФ «БУДУЩЕЕ» о восстановлении пропущенного срока для обращения правопреемника с заявлением о выплате средств пенсионных накоплений, учтенных на пенсионном счете накопительной пенсии умершего застрахованного лица. В силу положений ст. 132 ГПК РФ к исковому заявлению, в числе прочего, прилагается документ, подтверждающий уплату государственной пошлины в установленных порядке и размере или право на получение льготы по уплате государственной пошлины, либо ходатайство о предоставлении отсрочки, рассрочки, об уменьшении размера государственной пошлины или об освобождении от уплаты государственной пошлины; уведомление о вручении или иные документы, подтверждающие направление другим лицам, участвующим в деле, копий искового заявления и приложенных к нему документов, которые у других лиц, участвующих в деле, отсутствуют, в том числе в случае подачи в суд искового заявления и приложенных к нему документов в"
d_524917f641,"Стороны Истец: Ответчик: АО ""НПФ ""Достойное Будущее"" Cудья Категория дела 84 - Прочие из пенсионного законодательства Текущее состояние Вступило в силу, Основание решения суда Дело неподсудно данному суду Движение дела Документы История состояний Дата Состояние Документ-основание Зарегистрировано Возвращено Определение о возвращении заявления Вступило в силу Определение о возвращении заявления История местонахождения Дата Местонахождение Комментарий В канцелярии У судьи В канцелярии Дата документа Вид документа Текст документа Квитанция об оплате госпошлины Технический акт распределения дел в электронном виде Определение о возвращении заявления Скачать файл Вернуться к списку Подписаться на обновления Отмена Адрес электронной почты ожидает подтверждения использует файлы cookie с целью персонализации сервисов и повышения удобства пользования порталом. Если вы не хотите и"
d_52877a9590,"УСТАНОВИЛ: обратилась в суд с иском к АО НПФ «Будущее» о признании правопреемником по договору, восстановлении срока для обращения. Пунктами 4 и 5 части второй статьи 131, предусматривающими, что в исковом заявлении должны быть указаны обстоятельства, на которых истец основывает свои требования, и доказательства, подтверждающие эти обстоятельства, а также в чем заключается нарушение либо угроза нарушения прав, свобод или законных интересов истца и его требования. В соответствии с пунктом 6 статьи 132 Гражданского процессуального кодекса Российской Федерации, к исковому заявлению прилагаются, в том числе, уведомление о вручении или иные документы, подтверждающие направление другим лицам, участвующим в деле, копий искового заявления и приложенных к нему документов, которые у других лиц, участвующих в деле, отсутствуют, в том числе в случае подачи в суд искового заявления и приложенных к нему документов посредством заполнения формы, размещенной на официальном сайте соответствующего су"
d_531c852674,"УСТАНОВИЛ: Истец обратилась в суд с иском к АО «НПФ «БУДУЩЕЕ», Пенсионному фонду РФ, уточнив исковые требования в порядке ст. 39 ГПК РФ, просила о признании недействительным договора и заявления о переходе в НПФ, признании действующим ранее заключенного договора, применении последствий недействительности сделки, внесении изменений в единый реестр застрахованных лиц, передаче пенсионных накоплений в размере …… руб. и процентов за неправомерное пользование средствами пенсионных накоплений в соответствии со ст. 395 ГК РФ предыдущему страховщику, о возврате незаконно удержанных денежных средств в размере ….. руб., судебных расходов по оплате государственной пошлины в размере…… руб. Свои исковые требования истец мотивирует тем, что …. года заключила с АО НПФ ВТБ Пенсионный фонд договор об обязательном пенсионном страховании № ……. …. года истцу поступило уведомление о расторжении указанного договора в связи с переходом в АО «НПФ «БУДУЩЕЕ», перечислении средств пенсионных накоплений истца"
d_5583a03c54,"Мещанского районного суда города Москвы , рассмотрев исковое заявление / заявление к АО НПФ БУДУЩЕЕ о восстановлении срока для обращения за выплатой пенсионных накоплений, установил: настоящее заявление подлежит оставлению без движения как не соответствующее требованиям ст.ст. 131 и 132 ГПК РФ в силу следующего. В нарушение ст. 132 ГПК РФ к исковому заявлению не представлены: документы, подтверждающие обстоятельства, на которых истец основывает свои требования, в частности, к заявлению не представлено свидетельство о заключении брака с (копия) Указанные обстоятельства являются основанием для оставления иска без движения. Поэтому, руководствуясь ст. 136 ГПК РФ, судья определил: исковое заявление к АО НПФ БУДУЩЕЕ о восстановлении срока для обращения за выплатой пенсионных накоплений, оставить без движения до 31 марта 2026 года, предложив заявителю в указанный срок устранить недостатки, указанные в мотивировочной части настоящего определения. Разъяснить заявителю, что в с"
d_56b8c193db,"УСТАНОВИЛ: В Мещанский районный суд поступило исковое заявление к «БУДУЩЕЕ» о восстановлении пропущенного срока. Вместе с тем, указанное исковое заявление не может быть принято к производству суда. Согласно пункту 4 части 1 статьи 135 ГПК РФ, суд возвращает исковое заявление в случае, если исковое заявление не подписано или исковое заявление подписано и подано лицом, не имеющим полномочий на его подписание и предъявление в суд. Между тем, исковое заявление не подписано истцом, в связи с чем, подлежит возвращению заявителю. На основании изложенного, руководствуясь положениями статьи 135 ГПК РФ, ОПРЕДЕЛИЛ: Исковое заявление к «БУДУЩЕЕ» о восстановлении пропущенного срока – возвратить заявителю с приложенными к нему документами. Возвращение искового заявления не препятствует повторному обращению истца в суд с иском к тому же ответчику, о том же предмете и по тем же основаниям, если истцом будет устранено допущенное нарушение. На определение может быть подана час"
d_56faf30d24,"УСТАНОВИЛ: В Мещанский районный суд поступило настоящее исковое заявление. Указанное исковое заявление определением судьи оставлено без движения, по мотивам, приведенным в данном определении, до 29 декабря 2024 года. Ввиду того, что истец не устранил недостатки, указанные в определении судьи об оставлении иска без движения, исковое заявление подлежит возвращению на основании ч.3 ст. 136 ГПК РФ. На основании изложенного, и, руководствуясь ст. 135 ГПК РФ, судья ОПРЕДЕЛИЛ: Возвратить исковое заявление к «Будущее» о восстановлении срока. Возвращение искового заявления не препятствует повторному обращению истца в суд с иском. На определение может быть подана частная жалоба в Московский городской суд через Мещанский районный суд в течение пятнадцати дней. Судья фио Направляется копия определения суда по результатам рассмотрения искового заявления с приложением. Судья фио"
d_57488b35b7,"УСТАНОВИЛ: В Мещанский районный суд города Москвы поступило исковое заявление к АО «НПФ «БУДУЩЕЕ» о восстановлении пропущенного срока для обращения с заявлением о выплате средств пенсионных накоплений, учтенных на пенсионном счете накопительной пенсии умершего застрахованного лица. Согласно ч. 2 ст. 131 ГПК РФ в исковом заявлении должны быть указаны: 1) наименование суда, в который подается заявление; 2) сведения об истце: для гражданина - фамилия, имя, отчество (при наличии), дата и место рождения, место жительства или место пребывания, один из идентификаторов (страховой номер индивидуального лицевого счета, идентификационный номер налогоплательщика, серия и номер документа, удостоверяющего личность, серия и номер водительского удостоверения); для организации - наименование, , идентификационный номер налогоплательщика; если заявление подается представителем, - также фамилия, имя, отчество (при наличии) или наименование представителя, для направления судебных повесток и"
d_57e93fc894,"УСТАНОВИЛА: обратился в Мещанский районный суд г. Москвы с иском к АО НПФ «Будущее», в котором просил: -признать договор об обязательном пенсионном страховании с АО «НПФ Будущее» от года № незаключенным и вследствие этого недействительным; -обязать АО «НПФ «Будущее» передать средства его пенсионных накоплений в размере *** руб. в Пенсионный Фонд Российской Федерации; -обязать АО «НПФ Будущее» передать в Пенсионный Фонд РФ денежные средства на счет по страховому номеру его индивидуального лицевого счета проценты за неправомерное пользование средствами пенсионных накоплений за период с года по года в размере *** руб.; -взыскать с ответчика в свою пользу компенсацию морального вреда в размере *** руб., расходы по оплате услуг представителя, штраф. Также, истец просил освободить его от уплаты государственной пошлины, полагая, что заявленные правоотношения регулируются Законом РФ «О защите прав потребителей». Определением Мещанского районного суда г. Мос"
d_584584141d,"УСТАНОВИЛ: В Мещанский районный суд г. Москвы поступило исковое заявление , к АО «НПФ «БУДУЩЕЕ» о восстановлении срока для обращения правопреемника по закону с заявлением о выплате средств пенсионных накоплений. Указанное исковое заявление подлежит оставлению без движения, как поданное с нарушением требований ст.ст. 131,132 ГПК РФ, по следующим основаниям. В силу ст.131 ГПК РФ в исковом заявлении должны быть указаны: 1) наименование суда, в который подается заявление; 2) наименование истца, его место жительства или, если истцом является организация, ее , а также наименование представителя и его , если заявление подается представителем; 3) сведения об ответчике: для гражданина - фамилия, имя, отчество (при наличии) и место жительства, а также дата и место рождения, место работы (если они известны) и один из идентификаторов (страховой номер индивидуального лицевого счета, идентификационный номер налогоплательщика, серия и номер документа, удостоверяющего личность, основной г"
d_58ca3b897e,"УСТАНОВИЛ: В Мещанский районный суд поступило исковое заявление к «БУДУЩЕЕ» о восстановлении пропущенного срока для обращения правопреемника с заявлением о выплате средств пенсионных накоплений, учтенных на пенсионном счете накопительной пенсии умершего застрахованного лица. Изучив настоящее заявление, суд приходит к следующим выводам. Согласно ч. 4 ст. ст. 131 ГПК РФ исковое заявление подписывается истцом или его представителем при наличии у него полномочий на подписание заявления и предъявление его в суд. Исковое заявление, подаваемое в электронном виде, содержащее ходатайство об обеспечении иска, должно быть подписано усиленной квалифицированной электронной подписью. В соответствии с п. 4 ч. 1 ст. 135 ГПК РФ судья возвращает исковое заявление в случае, если исковое заявление не подписано или исковое заявление подписано и подано лицом, не имеющим полномочий на его подписание и предъявление в суд. В настоящем случае в суд поступило исковое заявление, на котором отсутст"
d_58f5048e9c,"УСТАНОВИЛ: Истец обратился с настоящим исковым заявлением к ответчикам по тем основаниям, что 3 июня 2022 года он подал АО «НПФ «Будущее» заявление о назначении накопительной пенсии с приложением всех необходимых документов. Решением от 22 июня 2022 года №... в удовлетворении заявления отказано в связи с отсутствием условий для назначения выплат за счет средств пенсионных накоплений, учтенных на пенсионном счете накопительной пенсии (не соблюдены условия, дающие право на назначение накопительной пенсии и иных выплат за счет средств пенсионных накоплений). При этом при запросе дополнительных сведений ответчик предоставил сведения, что ему посредством СМЭВ из Пенсионного фонда поступила информация о том, что на дату обращения у истца отсутствуют условия для назначения накопительной пенсии, а именно стаж работы. Вместе с тем страховой стаж истца и стаж работы в районах, приравненных к районам Крайнего Севера, на 1 июля 2022 года составляют 36 лет 2 месяца 5 дней и 34 года 1 месяц 25 дней"
d_59010427c0,"Судья Мещанского районного суда города Москвы , рассмотрев исковое заявление к АО НПФ Достойной будущее о восстановлении срока для обращения за выплатой пенсионных накоплений, установил: истцом заявлены исковые требования к ответчику. Настоящее исковое заявление не может быть принято к производству Мещанского районного суда города Москвы по следующим основаниям Согласно ст. 135 ГПК РФ ч. 2 судья возвращает исковое заявление в случае, если: в производстве этого или другого суда либо третейского суда имеется дело по спору между теми же сторонами, о том же предмете и по тем же основаниям; Судом установлено, что в производстве Мещанского районного суда города Москвы уже находится на рассмотрении гражданское /2026 по иску к АО НПФ Достойной будущее о восстановлении срока для обращения за выплатой пенсионных накоплений, принятое к рассмотрению. Следовательно, настоящее исковое заявление подлежит возвращению. Руководствуясь ст. 135 ГПК РФ, судья определил: Возвратить"
d_5964750803,"УСТАНОВИЛ: В Мещанский районный суд поступило исковое заявление к «Будущее» о восстановлении пропущенного срока для обращения с заявлением на получение средств пенсионных накоплений. Изучив настоящее заявление, суд приходит к следующим выводам. Согласно ч. 4 ст. ст. 131 ГПК РФ исковое заявление подписывается истцом или его представителем при наличии у него полномочий на подписание заявления и предъявление его в суд. Исковое заявление, подаваемое в электронном виде, содержащее ходатайство об обеспечении иска, должно быть подписано усиленной квалифицированной электронной подписью. В соответствии с п. 4 ч. 1 ст. 135 ГПК РФ судья возвращает исковое заявление в случае, если исковое заявление не подписано или исковое заявление подписано и подано лицом, не имеющим полномочий на его подписание и предъявление в суд. В настоящем случае в суд поступило исковое заявление, на котором отсутствует оригинальная подпись истца, представлена световая копия иска. На основании изложенного,"
d_5ab5971d3f,"УСТАНОВИЛ: В Мещанский районный суд города Москвы поступило исковое заявление к АО «НПФ «Будущее» о восстановлении пропущенного срока для обращения с заявлением о выплате средств пенсионных накоплений, учтенных на пенсионном счете накопительной пенсии умершего застрахованного лица. Указанное заявление подлежит оставлению без движения, как поданное с нарушением требований ст. ст. 131, 132 ГПК РФ по следующим основаниям. В силу требований ст. 132 ГПК РФ к исковому заявлению прилагаются, в числе прочего, уведомление о вручении или иные документы, подтверждающие направление другим лицам, участвующим в деле, копий искового заявления и приложенных к нему документов, которые у других лиц, участвующих в деле, отсутствуют, в том числе в случае подачи в суд искового заявления и приложенных к нему документов посредством заполнения формы, размещенной на официальном сайте соответствующего суда в информационно-телекоммуникационной сети ""Интернет"". К настоящему иску не приложены сведения о направ"
d_5b3f5eacdc,"УСТАНОВИЛ: В Мещанский районный суд города Москвы поступило исковое заявление к АО «НПФ «БУДУЩЕЕ» о восстановлении пропущенного срока для обращения с заявлением о выплате средств пенсионных накоплений, учтенных на пенсионном счете накопительной пенсии умершего застрахованного лица. Согласно ч. 2 ст. 131 ГПК РФ в исковом заявлении должны быть указаны: 1) наименование суда, в который подается заявление; 2) сведения об истце: для гражданина - фамилия, имя, отчество (при наличии), дата и место рождения, место жительства или место пребывания, один из идентификаторов (страховой номер индивидуального лицевого счета, идентификационный номер налогоплательщика, серия и номер документа, удостоверяющего личность, серия и номер водительского удостоверения); для организации - наименование, , идентификационный номер налогоплательщика; если заявление подается представителем, - также фамилия, имя, отчество (при наличии) или наименование представителя, для направления судебных повесток и"
d_5c0a48c274,"УСТАНОВИЛ: В Мещанский районный суд города Москвы поступило исковое заявление к АО «НПФ Будущее» о восстановлении пропущенного срока для обращения с заявлением о выплате средств пенсионных накоплений, учтенных на пенсионном счете накопительной пенсии умершего застрахованного лица. В силу положений ст. 132 ГПК РФ к исковому заявлению, в числе прочего, прилагается документ, подтверждающий уплату государственной пошлины в установленных порядке и размере или право на получение льготы по уплате государственной пошлины, либо ходатайство о предоставлении отсрочки, рассрочки, об уменьшении размера государственной пошлины или об освобождении от уплаты государственной пошлины. Ознакомившись с иском, суд считает, что поданное заявление не соответствует указанным требованиям. вступили в силу положения Федерального закона от № 259-ФЗ «О внесении изменений в части первую и вторую Налогового кодекса Российской Федерации и отдельные законодательные акты Российской Федерации о"
d_5c120e9956,"УСТАНОВИЛ: В Мещанский районный суд поступило исковое заявление к «Будущее» о восстановлении срока для обращения с заявлением о выплате средств пенсионных накоплений умершего застрахованного лица. Вместе с тем, указанное исковое заявление не может быть принято к производству суда. Пунктом 4 ч.1 ст.135 ГПК РФ предусмотрено, что судья возвращает исковое заявление в случае, если исковое заявление не подписано или исковое заявление подписано и подано лицом, не имеющим полномочий на его подписание и предъявление в суд. Как усматривается из заявления, оно не подписано истцом, При таких обстоятельствах, данное исковое заявление подлежит возврату. Данное обстоятельство не препятствует повторной подаче подписанного надлежащим лицом заявления. На основании изложенного, руководствуясь положениями статьи 135 ГПК РФ, суд ОПРЕДЕЛИЛ: Исковое заявление к «Будущее» о восстановлении срока для обращения с заявлением о выплате средств пенсионных накоплений умершего застрахованно"
d_5c33f0e886,"УСТАНОВИЛ: обратился в суд с иском к АО «НПФ «Будущее» о восстановлении срока для обращения с заявлением о выплате средств пенсионных накоплений. Вместе с тем, вышеуказанное заявление не соответствует требованиям статей 132 Гражданского процессуального кодекса РФ, в связи с чем, не может быть принято к производству суда. Согласно статье 132 ГПК РФ, к исковому заявлению прилагаются, в частности, документы, подтверждающие обстоятельства, на которых истец основывает свои требования, копии этих документов для ответчиков и третьих лиц, если копии у них отсутствуют. Вместе с тем, исковое заявление указанным выше нормам не соответствует: к исковому заявлению не приложены документы, подтверждающие обстоятельства, на которых истец основывает свои требования, а также копии этих документов, в частности, документы, подтверждающее факт родства истца с умершим лицом (не представлено свидетельство о рождении ) Кроме того, согласно пункту 6 статьи 132 ГПК РФ (в редакции по состоянию на день под"
d_5e2b8e4400,"УСТАНОВИЛ: В Мещанский районный суд города Москвы поступило настоящее исковое заявление. Указанное заявление подлежит оставлению без движения, как поданное с нарушением требований ст. 131, 132 ГПК РФ, по следующим основаниям. Согласно ст. 131 ГПК РФ в исковом заявлении должны быть указаны: 1) наименование суда, в который подается заявление; 2) наименование истца, его место жительства или, если истцом является организация, ее , а также наименование представителя и его , если заявление подается представителем; 3) наименование ответчика, его место жительства или, если ответчиком является организация, ее место нахождения; 4) в чем заключается нарушение либо угроза нарушения прав, свобод или законных интересов истца и его требования; 5) обстоятельства, на которых истец основывает свои требования, и доказательства, подтверждающие эти обстоятельства; 6) цена иска, если он подлежит оценке, а также расчет взыскиваемых или оспариваемых денежных сумм; 7) сведения о соблюдении досудебног"
d_5e43aeaea9,"УСТАНОВИЛ: обратилась в суд с иском к АО «НПФ «Будущее» о восстановлении срока для обращения с заявлением о выплате средств пенсионных накоплений. Вместе с тем, вышеуказанное заявление не соответствует требованиям статей 132 Гражданского процессуального кодекса РФ, в связи с чем, не может быть принято к производству суда. Согласно статье 132 ГПК РФ, к исковому заявлению прилагаются, в частности, документы, подтверждающие обстоятельства, на которых истец основывает свои требования, копии этих документов для ответчиков и третьих лиц, если копии у них отсутствуют. Вместе с тем, исковое заявление указанным выше нормам не соответствует: к исковому заявлению не приложены документы, подтверждающие обстоятельства, на которых истец основывает свои требования, а также копии этих документов, в частности, истец просит восстановить срок для обращения с заявлением о выплате средств пенсионных накоплений , однако, документов, подтверждающих факт родства истца с умершим застрахованным лицом, не"
d_5e801f8663,"УСТАНОВИЛ: Истец обратилась в суд с иском к ответчику, о восстановлении пропущенного срока для обращения правопреемника с заявлением о выплате средств пенсионных накоплений, ссылаясь на то, что ее сын фио, заключил с «Достойное Будущее» договор об обязательном пенсионном страховании. 30 марта 2018 года фио умер. Срок обращения за выплатой пенсионных накоплений истцом пропущен в связи с тем, что она не знала о своем праве на получение выплат. Истец не явился в судебное заседание. Представитель ответчика в судебное заседание не явился, о времени и месте рассмотрения дела извещен надлежащим образом, каких-либо возражений относительно требований истца не представил. Суд, исследовав материалы дела, оценив доказательства в их совокупности, учитывая конкретные обстоятельства дела, суд приходит к выводу, что требования истца подлежат удовлетворению в силу следующего. Как усматривается из материалов дела, и установлено в судебном заседании, между «Достойное Будущее» и фио догово"
d_5f7032f6d2,"УСТАНОВИЛ: В Мещанский районный суд города Москвы поступило исковое заявление к АО «НПФ Достойное Будущее» о восстановлении пропущенного срока для обращения правопреемника с заявлением о выплате средств пенсионных накоплений, учтенных на пенсионном счете накопительной пенсии умершего застрахованного лица. Согласно ч. 2 ст. 131 ГПК РФ в исковом заявлении должны быть указаны: 1) наименование суда, в который подается заявление; 2) сведения об истце: для гражданина - фамилия, имя, отчество (при наличии), дата и место рождения, место жительства или место пребывания, один из идентификаторов (страховой номер индивидуального лицевого счета, идентификационный номер налогоплательщика, серия и номер документа, удостоверяющего личность, серия и номер водительского удостоверения); для организации - наименование, , идентификационный номер налогоплательщика; если заявление подается представителем, - также фамилия, имя, отчество (при наличии) или наименование представителя, для направле"
d_6006afbea6,"Иркутский районный суд Иркутской области А А А Обычная версия сайта развернуть 664047, Иркутская обл., г. Иркутск, ул. Байкальская, д. 30 Тел.: (3952) 20-84-79, 20-96-06 (ф.) irkutsky.irk@sudrf.ru Иркутский районный суд Иркутской области 664047, Иркутская обл., г. Иркутск, ул. Байкальская, д. 30 Тел.: (3952) 20-84-79, 20-96-06 (ф.) irkutsky.irk@sudrf.ru Закрыть Мобильная версия Главная Карта сайта Судебное делопроизводство Территориальная подсудность Калькулятор госпошлины Главная Подача процессуальных документов в электронном виде О СУДЕ ТЕРРИТОРИАЛЬНАЯ ПОДСУДНОСТЬ СУДЕЙСКОЕ СООБЩЕСТВО НОРМАТИВНЫЕ АКТЫ ДОКУМЕНТЫ СУДА СУДЕБНОЕ ДЕЛОПРОИЗВОДСТВО СПРАВОЧНАЯ ИНФОРМАЦИЯ КАЛЬКУЛЯТОР ГОСПОШЛИНЫ ПРЕСС-СЛУЖБА УПРАВЛЕНИЕ СУДЕБНОГО ДЕПАРТАМЕНТА СУДЫ СУБЪЕКТА РФ МУНИЦИПАЛЬНЫЕ ОРГАНЫ ВЛАСТИ ВАКАНСИИ ПРОТИВОДЕЙСТВИЕ КОРРУПЦИИ ОБРАЩЕНИЯ ГРАЖДАН ВНЕПРОЦЕССУАЛЬНЫЕ ОБРАЩЕНИЯ Карта сайта ВЕРСИЯ ДЛЯ СЛАБОВИДЯЩИХ Подача процессуальных документов в электронном виде О СУДЕ СУДЕЙСКОЕ СООБЩЕСТВО НОРМАТИВНЫЕ АК"
d_6090bc3aeb,"УСТАНОВИЛА: обратилась в суд с заявлением о взыскании судебных расходов на проведение судебной почерковедческой экспертизы в размере сумма. Судом постановлено указанное выше определение, об отмене которого как незаконного в своей частной жалобе просит представитель истца по доверенности , ссылаясь на нарушение судом норм процессуального права. В соответствии с положениями ст.333 ГПК РФ жалоба рассматривается в отсутствие сторон. Проверив представленный материал, обсудив доводы частной жалобы, суд апелляционной инстанции приходит к выводу о том, что не имеется оснований для отмены обжалуемого определения, постановленного в соответствии с фактическими обстоятельствами дела и требованиями действующего законодательства. Согласно ч.1 ст.88 ГПК РФ судебные расходы состоят из государственной пошлины и издержек , связанных с рассмотрением дела. К издержкам, связанным с рассмотрением дела, относятся суммы, подлежащие выплате свидетелям, экспертам, специалистам и переводчикам; другие приз"
d_609e75c97a,"УСТАНОВИЛ: В Мещанский районный суд города Москвы поступило настоящее исковое заявление. Согласно ст. 135 ГПК РФ судья возвращает исковое заявление в случае, если истцом не соблюден установленный федеральным законом для данной категории споров или предусмотренный договором сторон досудебный порядок урегулирования спора либо истец не представил документы, подтверждающие соблюдение досудебного порядка урегулирования спора с ответчиком, если это предусмотрено федеральным законом для данной категории споров или договором; ФЗ от 04 июня 2018 года № 123-ФЗ «Об уполномоченном по правам потребителей финансовых услуг» (далее – Закон о финансовом уполномоченном) учреждена должность финансового уполномоченного для рассмотрения обращений потребителей финансовых услуг об удовлетворении требований имущественного характера, предъявляемых к финансовым организациям, оказавшим им финансовые услуги. В качестве подтверждения соблюдения досудебного порядка урегулирования спора потребитель должен приложить"
d_61354d07de,"УСТАНОВИЛ: Мещанской межрайонной прокурор в интересах обратился в суд с иском к «Будущее», в котором просил признать договор об обязательном пенсионном страховании с Пенсионный Фонд «Будущее», на основании которого переведены средства пенсионных накоплений истца, недействительным; обязать ответчика передать в Пенсионный фонд РФ по обязательному пенсионному страхованию средства пенсионных накоплений истца, проценты за неправомерное пользование средствами пенсионных накоплений, определяемые в соответствии со статьей 395 Гражданского кодекса Российской Федерации, и средства, направленные на формирование собственных средств ответчика, сформированные за счет дохода от инвестирования средств пенсионных накоплений истца. Требования мотивированы тем, что истцом никаких заявлений застрахованного лица о переходе в другие Негосударственные пенсионные фонды и Пенсионный Фонд РФ не подавалось, поручений удостоверяющему центру на выпуск электронной подписи для подписания та"
d_61586847b7,"УСТАНОВИЛ: Прокурор Октябрьского района г. Иркутска обратился в суд в защиту интересов ФИО1 , в обоснование заявленных требований указал, что Прокуратурой Октябрьского района г. Иркутска была проведена проверка по заявлению ФИО1 о нарушении пенсионного законодательства. Проверкой установлено, что ФИО1 является застрахованным лицом в системе обязательного пенсионного страхования СНИЛС № . До **/**/**** страховщиком по обязательному пенсионному страхованию являлся Пенсионный фонд Российской Федерации, впоследствии была переведена в АО «Негосударственный пенсионный фонд «Будущее», при этом никаких заявлений не писала, доверенностей не выдавала. Согласно представленной информации государственного учреждения – управление Пенсионного Фонда Российской Федерации в Октябрьском районе г. Иркутска имеется потеря инвестиционного дохода. Согласно пояснениям ФИО1 она не подавала документы на перевод средств пенсионного накопления в АО «НПФ «Будущее». Управлением ПФР в Октябрьском районе г. Иркутска"
d_615ceb0fcb,"Судья 1 инстанции УИД 77RS0016-02-2023-013730-42 Гражданское инстанция № 2-8118/2023 № 33-3959/2025 АПЕЛЛЯЦИОННОЕ ОПРЕДЕЛЕНИЕ 24 февраля 2025 года город Москва Судебная коллегия по гражданским делам Московского городского суда в составе председательствующего судьи , и судей , , при ведении протокола судебного заседания секретарем судебного заседания , рассмотрев в открытом судебном заседании по докладу судьи , гражданское дело по апелляционной жалобе истца на решение Мещанского районного суда города Москвы от 21 августа 2023 года которым постановлено: Иск к акционерному обществу «Негосударственный пенсионный фонд «Достойное Будущее» об обязании произвести единовременную выплату средств пенсионных накоплений, компенсации морального вреда и судебных расходов оставить без удовлетворения.; у с т а н о в и л а: обратилась в суд с иском к АО «НПФ «Достойное Будущее» об обязании произвести единовременную выплату средств пенсионных накоплений; взыскании ко"
d_61c2d77c65,"УСТАНОВИЛ: Истец обратилась в суд к «БУДУЩЕЕ» с иском об отмене решения об отказе в назначении накопительной пенсии, назначении единовременной выплаты средств пенсионных накоплений, взыскании расходов на оплату юридических услуг, почтовых расходов, расходов на оплату государственной пошлины. В обоснование заявленных требований истец указывает, что является застрахованным лицом в системе обязательного пенсионного страхования, страховщиком истца является «БУДУЩЕЕ». обратилась в Фонд с заявлением о назначении накопительной пенсии. Однако , решением №2022-18-001197 истцу было отказано в назначении накопительной пенсии. Считает, что решение об отказе в назначении является незаконным и необоснованным. Приводит собственный расчет размера накопительной пенсии, соотношение размера суммы накопительной пенсии и страховой части пенсии по формуле, приведенной в законодательстве. При существующем порядке расчета и процентном соотношении в 3,45% страховщик обязан"
d_61e313b506,"РЕШЕНИЕ Именем Российской Федерации ДД.ММ.ГГГГ года г.Н.Новгород Нижегородский районный суд г.Н.Новгорода в составе председательствующего судьи , при секретаре , рассмотрев в открытом судебном заседании гражданское дело по иску АО ""Негосударственный пенсионный фонд ""БУДУЩЕЕ"" к о возмещении ущерба, у с т а н о в и л: АО ""Негосударственный пенсионный фонд ""БУДУЩЕЕ"" обратилось в суд с иском к о возмещении ущерба. В обоснование требований указало, что между Акционерным обществом «Негосударственный пенсионный фонд «БУДУЩЕЕ» и Индивидуальным предпринимателем ФИОД.ММ.ГГГГ был заключен Договор о сотрудничестве в области распространения пенсионных продуктов (далее - Договор о сотрудничестве). Договор о сотрудничестве был заключен путем присоединения Консультанта к условиям договора в порядке ст. 428 ГК РФ. В соответствии с условиями Договора о сотрудничестве Консультант осуществляет разъяснительную и консультационную работу с физическими лицами в целях распространения пенсионных"
d_61eecd8c93,"УСТАНОВИЛ: В Мещанский районный суд города Москвы поступило исковое заявление к АО «НПФ «Будущее» о восстановлении пропущенного срока для обращения с заявлением о выплате средств пенсионных накоплений, учтенных на пенсионном счете накопительной пенсии умершего застрахованного лица. Указанное заявление подлежит оставлению без движения, как поданное с нарушением требований ст. ст. 131, 132 ГПК РФ по следующим основаниям. В силу требований ст. 132 ГПК РФ к исковому заявлению прилагаются, в числе прочего, уведомление о вручении или иные документы, подтверждающие направление другим лицам, участвующим в деле, копий искового заявления и приложенных к нему документов, которые у других лиц, участвующих в деле, отсутствуют, в том числе в случае подачи в суд искового заявления и приложенных к нему документов посредством заполнения формы, размещенной на официальном сайте соответствующего суда в информационно-телекоммуникационной сети ""Интернет"". К настоящему иску не приложены сведения о направ"
d_62004d9fd8,"УСТАНОВИЛ: В Мещанский районный суд поступило исковое заявление к «Будущее» о восстановлении пропущенного срока для обращения правопреемника с заявлением о выплате средств пенсионных накоплений, учтенных на пенсионном счете накопительной пенсии умершего застрахованного лица. В силу положений ст. 132 ГПК РФ к исковому заявлению, в числе прочего, прилагается документ, подтверждающий уплату государственной пошлины в установленных порядке и размере или право на получение льготы по уплате государственной пошлины, либо ходатайство о предоставлении отсрочки, рассрочки, об уменьшении размера государственной пошлины или об освобождении от уплаты государственной пошлины. Ознакомившись с иском, суд считает, что поданное заявление не соответствует указанным требованиям. вступили в силу положения Федерального закона от № 259-ФЗ «О внесении изменений в части первую и вторую Налогового кодекса Российской Федерации и отдельные законодательные акты Российской Федер"
d_622d84bfd4,"УСТАНОВИЛ: В Мещанский районный суд поступило исковое заявление к «Достойное Будущее» о восстановлении пропущенного срока для обращения с заявлением на получение средств пенсионных накоплений. Изучив настоящее заявление, суд приходит к следующим выводам. Согласно ч. 4 ст. ст. 131 ГПК РФ исковое заявление подписывается истцом или его представителем при наличии у него полномочий на подписание заявления и предъявление его в суд. Исковое заявление, подаваемое в электронном виде, содержащее ходатайство об обеспечении иска, должно быть подписано усиленной квалифицированной электронной подписью. В соответствии с п. 4 ч. 1 ст. 135 ГПК РФ судья возвращает исковое заявление в случае, если исковое заявление не подписано или исковое заявление подписано и подано лицом, не имеющим полномочий на его подписание и предъявление в суд. В настоящем случае в суд поступило исковое заявление, на котором отсутствует оригинальная подпись истца, представлена световая копия иска. На основании изл"
d_6271360f48,"УСТАНОВИЛ: В Мещанский районный суд города Москвы поступило исковое заявление , к АО НПФ Достойное Будущее о восстановлении пропущенного срока на обращение за выплатой средств пенсионных накоплений умершего застрахованного лица. Ознакомившись с указанным заявлением, суд приходит к следующим выводам. В соответствии со ст. 47 Конституции РФ никто не может быть лишении права на рассмотрение его дела в том суде и тем судьей, к подсудности которых оно отнесено законом. В соответствии со ст. 28 ГПК РФ, Иск предъявляется в суд по месту жительства ответчика. Иск к организации предъявляется в суд по месту нахождения организации. Согласно ч. 2 ст. 54 ГК РФ местом нахождения юридического лица определяется местом его государственной регистрации на территории Российской Федерации путем указания наименования населенного пункта (муниципального образования). Государственная регистрация юридического лица осуществляется по месту нахождения его постоянно действующего исполнительного органа, а в сл"
d_647812641b,"О П Р Е Д Е Л Е Н И Е г. Кемерово 8 октября 2020 г. Судебная коллегия по гражданским делам Восьмого кассационного суда общей юрисдикции в составе председательствующего , судей , рассмотрела в открытом судебном заседании гражданское /2020, УИД 38RS0034-01-2019-002101-16 по исковому заявлению прокурора Ленинского района г. Иркутска в интересах к акционерному обществу «Негосударственный пенсионный фонд «Будущее» о признании недействительными договора об обязательном пенсионном страховании, обязании передать пенсионные накопления, проценты за неправомерное пользование денежными средствами, утерянный инвестиционный доход, признании незаконными действий по обработке персональных данных, обязании уничтожить персональные данные, по кассационной жалобе акционерного общества «Негосударственный пенсионный фонд «Будущее» на решение Ленинского районного суда г. Иркутска от 14 января 2020 г. и апелляционное определение судебной коллегии по гражданским делам Иркутского област"
d_649b5e94a2,"УСТАНОВИЛ: В Мещанский районный суд города Москвы поступило исковое заявление к АО «НПФ Достойное Будущее» о восстановлении срока для обращения с заявлением о выплате средств пенсионных накоплений умершего застрахованного лица. Согласно ч. 2 ст. 131 ГПК РФ в исковом заявлении должны быть указаны: 1) наименование суда, в который подается заявление; 2) сведения об истце: для гражданина - фамилия, имя, отчество (при наличии), дата и место рождения, место жительства или место пребывания, один из идентификаторов (страховой номер индивидуального лицевого счета, идентификационный номер налогоплательщика, серия и номер документа, удостоверяющего личность, серия и номер водительского удостоверения); для организации - наименование, , идентификационный номер налогоплательщика; если заявление подается представителем, - также фамилия, имя, отчество (при наличии) или наименование представителя, для направления судебных повесток и иных судебных извещений, один из идентификаторов предст"
d_653d63a4e2,"УСТАНОВИЛ: Истец обратился в суд с иском к «БУДУЩЕЕ» о восстановлении срока для обращения правопреемника по договору (заявлению) с заявлением о выплате средств пенсионных накоплений. Определением суда от 19 июня 2023 года вышеуказанное исковое заявление было оставлено без движения, истцу предложено в срок до 24 июля 2023 года (включительно) исправить недостатки, в соответствии со статьями 131 и 132 ГПК РФ. Согласно ч.2 ст.136 ГПК РФ в случае, если заявитель в установленные сроки не выполнит указания судьи, перечисленные в определении об оставлении заявления без движения, заявление считается не поданным и возвращается заявителю со всеми приложенными документами. Таким образом, поскольку истец не устранил недостатки, указанные в определении суда об оставлении искового заявления без движения, суд считает заявлением не поданным, и как следствие подлежащему возврату. На основании изложенного, руководствуясь ст. ст. 136, 224, 225 ГПК РФ, суд О П Р Е Д Е Л И Л: Возвратить исковое за"
d_65d93b3b39,"77RS0016-02-2025-011192-25 № М-6573/2025 ОПРЕДЕЛЕНИЕ 30 мая 2025 года судья Мещанского районного суда города Москвы , рассмотрев исковое заявление к АО НПФ БУДУЩЕЕ о восстановлении срока для обращения за выплатой пенсионных накоплений, установил: истец обратился в суд с вышеуказанными требованиями к ответчику. Настоящее исковое заявление не может быть принято к производству Мещанского районного суда города Москвы по следующим основаниям. Согласно ст. 135 ГПК РФ судья возвращает исковое заявление в случае, если: исковое заявление не подписано или исковое заявление подписано и подано лицом, не имеющим полномочий на его подписание и предъявление в суд. Настоящее исковое заявление не подписано истцом, или уполномоченным представителем. Поскольку настоящее заявление не подписано истцом, или уполномоченным представителем, то оно подлежит возврату истцу. руководствуясь ст. 135 п. 1 ГПК РФ, судья определил: Возвратить исковое заявление к АО НПФ БУДУЩЕЕ о восстановлении срока"
d_66ca9ede7e,"УСТАНОВИЛ: обратилась в суд с иском к АО «НПФ «Будущее», в котором просит восстановить срок на подачу заявления о выплате средств пенсионных накоплений, не полученных в связи со смертью ее отца, умершего года, ссылаясь на то обстоятельство, что она является правопреемником первой очереди после смерти застрахованного лица, а в установленный шестимесячный срок для обращения к ответчику за выплатой пенсионных накоплений ею пропущен по уважительным причинам. При таких обстоятельствах истец просит суд восстановить срок для выплаты средств пенсионных накоплений в АО «НПФ «Будущее». Истец в судебное заседание не явилась, просила о рассмотрении дела в ее отсутствие. Представитель ответчика АО «НПФ «Будущее» в судебное заседание не явился, о времени и месте судебного разбирательства извещен надлежащим образом. Исследовав материалы дела, суд находит иск обоснованным и подлежащим удовлетворению. Согласно пункту 3 статьи 36.5 Федерального закона № 75-ФЗ, в случае прекращения договор"
d_67a9ff3a20,"Р Е Ш Е Н И Е ИМЕНЕМ РОССИЙСКОЙ ФЕДЕРАЦИИ 02 июля 2019 года город Ноябрьск ЯНАО Ноябрьский городской суд Ямало-Ненецкого автономного округа в составе: председательствующего судьи , при секретаре судебного заседания , с участием: истца , представителя третьего лица рассмотрев в открытом судебном заседании гражданское /2019 по иску к Акционерному обществу «Негосударственный пенсионный фонд «БУДУЩЕЕ» о признании договора об обязательном пенсионном страховании недействительным, возложении обязанности передать средства пенсионных накоплений, взыскании судебных расходов, у с т а н о в и л: обратилась в суд с иском, уточнив его в ходе рассмотрения дела, к АО «Негосударственный пенсионный фонд «БУДУЩЕЕ» о признании договора № от ДД.ММ.ГГГГ об обязательном пенсионном страховании недействительным, возложении обязанности передать средства пенсионных накоплений и процентов в НПФ «Профессиональный», взыскании судебных расходов. В обоснование исковых требований"
d_6860ab1b6d,"УСТАНОВИЛ: подано исковое заявление к АО «НПФ «Будущее» о восстановлении срока для обращения с заявлением о выплате средств пенсионных накоплений умершего застрахованного лица. Данное исковое заявление не подписано. В соответствии с п. 4 ч. 1 ст. 135 ГПК РФ судья возвращает исковое заявление в случае, если исковое заявление не подписано или исковое заявление подписано и подано лицом, не имеющим полномочий на его подписание и предъявление в суд. На основании изложенного, руководствуясь ст.ст. 135, 224-225 ГПК РФ, ОПРЕДЕЛИЛ: Исковое заявление к АО «НПФ «Будущее» о восстановлении срока для обращения с заявлением о выплате средств пенсионных накоплений, - возвратить. На определение может быть подана частная жалоба в течение 15 дней в Московский городской суд через Мещанский районный суд г. Москвы. Судья Мещанский районный суд города Москвы Каланчевская, д. 43/А г. Москва, 129090 тел [ТЕЛЕФОН] факс [ТЕЛЕФОН] № М-12009/2022 157980, пос. Кадьей, ул. Луговая, 1-ая,"
d_68644240fa,"Судья: № 33-1175/2023 АПЕЛЛЯЦИОННОЕ ОПРЕДЕЛЕНИЕ 27 января 2023 года Судебная коллегия по гражданским делам Московского городского суда в составе: председательствующего судьи , судей , , при ведении протокола помощником судьи , рассмотрев в открытом судебном заседании по докладу судьи гражданское дело по апелляционной жалобе фио фио в интересах несовершеннолетнего на решение Преображенского районного суда от дата, которым постановлено: Исковые требования удовлетворить. Взыскать с , в лице законного представителя фио фио, в пользу «наименование» выплаченную из резерва «наименование» по обязательному пенсионному страхованию сумму пенсионных накоплений в размере сумма на счет резерва обязательного пенсионного в качестве суммы регресса по следующим реквизитам: Получатель средств: Акционерное общество «Негосударственный пенсионный фонд «наименование», ИНН, Банк получателя платежа БАНК «наименование», Номер расчетного счета получателя платежа, Корре"
d_68874c6ad6,"УСТАНОВИЛ: Истец обратилась в суд с иском к «БУДУЩЕЕ» о возложении обязанности выплатить средства пенсионных накоплений. В обоснование заявленных требований указано, что года ее дочь, фио, паспортные данные умерла. Между фио – дочерью истца и «БУДУЩЕЕ» был заключен договор об обязательном пенсионном страховании между государственным пенсионным фондом и застрахованным лицом № от года, по условиям которого фонд обязуется осуществлять деятельность страховщика по обязательному пенсионному страхованию, включающую аккумулирование и учет средств пенсионных накоплений, организацию их инвестирования, назначение и выплату застрахованному лицу накопительной части трудовой пенсии при наступлении пенсионных оснований, а в установленных случаях производить выплаты правопреемникам застрахованного лица. Правопреемником в соответствии с п. 25 договора об обязательном пенсионном страховании указан фио, паспортные данные. Истец считает, что, являясь матерью умерш"
d_68888aaa49,"УСТАНОВИЛ: В Мещанский районный суд поступило исковое заявление к «Будущее» о восстановлении срока для обращения с заявлением о выплате средств пенсионных накоплений умершего застрахованного лица. Вместе с тем, указанное исковое заявление не может быть принято к производству суда. Пунктом 4 ч.1 ст.135 ГПК РФ предусмотрено, что судья возвращает исковое заявление в случае, если исковое заявление не подписано или исковое заявление подписано и подано лицом, не имеющим полномочий на его подписание и предъявление в суд. Как усматривается из заявления, оно не подписано истцом, При таких обстоятельствах, данное исковое заявление подлежит возврату. Данное обстоятельство не препятствует повторной подаче подписанного надлежащим лицом заявления. На основании изложенного, руководствуясь положениями статьи 135 ГПК РФ, суд ОПРЕДЕЛИЛ: Исковое заявление к «Будущее» о восстановлении срока для обращения с заявлением о выплате средств пенсионных накоплений умершего застрахованно"
d_68dc8a0cd2,"УСТАНОВИЛ: В Мещанский районный суд г. Москвы поступило исковое заявление к АО «НПФ БУДУЩЕЕ» о восстановлении пропущенного срока для обращения с заявлением о выплате средств пенсионных накоплений, учтенных на пенсионном счете накопительной пенсии умершего застрахованного лица. Вместе с тем, вышеуказанное заявление не соответствует требованиям статей 132 Гражданского процессуального кодекса РФ, в связи с чем, не может быть принято к производству суда. Согласно пункту 6 статьи 132 ГПК РФ (в редакции по состоянию на день подачи искового заявления) к исковому заявлению прилагаются, в частности, уведомление о вручении или иные документы, подтверждающие направление другим лицам, участвующим в деле, копий искового заявления и приложенных к нему документов, которые у других лиц, участвующих в деле, отсутствуют, в том числе в случае подачи в суд искового заявления и приложенных к нему документов посредством заполнения формы, размещенной на официальном сайте соответствующего суда в информаци"
d_69b6e3bff8,"УСТАНОВИЛ: В Мещанский районный суд поступило исковое заявление к «Будущее» о восстановлении срока для обращения с заявлением о выплате средств пенсионных накоплений умершего застрахованного лица. Вместе с тем, указанное исковое заявление не может быть принято к производству суда. Пунктом 4 ч.1 ст.135 ГПК РФ предусмотрено, что судья возвращает исковое заявление в случае, если исковое заявление не подписано или исковое заявление подписано и подано лицом, не имеющим полномочий на его подписание и предъявление в суд. Как усматривается из заявления, оно не подписано истцом, При таких обстоятельствах, данное исковое заявление подлежит возврату. Данное обстоятельство не препятствует повторной подаче подписанного надлежащим лицом заявления. На основании изложенного, руководствуясь положениями статьи 135 ГПК РФ, суд ОПРЕДЕЛИЛ: Исковое заявление к «Будущее» о восстановлении срока для обращения с заявлением о выплате средств пенсионных накоплений умершего застрахованно"
d_69e7c5a79c,"УСТАНОВИЛ: В Мещанский районный суд поступило заявление, поданное от имени о восстановлении срока для обращения с заявлением о выплате средств пенсионных накоплений умершего застрахованного лица. Указанное заявление подлежит оставлению без движения, как поданное с нарушением требований ст. ст. 131, 132 ГПК РФ по следующим основаниям. Согласно положениям закона, граждане обращаются в суд не с заявлением по произвольной форме, а в порядке подачи искового заявления, подготовленного с выполнением требований статьи 131, 132 ГПК РФ. Согласно положениям статьи 131 ГПК РФ в исковом заявлении должны быть указаны: 1) наименование суда, в который подается заявление; 2) сведения об истце: для гражданина - фамилия, имя, отчество (при наличии), паспортные данные, место жительства или место пребывания, один из идентификаторов (страховой номер индивидуального лицевого счета, идентификационный номер налогоплательщика, серия и номер документа, удостоверяющего личность, серия и номер водительск"
d_6a45b2dfee,"УСТАНОВИЛ: обратился в суд с иском к АО НПФ «Будущее» о восстановлении срока на подачу заявления. Вместе с тем, указанное исковое заявление не может быть принято к производству суда. Согласно пункту 4 части 1 статьи 135 ГПК РФ, суд возвращает исковое заявление в случае, если исковое заявление не подписано или исковое заявление подписано и подано лицом, не имеющим полномочий на его подписание и предъявление в суд. Между тем, исковое заявление не подписано истцом, в связи с чем, подлежит возвращению заявителю. На основании изложенного, руководствуясь положениями статьи 135 ГПК РФ, ОПРЕДЕЛИЛ: Исковое заявление Голдовского Виктора Павловичак АО НПФ «Будущее» о восстановлении срока на подачу заявления – возвратить заявителю. Возвращение искового заявления не препятствует повторному обращению истца в суд с иском к тому же ответчику, о том же предмете и по тем же основаниям, если истцом будет устранено допущенное нарушение. На определение может быть подана частная жалоба через Мещанский"
d_6b1d2d1545,"УСТАНОВИЛ: В суд потупило исковое заявление к АО НПФ «Будущее» о восстановлении срока Ознакомившись с представленными документами, судья приходит к выводу о возвращении искового заявления. Согласно п.2 ст. 135 ГПК РФ судья возвращает исковое заявление в случае, если в производстве этого или другого суда либо третейского суда имеется дело по спору между теми же сторонами, о том же предмете и по тем же основаниям. Тем самым, суд приходит к выводу о возвращении искового заявления. На основании изложенного, и, руководствуясь ст. 135 ГПК РФ, судья ОПРЕДЕЛИЛ: Возвратить исковое заявление к АО НПФ «Будущее» о восстановлении срока Возвращение искового заявления не препятствует повторному обращению истца в суд с иском в соответствии с правилами подсудности. На определение может быть подана частная жалоба в Мещанский районный суд города Москвы в течение пятнадцати дней. Судья"
d_6c22be023d,"Р Е Ш Е Н И Е (Резолютивная часть) Именем Российской Федерации 13 августа 2024 года город Череповец Судья Череповецкого городского суда <> , рассмотрев в порядке упрощенного производства гражданское дело по иску Акционерного общества «Негосударственный пенсионный фонд «БУДУЩЕЕ» к о взыскании суммы неосновательного обогащения, процентов за пользование чужими денежными средствами, руководствуясь ст. ст. 194-199, 232.4 Гражданского процессуального кодекса Российской Федерации, р е ш и л: Исковые требования Акционерного общества «Негосударственный пенсионный фонд «БУДУЩЕЕ» удовлетворить. Взыскать с ( < > ) в пользу Акционерного общества «Негосударственный пенсионный фонд «БУДУЩЕЕ ( < > на счет возврата пенсионных накоплений неосновательное обогащение в сумме 49582 руб. 81 коп., на счет собственных средств Фонда проценты за пользование чужими денежными средствами за период с по в сумме 2805 руб. 66 коп., за период с по в сумме 2601"
d_6c4d07449c,"УСТАНОВИЛ: Истец обратилась в суд с иском к АО «НПФ «БУДУЩЕЕ» о признании недействительным договора об обязательном пенсионном страховании, применении последствий недействительности сделки, взыскании судебных расходов. Свои исковые требования истец мотивирует тем, что …… года истица через Пенсионный фонд России узнала о заключению ею договора об обязательном пенсионном страховании с АО «НПФ «БУДУЩЕЕ» в Свердловской области, в то время как истица никогда не была в ….. и договор с АО «НПФ «БУДУЩЕЕ» не заключала. В ответ на запрос истца ответчик сообщил, что действительно ….. года был заключен договор между и АО «НПФ «БУДУЩЕЕ», и согласно уведомлению ПФР о внесении изменений в ЕРЗЛ средства пенсионных накоплений истца …. года поступили к ответчику. Однако …….. года истица находилась в ….., что подтверждается соответствующими проездными документами и не заключала оспариваемый договор, в связи с чем обратилась в суд с настоящим исковым заявлением в защиту своих прав и законных интер"
d_6c5c99de4e,"УСТАНОВИЛ: В Мещанский районный суд поступило исковое заявление к "" Будущее"" о восстановлении срока для обращения правопреемника по договору (заявлению) с заявлением о выплате средств пенсионных накоплений. Указанное исковое заявление определением от года оставлено без движения, по мотивам, приведенным в данном определении, истцу предложено исправить недостатки в срок до года. Ввиду того, что истец не устранил недостатки, указанные в определении судьи об оставлении иска без движения, исковое заявление подлежит возвращению на основании п. 2 ст. 136 ГПК РФ. На основании изложенного, руководствуясь ст. ст. 135, 136, 224-225 ГПК РФ, суд ОПРЕДЕЛИЛ: Возвратить исковое заявление к "" Будущее"" о восстановлении срока для обращения правопреемника по договору (заявлению) с заявлением о выплате средств пенсионных накоплений. Возвращение искового заявления не препятствует повторному обращению истца в суд с иском к тому же ответчику, о том же предмете"
d_6c8b749b65,"О П Р Е Д Е Л Е Н И Е 13 марта 2025 года город Москва Судебная коллегия по гражданским делам Второго кассационного суда общей юрисдикции в составе: председательствующего судьи ФИОсудей: , рассмотрела в открытом судебном заседании гражданское дело по иску к АО «Негосударственный пенсионный фонд «БУДУЩЕЕ» о признании договора недействительным, возврате денежных средств, по кассационной жалобе АО «Негосударственный пенсионный фонд «БУДУЩЕЕ» на решение Ленинского районного суда г. Смоленска от 4 июля 2024 г. и апелляционное определение судебной коллегии по гражданским делам Смоленского областного суда от 17 октября 2024 г. Заслушав доклад судьи судебной коллегии по гражданским делам Второго кассационного суда общей юрисдикции , выслушав объяснения представителя ответчика, поддержавшего доводы кассационной жалобы, представителя истца, полагавшего кассационную жалобу необоснованной, судебная коллегия, установила: обратился в суд с иском к АО «НПФ «БУДУЩЕЕ» о признании дог"
d_6d053161ab,"УСТАНОВИЛ: В Мещанский районный суд поступило исковое заявление к «Будущее» о восстановлении срока для обращения с заявлением о выплате средств пенсионных накоплений умершего застрахованного лица. Согласно Конституции Российской Федерации каждому гарантируется судебная защита его прав и свобод (статья 46) ; никто не может быть лишен права на рассмотрение его дела в том суде и тем судьей, к подсудности которых оно отнесено законом (статья 47, часть 1) . В силу требований Конституции Российской Федерации, в том числе вытекающих из названных положений, подсудность дел определяется законом, в котором должны быть закреплены критерии, в нормативной форме предопределяющие, в каком суде подлежит рассмотрению то или иное дело, что позволило бы суду, сторонам и другим участникам процесса избежать неопределенности в этом вопросе. При этом, перечисленные нормы Конституции Российской Федерации непосредственно не устанавливают какой-либо определенный порядок реализации установленных"
d_6dfb80afe3,"УСТАНОВИЛ: обратился в суд с иском к ОАО «НПФ «Достойное Будущее» о восстановлении срока для обращения с заявлением о выплате средств пенсионных накоплений. Вместе с тем, вышеуказанное заявление не соответствует требованиям статей 132 Гражданского процессуального кодекса РФ, в связи с чем, не может быть принято к производству суда. Согласно статье 132 ГПК РФ, к исковому заявлению прилагаются, в частности, документы, подтверждающие обстоятельства, на которых истец основывает свои требования, копии этих документов для ответчиков и третьих лиц, если копии у них отсутствуют. Вместе с тем, исковое заявление указанным выше нормам не соответствует: к исковому заявлению не приложены документы, подтверждающие обстоятельства, на которых истец основывает свои требования, а также копии этих документов, в частности, истец просит восстановить срок для обращения с заявлением о выплате средств пенсионных накоплений , однако, документов, подтверждающих факт родства истца с умершим застрахованным"
d_6fb615c97a,"УСТАНОВИЛ: Истец обратился в суд с исковым заявлением к АО НПФ Будущее о восстановлении срока для обращения с заявлением о выплате средств пенсионных накоплений, учтенных на пенсионном счете накопительной пенсии. В соответствии со ст.135 ГПК РФ судья возвращает исковое заявление, если исковое заявление не подписано. Поскольку исковое заявление не подписано, его необходимо возвратить. На основании изложенного, руководствуясь ст. ст. 135, 224, 225 ГПК РФ, суд О П Р Е Д Е Л И Л : Возвратить исковое заявление к АО НПФ Будущее о восстановлении срока для обращения с заявлением о выплате средств пенсионных накоплений, учтенных на пенсионном счете накопительной пенсии. На определение может быть подана частная жалоба в Московский городской суд г.Москвы в течение 15 дней. Судья РОССИЙСКАЯ ФЕДЕРАЦИЯ Мещанский районный суд города Москвы ул. Каланчевская, д. 43А г. Москва, 129090 тел. 8.495.680-23-88 факс 8.495.680-24-00 зал № 720 г. № М-3373/2022 На основании определения от"
d_700d3f85e1,"УСТАНОВИЛ: В Мещанский районный суд города Москвы поступило исковое заявление к АО «НПФ «БУДУЩЕЕ» о восстановлении пропущенного срока для обращения с заявлением о выплате средств пенсионных накоплений, учтенных на пенсионном счете накопительной пенсии умершего застрахованного лица. Согласно ч. 2 ст. 131 ГПК РФ в исковом заявлении должны быть указаны: 1) наименование суда, в который подается заявление; 2) сведения об истце: для гражданина - фамилия, имя, отчество (при наличии), дата и место рождения, место жительства или место пребывания, один из идентификаторов (страховой номер индивидуального лицевого счета, идентификационный номер налогоплательщика, серия и номер документа, удостоверяющего личность, серия и номер водительского удостоверения); для организации - наименование, , идентификационный номер налогоплательщика; если заявление подается представителем, - также фамилия, имя, отчество (при наличии) или наименование представителя, для направления судебных повесток и"
d_70e37b97b5,"РЕШЕНИЕ ИМЕНЕМ РОССИЙСКОЙ ФЕДЕРАЦИИ г. Иркутск Иркутский районный суд Иркутской области в составе председательствующего судьи ФИОпри секретаре судебного заседания , с участием старшего помощника прокурора Иркутского района , , представителя ОСФР по Иркутской области , рассмотрев в открытом судебном заседании гражданское /2023 по иску прокурора Иркутского района в интересах Зелент НА к акционерному обществу «Негосударственный пенсионный фонд «Будущее» о признании недействительным договора, возложении обязанности передать средства пенсионных накоплений, проценты, средства, направленные на формирование собственных средств фонда за счет дохода от инвестирования, запрете обработки и хранения персональных данных, взыскании компенсации морального вреда, с привлечением к участию в деле в качестве третьего лица, не заявляющего самостоятельных требований относительно предмета спора, на стороне истца Отделения Фонда пенсионного и социального страхования по Иркут"
d_721df03545,"УСТАНОВИЛ: адресН. обратилась в суд с иском к «Будущее» о признании правопреемником второй очереди, обязании выплатить сумму средств пенсионных накоплений умершего застрахованного лица фио. В обоснование заявленных требований указано, что истец является родной племянницей умершей года фио, паспортные данные. Иных наследников, в том числе наследников первой очереди, намеренных вступить в наследство после смерти фио, не имеется. После смерти своей дочери фио, умершей года, фио оформила наследственные права в полном объеме, приняв наследство как единственный наследник первой очереди, однако, не обращалась за выплатой средств ее пенсионных накоплений, т.к. тяжело болела и в силу возраста не придавала значения подобным возможностям. Единственным наследником второй очереди после смерти фио являлась ее сестра - Андреева-Лялина фио, которая года отказалась от наследства по всем основаниям в пользу истца, также не обращаясь за получением средств пенсионных"
d_72fb6411f0,"УСТАНОВИЛ: обратилась в суд с иском к АО «НПФ БУДУЩЕЕ» и просит признать договор от № [СНИЛС] об обязательном пенсионном страховании между Ответчиком - АО «НПФ БУДУЩЕЕ» и от ее имени неуполномоченным лицом, на основании которого средства ее пенсионных накоплений переведены из ПФР в АО «НПФ БУДУЩЕЕ» недействительным, обязать ответчика передать в ПФР средства ее пенсионных накоплений в размере 206 975 рублей 14 копеек, в порядке и сроки, установленные Законом № 75 ФЗ, обязать ответчика компенсировать в ПФР средства результата инвестирования за 2015, 2016,2017 в размере 75 494 рубля 24 копейки, которые были удержаны ПФР, взыскать с ответчика расходы по оплате государственной пошлины в размере 2 764 рублей 83 копейки, ссылаясь на то, что данный договор она не подписывала. Истец в суд явилась, требования поддержала. Представитель ответчика в суд не явился, извещен. Третье лицо в суд не явилось. Суд, заслушав истца, исследовав письменные материалы дела, приходит к следующим вы"
d_733b7e512b,"УСТАНОВИЛ: обратилась в суд с иском к ОАО «НПФ «Будущее» о восстановлении срока для обращения с заявлением о выплате средств пенсионных накоплений. Вместе с тем, вышеуказанное заявление не соответствует требованиям статей 132 Гражданского процессуального кодекса РФ, в связи с чем, не может быть принято к производству суда. Согласно статье 132 ГПК РФ, к исковому заявлению прилагаются, в частности, документы, подтверждающие обстоятельства, на которых истец основывает свои требования, копии этих документов для ответчиков и третьих лиц, если копии у них отсутствуют. Вместе с тем, исковое заявление указанным выше нормам не соответствует: к исковому заявлению не приложены документы, подтверждающие обстоятельства, на которых истец основывает свои требования, а также копии этих документов, в частности, истец просит восстановить срок для обращения с заявлением о выплате средств пенсионных накоплений , документов, подтверждающих факт нахождения в родстве с умершим застрахованным лицом, не"
d_74af7b613e,"УСТАНОВИЛ: Истец обратилась в суд с иском к АО «НПФ «БУДУЩЕЕ», Пенсионному фонду Российской Федерации о признании договора об обязательном пенсионном страховании от …. года № …., заключенного между и АО «НПФ «БУДУЩЕЕ», недействительным; применении последствий недействительности сделки в виде возложения на ответчика обязанности в срок не позднее … дней со дня получения соответствующего решения суда передать АО «Ханты-Мансийский НПФ» средства пенсионных накоплений истца в размере и в порядке, установленном п. 5.3 ст. 36.6 Федерального закона № 75-ФЗ от 7 мая 1998 года; взыскании расходов по оплате государственной пошлины. Свои исковые требования истец мотивирует тем, что в … году между ним и АО «Ханты-Мансийский НПФ» был заключен договор об обязательном пенсионном страховании и в результате оказания страховых услуг по договору на пенсионном счете истца аккумулировались пенсионные накопления, в том числе доход от размещения пенсионных накоплений. В … году к истцу обратился агент А"
d_75c8924365,"№ М-130/2026 77RS0016-02-2026-000295-43 ОПРЕДЕЛЕНИЕ 09 февраля 2026 года Судья Мещанского районного суда города Москвы , рассмотрев исковое заявление к АО НПФ Достойное будущее о восстановлении срока для обращения за выплатой средств пенсионных накоплений, установил: настоящее заявление подлежит оставлению без движения как не соответствующее требованиям ст.ст. 131 и 132 ГПК РФ в силу следующего. В нарушение ст. 132 ГПК РФ к исковому заявлению не представлены: документы, подтверждающие обстоятельства, на которых истец основывает свои требования, указанные в приложении к исковому заявлению, в частности: свидетельство смерти; документы, подтверждающие родство (иное) с умершим застрахованным лицом. В нарушении ст. 132 ГПК РФ к настоящему заявлению не приложен документ (оригинал), подтверждающий уплату государственной пошлины в установленных порядке и размере или право на получение льготы по уплате государственной пошлины, либо ходатайство о предоставлении отсрочки, рассрочки,"
d_7606b52185,"УСТАНОВИЛ: В Мещанский районный суд г. Москвы поступило исковое заявление к АО «НПФ «Будущее » о восстановлении срока для обращения с заявлением о выплате средств пенсионных накоплений. Вместе с тем, вышеуказанное заявление не соответствует требованиям статей 132 Гражданского процессуального кодекса РФ, в связи с чем, не может быть принято к производству суда. Согласно статье 132 ГПК РФ, к исковому заявлению прилагаются, в частности, документы, подтверждающие обстоятельства, на которых истец основывает свои требования, копии этих документов для ответчиков и третьих лиц, если копии у них отсутствуют. Вместе с тем, исковое заявление указанным выше нормам не соответствует: к исковому заявлению не приложены документы, подтверждающие обстоятельства, на которых истец основывает свои требования, а также копии этих документов, в частности, документы, подтверждающее факт родства истца с умершим лицом (не представлено свидетельство о рождении умершего лица). Также заявителю необходимо предст"
d_760f298b9d,"УСТАНОВИЛ: В Мещанский районный суд г. Москвы поступило исковое заявление к АО «НПФ «БУДУЩЕЕ» о восстановлении пропущенного срока для обращения с заявлением о выплате средств пенсионных накоплений, учтенных на пенсионном счете накопительной пенсии умершего застрахованного лица. Вместе с тем, вышеуказанное заявление не соответствует требованиям статей 132 Гражданского процессуального кодекса РФ, в связи с чем, не может быть принято к производству суда. Согласно пункту 6 статьи 132 ГПК РФ (в редакции по состоянию на день подачи искового заявления) к исковому заявлению прилагаются, в частности, уведомление о вручении или иные документы, подтверждающие направление другим лицам, участвующим в деле, копий искового заявления и приложенных к нему документов, которые у других лиц, участвующих в деле, отсутствуют, в том числе в случае подачи в суд искового заявления и приложенных к нему документов посредством заполнения формы, размещенной на официальном сайте соответствующего суда в информац"
d_76de99c77d,"УСТАНОВИЛ: В Мещанский районный суд города Москвы поступило исковое заявление к АО «НПФ «Будущее» о восстановлении пропущенного срока для обращения с заявлением о выплате средств пенсионных накоплений, учтенных на пенсионном счете накопительной пенсии умершего застрахованного лица. Указанное заявление подлежит оставлению без движения, как поданное с нарушением требований ст. ст. 131, 132 ГПК РФ по следующим основаниям. В силу требований ст. 132 ГПК РФ к исковому заявлению прилагаются, в числе прочего, уведомление о вручении или иные документы, подтверждающие направление другим лицам, участвующим в деле, копий искового заявления и приложенных к нему документов, которые у других лиц, участвующих в деле, отсутствуют, в том числе в случае подачи в суд искового заявления и приложенных к нему документов посредством заполнения формы, размещенной на официальном сайте соответствующего суда в информационно-телекоммуникационной сети ""Интернет"". К настоящему иску не приложены сведения о направ"
d_7738d86d5c,"Номер дела 33-46685/2024 Стороны Истец: Ответчик: АО ""НПФ ""Будущее"", ГУ ПФ РФ Дата поступления дела в апелляционную инстанцию Дата окончания Номер судебного состава 2 Номер дела в суде нижестоящей инстанции 02-10201/2021 Суд первой инстанции, судья Мещанский районный суд () Категория дела 161 - Иные о возмещении имущественного вреда Текущее состояние Завершено, (Отменить судебное постановление частично, принять новое решение) Основание решения суда Неправильное определение обстоятельств, имеющих значение для дела Результат рассмотрения Отменить судебное постановление частично, принять новое решение, Движение дела Судебные заседания Документы История состояний Дата Состояние Документ-основание Зарегистрировано Рассмотрение Завершено Определение суда апелляционной инстанции История местонахождения Дата Местонахождение Комментарий У судьи В канцелярии Отправлено в районный"
d_77406dbe3b,"УСТАНОВИЛ: В Мещанский районный суд поступило исковое заявление к «Достойное БУДУЩЕЕ» о восстановлении пропущенного срока для обращения с заявлением о выплате средств пенсионных накоплений, учтенных на пенсионном счете накопительной пенсии умершего застрахованного лица. В силу положений ст. 132 ГПК РФ к исковому заявлению, в числе прочего, прилагается документ, подтверждающий уплату государственной пошлины в установленных порядке и размере или право на получение льготы по уплате государственной пошлины, либо ходатайство о предоставлении отсрочки, рассрочки, об уменьшении размера государственной пошлины или об освобождении от уплаты государственной пошлины. Ознакомившись с иском, суд считает, что поданное заявление не соответствует указанным требованиям. вступили в силу положения Федерального закона от № 259-ФЗ «О внесении изменений в части первую и вторую Налогового кодекса Российской Федерации и отдельные законодательные акты Российской Федерации"
d_78a1f6f34e,"УСТАНОВИЛ: действующая в интересах несовершеннолетней обратилась в суд с иском к ОАО «НПФ «Будущее» о восстановлении срока для обращения с заявлением о выплате средств пенсионных накоплений. Вместе с тем, вышеуказанное заявление не соответствует требованиям статей 132 Гражданского процессуального кодекса РФ, в связи с чем, не может быть принято к производству суда. Согласно статье 132 ГПК РФ, к исковому заявлению прилагаются, в частности, документы, подтверждающие обстоятельства, на которых истец основывает свои требования, копии этих документов для ответчиков и третьих лиц, если копии у них отсутствуют. Вместе с тем, исковое заявление указанным выше нормам не соответствует: к исковому заявлению не приложены документы, подтверждающие обстоятельства, на которых истец основывает свои требования, а также копии этих документов, в частности, истец просит восстановить срок для обращения с заявлением о выплате средств пенсионных накоплений , однако, документов, подтверждающих факт"
d_7912105a5e,"УСТАНОВИЛ: В Мещанский районный суд города Москвы поступило исковое заявление к АО «НПФ Достойное Будущее» о восстановлении срока для обращения с заявлением о выплате средств пенсионных накоплений умершего застрахованного лица. Согласно ч. 2 ст. 131 ГПК РФ в исковом заявлении должны быть указаны: 1) наименование суда, в который подается заявление; 2) сведения об истце: для гражданина - фамилия, имя, отчество (при наличии), дата и место рождения, место жительства или место пребывания, один из идентификаторов (страховой номер индивидуального лицевого счета, идентификационный номер налогоплательщика, серия и номер документа, удостоверяющего личность, серия и номер водительского удостоверения); для организации - наименование, , идентификационный номер налогоплательщика; если заявление подается представителем, - также фамилия, имя, отчество (при наличии) или наименование представителя, для направления судебных повесток и иных судебных извещений, один из идентификаторов предст"
d_7a3f4ac94f,"УСТАНОВИЛ: В Мещанский районный суд города Москвы поступило исковое заявление к АО «НПФ «Достойное БУДУЩЕЕ» о восстановлении срока для обращения правопреемника по закону с заявлением о выплате средств пенсионных накоплений. В силу положений ст. 132 ГПК РФ к исковому заявлению, в числе прочего, прилагается документ, подтверждающий уплату государственной пошлины в установленных порядке и размере или право на получение льготы по уплате государственной пошлины, либо ходатайство о предоставлении отсрочки, рассрочки, об уменьшении размера государственной пошлины или об освобождении от уплаты государственной пошлины; уведомление о вручении или иные документы, подтверждающие направление другим лицам, участвующим в деле, копий искового заявления и приложенных к нему документов, которые у других лиц, участвующих в деле, отсутствуют, в том числе в случае подачи в суд искового заявления и приложенных к нему документов в электронном виде. Ознакомившись с иском, суд считает, что поданное заявлен"
d_7a75d1b6d8,"Резолютивная часть 22 августа 2023 года Мещанский районный суд в составе председательствующего судьи , при ведении протокола судебного заседания секретарём фио рассмотрев в открытом судебном заседании гражданское /2023 иску к «БУДУЩЕЕ» о признании незаконным отказа в назначении единовременной выплаты средств пенсионных накоплений, взыскании средств пенсионных накоплений, с участием третьего лица СФР, руководствуясь ст. 193, 199 ГПК РФ, суд В удовлетворении исковых требований к «БУДУЩЕЕ» о признании незаконным отказа в назначении единовременной выплаты средств пенсионных накоплений, взыскании средств пенсионных накоплений – отказать. Решение может быть обжаловано в Московский городской суд через Мещанский районный суд в течение месяца путем подачи апелляционной жалобы. Судья"
d_7b77187e3b,"77RS0016-02-2026-001547-70 М-841/2026 ОПРЕДЕЛЕНИЕ 10 марта 2026 года судья Мещанского районного суда города Москвы , рассмотрев исковое заявление / заявление в интересах недееспособного к АО НПФ Будущее о восстановлении срока для обращения за выплатой пенсионных накоплений, установил: истец обратился в суд с вышеуказанными требованиями. Настоящее заявление не может быть принято к производству Мещанского районного суда города Москвы по следующим основаниям. Согласно ст. 135 ГПК РФ судья возвращает исковое заявление в случае, если: исковое заявление не подписано или исковое заявление подписано и подано лицом, не имеющим полномочий на его подписание и предъявление в суд. Настоящее исковое заявление не подписано истцом, или уполномоченным представителем. Поскольку настоящее заявление не подписано истцом, или уполномоченным представителем, то оно подлежит возврату. руководствуясь ст. 135 п. 1 ГПК РФ, судья определил: Возвратить исковое заявление в интересах недееспосо"
d_7c24dde995,"УСТАНОВИЛ: В Мещанский районный суд города Москвы поступило исковое заявление к АО НПФ «Будущее» о включении средств пенсионных накоплений в наследственную массу. Согласно ч. 2 ст. 131 ГПК РФ в исковом заявлении, в числе прочего, должны быть указаны: для организации - наименование, , идентификационный номер налогоплательщика и основной государственный регистрационный номер; в чем заключается нарушение либо угроза нарушения прав, свобод или законных интересов истца и его требования; обстоятельства, на которых истец основывает свои требования, и доказательства, подтверждающие эти обстоятельства; цена иска, если он подлежит оценке, а также расчет взыскиваемых или оспариваемых денежных сумм. Согласно абзацу 5 пункта 2 статьи 36.5 Федерального закона от № 75-ФЗ «О негосударственных пенсионных фондах» договор об обязательном пенсионном страховании прекращается в случае смерти застрахованного лица. В случае прекращения договора об обязательном пенсионном страховании в связ"
d_7c279e42ed,"УСТАНОВИЛ: обратился в суд с иском к АО НПФ «Достойное Будущее» о восстановлении пропущенного срока для обращения с заявлением. Согласно ст. 132 ГПК РФ к исковому заявлению прилагаются: уведомление о вручении или иные документы, подтверждающие направление другим лицам, участвующим в деле, копий искового заявления и приложенных к нему документов, которые у других лиц, участвующих в деле, отсутствуют, в том числе в случае подачи в суд искового заявления и приложенных к нему документов в электронном виде; Судья, установив, что исковое заявление подано в суд без соблюдения требований, установленных в статьях 131 и 132 названного Кодекса, выносит определение об оставлении заявления без движения, о чем извещает лицо, подавшее заявление, и предоставляет ему разумный срок для исправления недостатков (часть 1 статьи 136 Гражданского процессуального кодекса Российской Федерации). В случае, если заявитель в установленный срок выполнит указания судьи, перечисленные в определении, заявление счи"
d_7c2cf5c4b0,"УСТАНОВИЛ: В Мещанский районный суд поступило исковое заявление к «Будущее» о восстановлении срока для обращения правопреемника по договору (заявлению) с заявлением о выплате средств пенсионных накоплений. Указанное исковое заявление определением от года оставлено без движения, по мотивам, приведенным в данном определении, истцу предложено исправить недостатки в срок до года. Ввиду того, что истец не устранил недостатки, указанные в определении судьи об оставлении иска без движения, исковое заявление подлежит возвращению на основании п. 2 ст. 136 ГПК РФ. На основании изложенного, руководствуясь ст. ст. 135, 136, 224-225 ГПК РФ, суд ОПРЕДЕЛИЛ: Возвратить исковое заявление к «Будущее» о восстановлении срока для обращения правопреемника по договору (заявлению) с заявлением о выплате средств пенсионных накоплений. Возвращение искового заявления не препятствует повторному обращению истца в суд с иском к тому же ответчику, о том же предмете и"
d_7ca81d60bb,"УСТАНОВИЛ: Истец обратился в суд с иском к ответчику о взыскании средств пенсионных накоплений, инвестиционный доход, судебных расходов, ссылаясь на то, что сын истца – фио заключил с ответчиком договор об обязательном пенсионном страховании. фио умер . Истец является наследником, принявшим наследство после своего сына, а также его правопреемником, имеющего право на пенсионные накопления умершего застрахованного лица. Истец, представитель ответчика в судебное заседание не явились, извещены надлежащим образом. Суд, исследовав материалы дела, приходит к следующему. Как следует из материалов дела, между НПФ «Благосостояние», правопреемником которого является «Будущее», и фио был заключен договор об обязательном пенсионном страховании №. 26 сентября 2022 года фио умер. Истец является матерью фио Как указал ответчик, у Фонда отсутствуют сведения о заключении застрахованным лицом иных договоров об обязательном пенсионном страховании в период с и до момен"
d_7e1a3c53df,"УСТАНОВИЛ: Истец обратился в суд с иском к АО «НПФ «БУДУЩЕЕ» о восстановлении пропущенного срока для обращения правопреемника с заявлением о выплате средств пенсионных накоплений, учтенных на пенсионном счете накопительной пенсии умершего застрахованного лица. Свои исковые требования истец мотивирует тем, что её сын заключил с НПФ «Благосостояние» договор об обязательном пенсионном страховании. **** года умер. Срок обращения за выплатой пенсионных накоплений истцом пропущен по уважительной причине. Истец в судебное заседание не явилась, о времени и месте судебного заседания извещена надлежащим образом, просила о рассмотрении дела в её отсутствие. Представитель истца по доверенности не явился. Представитель ответчика АО «НПФ «БУДУЩЕЕ» в судебное заседание не явился, ранее представил письменный отзыв, согласно которого, в удовлетворении исковых требований просил отказать в полном объеме, в связи с тем, что в договоре правопреемником указано иное лицо, дело просил рассмотр"
d_7ebe65fe6b,"Судья фио /18 АПЕЛЛЯЦИОННОЕ ОПРЕДЕЛЕНИЕ Судебная коллегия по гражданским делам Московского городского суда в составе: председательствующего фио, судей фио, фио, при секретаре фио, рассмотрев в открытом судебном заседании по докладу судьи фио материал по частной жалобе фио на определение Замоскворецкого районного суда от дата, которым постановлено: Возвратить исковое заявление фио к наименование организации, наименование организации, ПФР о признании договора незаконным, возвратить денежные средства, уплатить проценты, установила: фио обратилась в суд с иском к наименование организации, наименование организации, ПФР о признании договора незаконным, взыскании денежных средств и процентов. дата определением Замоскворецкого районного суда исковое заявление фио было возвращено. На указанное определение заявителем фио подана частная жалоба, в которой выражено несогласие с выводами суда и применением норм процессуального права. Проверив представленный материал, пола"
d_7f3cc579a7,"УСТАНОВИЛ: Истец прокурор .... , действуя в защиту прав и законных интересов ФИО1 , обратился в суд с исковым заявлением к АО «Негосударственный пенсионный фонд «Будущее», в котором просит признать договор обязательного пенсионного страхования заключенный между ФИО1 и АО «НПФ «БУДУЩЕЕ» недействительным; обязать АО «НПФ «БУДУЩЕЕ» в срок не позднее 30 дней со дня получения решения суда передать в ПФР средства пенсионных накоплений, проценты за неправомерное пользование средствами пенсионных накоплений, определяемые в соответствии со статьей 395 Гражданского кодекса Российской Федерации, и средства, направленные на формирование собственных средств фонда, сформированные за счет дохода от инвестирования средств пенсионных накоплений соответствующего застрахованного лица, в порядке, предусмотренном пунктом 5.3 статьи 36.6 Федерального закона от **/**/**** № 75-ФЗ «О негосударственных пенсионных фондах»; запретить обработку и хранение персональных данных гражданина ФИО1 В обоснование исковых"
d_7faa7ca348,"УСТАНОВИЛ: В Мещанский районный суд города Москвы поступило исковое заявление к АО «НПФ «Будущее» о восстановлении срока для обращения с заявлением о выплате средств пенсионных накоплений умершего застрахованного лица. Согласно ч. 2 ст. 131 ГПК РФ в исковом заявлении должны быть указаны: 1) наименование суда, в который подается заявление; 2) сведения об истце: для гражданина - фамилия, имя, отчество (при наличии), дата и место рождения, место жительства или место пребывания, один из идентификаторов (страховой номер индивидуального лицевого счета, идентификационный номер налогоплательщика, серия и номер документа, удостоверяющего личность, серия и номер водительского удостоверения); для организации - наименование, , идентификационный номер налогоплательщика; если заявление подается представителем, - также фамилия, имя, отчество (при наличии) или наименование представителя, для направления судебных повесток и иных судебных извещений, один из идентификаторов представителя ("
d_7fbe004327,"УСТАНОВИЛ: В Мещанский районный суд города Москвы поступило исковое заявление к АО «НПФ Будущее» о восстановлении пропущенного срока для обращения с заявлением о выплате средств пенсионных накоплений, учтенных на пенсионном счете накопительной пенсии умершего застрахованного лица. В силу положений ст. 132 ГПК РФ к исковому заявлению, в числе прочего, прилагается документ, подтверждающий уплату государственной пошлины в установленных порядке и размере или право на получение льготы по уплате государственной пошлины, либо ходатайство о предоставлении отсрочки, рассрочки, об уменьшении размера государственной пошлины или об освобождении от уплаты государственной пошлины. Ознакомившись с иском, суд считает, что поданное заявление не соответствует указанным требованиям. вступили в силу положения Федерального закона от № 259-ФЗ «О внесении изменений в части первую и вторую Налогового кодекса Российской Федерации и отдельные законодательные акты Российской Федерации о"
d_8011607423,"УСТАНОВИЛ: В Мещанский районный суд поступило исковое заявление к «Будущее» о восстановлении срока для подачи заявления о выплате средств пенсионных накоплений. Изучив настоящее заявление, суд приходит к следующим выводам. Согласно ч. 4 ст. ст. 131 ГПК РФ исковое заявление подписывается истцом или его представителем при наличии у него полномочий на подписание заявления и предъявление его в суд. Исковое заявление, подаваемое в электронном виде, содержащее ходатайство об обеспечении иска, должно быть подписано усиленной квалифицированной электронной подписью. В соответствии с п. 4 ч. 1 ст. 135 ГПК РФ судья возвращает исковое заявление в случае, если исковое заявление не подписано или исковое заявление подписано и подано лицом, не имеющим полномочий на его подписание и предъявление в суд. В настоящем случае в суд поступило исковое заявление, на котором отсутствует подпись истца. На основании изложенного, руководствуясь ст. ст. 135, 224-225 ГПК РФ, суд ОПРЕДЕЛИЛ: Возвратит"
d_80dfac9545,"УСТАНОВИЛ: Истец обратился в суд с иском к АО «НПФ «БУДУЩЕЕ» о восстановлении пропущенного срока для обращения правопреемника с заявлением о выплате средств пенсионных накоплений, учтенных на пенсионном счете накопительной пенсии умершего застрахованного лица. Свои исковые требования истец мотивирует тем, что её сын заключил с НПФ «Благосостояние» договор об обязательном пенсионном страховании. ……. года умер. Истица как наследник первой очереди по закону вступила в права наследования после умершего сына , что подтверждается копией свидетельства о праве на наследство, выданного нотариусом. Срок обращения за выплатой пенсионных накоплений истцом пропущен по уважительной причине. Истец в судебное заседание не явилась, о времени и месте судебного заседания извещена надлежащим образом, просила о рассмотрении дела в её отсутствие. Представитель ответчика АО «НПФ «БУДУЩЕЕ» в судебное заседание не явился, ранее представил письменный отзыв. Суд, исследовав материалы дела, при"
d_8242b4ea41,"РЕШЕНИЕ ИМЕНЕМ РОССИЙСКОЙ ФЕДЕРАЦИИ 12 октября 2021 года г. Иркутск Иркутский районный суд Иркутской области в составе председательствующего судьи ФИОпри секретаре судебного заседания , с участием старшего помощника прокурора Иркутского района , рассмотрев в открытом судебном заседании гражданское /2021 по иску прокурора Иркутского района в интересах Косинского ИН к акционерному обществу «Негосударственный пенсионный фонд «Будущее» о признании недействительной сделки, применении последствий недействительности сделки, обязании прекратить обработку персональных данных, с привлечением к участию в деле в качестве третьего лица, не заявляющего самостоятельных требований относительно предмета спора, на стороне истца государственное учреждение - Отделение Пенсионного фонда Российской Федерации по Иркутской области, установил: Прокурор Иркутского района в интересах обратился в суд с иском к АО «НПФ «Будущее», в котором просил признать договор обязательного пенсионного с"
d_82491d29e0,"УСТАНОВИЛ: Истец обратился в суд с исковым заявлением к «Будущее» о восстановлении срока для обращения с заявлением о выплате средств пенсионных накоплений умершего застрахованного лица. Однако поданное исковое заявление не соответствует требованиям ст. 131, 132 ГПК РФ, в связи с чем, имеются основания для оставления иска заявления без движения, а именно: Согласно пункту 6 статьи 132 ГПК РФ к исковому заявлению прилагаются, в частности, уведомление о вручении или иные документы, подтверждающие направление другим лицам, участвующим в деле, копий искового заявления и приложенных к нему документов, которые у других лиц, участвующих в деле, отсутствуют, в том числе в случае подачи в суд искового заявления и приложенных к нему документов посредством заполнения формы, размещенной на официальном сайте соответствующего суда в информационно-телекоммуникационной сети «Интернет». Между тем, к иску не приложены надлежащие документы, подтверждающие уведомление о вручении или иные документы, п"
d_826ecc95c6,"Определение город Москва 21 февраля 2022 года Судья Мещанского районного суда города Москвы , ознакомившись с исковым заявлением к АО «НПФ «Будущее» о восстановлении срока для обращения с заявлением о выплате средств пенсионных накоплений умершего застрахованного лица, установил: Согласно ч. 4 ст. 131 ГПК РФ исковое заявление подписывается истцом или его представителем при наличии у него полномочий на подписание заявления и предъявление его в суд. Как следует из искового заявления, поданного в Мещанский районный суд города Москвы, на иске отсутствует подпись истца. На основании изложенного, руководствуясь ст. ст. 135, 224, 225 ГПК РФ, судья определил: Возвратить исковое заявление к АО «НПФ «Будущее» о восстановлении срока для обращения с заявлением о выплате средств пенсионных накоплений умершего застрахованного лица - заявителю. Возвращение искового заявления не препятствует повторному обращению истца в суд с иском к тому же ответчику, о том же предмете и по тем же основ"
d_82920965db,"УСТАНОВИЛ: В Мещанский районный суд города Москвы поступило настоящее исковое заявление. Указанное исковое заявление определением судьи оставлено без движения, по мотивам, приведенным в данном определении, истцу предложено исправить недостатки до 29 декабря 2024 года. Ввиду того, что истец не устранил недостатки, указанные в определении судьи об оставлении иска без движения, исковое заявление подлежит возвращению на основании ч.3 ст. 136 ГПК РФ. На основании изложенного, и, руководствуясь ст. 135 ГПК РФ, судья ОПРЕДЕЛИЛ: Возвратить исковое заявление к АО НПФ «Достойное Будущее» о восстановлении срока. Возвращение искового заявления не препятствует повторному обращению истца в суд с иском. На определение может быть подана частная жалоба в Московский городской суд через Мещанский районный суд города Москвы в течение пятнадцати дней. Судья"
d_82c5be51dc,"УСТАНОВИЛ: В Мещанский районный суд поступило настоящее исковое заявление. Указанное исковое заявление определением судьи оставлено без движения, по мотивам, приведенным в данном определении, до 24 января 2025 года. Ввиду того, что истец не устранил недостатки, указанные в определении судьи об оставлении иска без движения, исковое заявление подлежит возвращению на основании ч.3 ст. 136 ГПК РФ. На основании изложенного, и, руководствуясь ст. 135 ГПК РФ, судья ОПРЕДЕЛИЛ: Возвратить исковое заявление к «Будущее» о восстановлении срока. Возвращение искового заявления не препятствует повторному обращению истца в суд с иском. На определение может быть подана частная жалоба в Московский городской суд через Мещанский районный суд в течение пятнадцати дней. Судья фио Направляется копия определения суда по результатам рассмотрения искового заявления с приложением. Судья фио"
d_82db17b606,"УСТАНОВИЛ: В Мещанский районный суд поступило исковое заявление к «Достойное БУДУЩЕЕ» о восстановлении пропущенного срока для обращения правопреемника с заявлением о выплате средств пенсионных накоплений, учтенных на пенсионном счете накопительной пенсии умершего застрахованного лица. В силу положений ст. 132 ГПК РФ к исковому заявлению, в числе прочего, прилагается документ, подтверждающий уплату государственной пошлины в установленных порядке и размере или право на получение льготы по уплате государственной пошлины, либо ходатайство о предоставлении отсрочки, рассрочки, об уменьшении размера государственной пошлины или об освобождении от уплаты государственной пошлины. Ознакомившись с иском, суд считает, что поданное заявление не соответствует указанным требованиям. вступили в силу положения Федерального закона от № 259-ФЗ «О внесении изменений в части первую и вторую Налогового кодекса Российской Федерации и отдельные законодательные акты Россий"
d_8357734cfe,"УСТАНОВИЛ: Прокурор Иркутского района Иркутской области обратился в суд с исковым заявлением в защиту интересов ФИО1 к акционерному обществу «Негосударственный пенсионный фонд « ~~~ » (далее АО «НПФ « ~~~ ») о признании договора об обязательном пенсионном страховании недействительным, обязании передать в ПФР средства пенсионных накоплений, запретить обработку и хранение персональных данных. В обоснование исковых требований указано, что в прокуратуру Иркутского района с заявлением о нарушении пенсионных прав обратилась ФИО1 , установлено, что ее пенсионные накопления были незаконно переведены из государственного Пенсионного Фонда в АО «НПФ « ~~~ ». При этом средства пенсионных накоплений ФИО1 переведены в АО « ~~~ » **/**/**** на основании заявления от **/**/**** № , поступившее в Отделение ПФР по .... и .... . Прокуратурой установлено, что на основании заявления застрахованного лица о досрочном переходе из пенсионного фонда Российской Федерации в негосударственный пенсионный фонд, осущ"
d_840bdf1692,"УСТАНОВИЛ: В Мещанский районный суд г. Москвы поступило исковое к АО ""НПФ ""Достойное Будущее"" о восстановлении пропущенного срока для обращения с заявлением о выплате средств пенсионных накоплений, учтенных на пенсионном счете накопительной пенсии умершего застрахованного лица. Вместе с тем, вышеуказанное заявление не соответствует требованиям статей 132 Гражданского процессуального кодекса РФ, в связи с чем, не может быть принято к производству суда. Согласно пункту 6 статьи 132 ГПК РФ (в редакции по состоянию на день подачи искового заявления) к исковому заявлению прилагаются, в частности, уведомление о вручении или иные документы, подтверждающие направление другим лицам, участвующим в деле, копий искового заявления и приложенных к нему документов, которые у других лиц, участвующих в деле, отсутствуют, в том числе в случае подачи в суд искового заявления и приложенных к нему документов посредством заполнения формы, размещенной на официальном сайте соответствующего суда в информац"
d_842005b9c5,"УСТАНОВИЛ: Истец обратился в суд с исковым заявлением к «Будущее» о восстановлении срока для обращения с заявлением о выплате средств пенсионных накоплений умершего застрахованного лица. Однако поданное исковое заявление не соответствует требованиям ст. 131, 132 ГПК РФ, в связи с чем, имеются основания для оставления иска заявления без движения, а именно: Согласно пункту 6 статьи 132 ГПК РФ к исковому заявлению прилагаются, в частности, уведомление о вручении или иные документы, подтверждающие направление другим лицам, участвующим в деле, копий искового заявления и приложенных к нему документов, которые у других лиц, участвующих в деле, отсутствуют, в том числе в случае подачи в суд искового заявления и приложенных к нему документов посредством заполнения формы, размещенной на официальном сайте соответствующего суда в информационно-телекоммуникационной сети «Интернет». Между тем, к иску не приложены надлежащие документы, подтверждающие уведомление о вручении или иные документы, п"
d_842b2d8316,"УСТАНОВИЛ: Мещанским межрайонный прокурор г. Москвы, действуя в интересах , обратился в суд с иском к АО «НПФ «Будущее» о признании недействительным договора об обязательном пенсионном страховании, обязании вернуть средства пенсионных накоплений. В соответствии с п. 4 ч. 1 ст. 135 ГПК РФ судья возвращает исковое заявление в случае, если: исковое заявление не подписано или исковое заявление подписано и подано лицом, не имеющим полномочий на его подписание и предъявление в суд. В соответствии с ч. 1 ст. 45 ГПК РФ заявление в защиту прав, свобод и законных интересов гражданина может быть подано прокурором только в случае, если гражданин по состоянию здоровья, возрасту, недееспособности и другим уважительным причинам не может сам обратиться в суд. Указанное ограничение не распространяется на заявление прокурора, основанием для которого является обращение к нему граждан о защите нарушенных или оспариваемых социальных прав, свобод и законных интересов в сфере трудовых (служебных) отношени"
d_844c0d0725,"УСТАНОВИЛ: В Мещанский районный суд города Москвы поступило исковое заявление к АО «НПФ «Достойное БУДУЩЕЕ» о восстановлении пропущенного срока для обращения правопреемника с заявлением о выплате средств пенсионных накоплений, учтенных на пенсионном счете накопительной пенсии умершего застрахованного лица. В силу требований ст. 132 ГПК РФ к исковому заявлению прилагаются, в числе прочего, документы, подтверждающие обстоятельства, на которых истец основывает свои требования. Однако, в нарушение указанных норм к исковому материалу не приложены документы, подтверждающие обстоятельства, на которых истец основывает свои требования, в том числе документы, подтверждающие родственные отношения с умершим. Согласно ст. 136 ГПК РФ судья, установив, что исковое заявление подано в суд без соблюдения требований, установленных в статьях 131 и 132 настоящего кодекса, выносит определение об оставлении заявления без движения, о чем извещает лицо, подавшее заявление, и предоставляет ему разумный срок"
d_847075be4b,"УСТАНОВИЛ: обратилась в суд с иском к АО НПФ «Будущее» о восстановлении срока на подачу заявления. Вместе с тем, указанное исковое заявление не может быть принято к производству суда. Согласно пункту 4 части 1 статьи 135 ГПК РФ, суд возвращает исковое заявление в случае, если исковое заявление не подписано или исковое заявление подписано и подано лицом, не имеющим полномочий на его подписание и предъявление в суд. Между тем, исковое заявление не подписано истцом, в связи с чем, подлежит возвращению заявителю. На основании изложенного, руководствуясь положениями статьи 135 ГПК РФ, ОПРЕДЕЛИЛ: Исковое заявление к АО НПФ «Будущее» о восстановлении срока на подачу заявления – возвратить заявителю. Возвращение искового заявления не препятствует повторному обращению истца в суд с иском к тому же ответчику, о том же предмете и по тем же основаниям, если истцом будет устранено допущенное нарушение. На определение может быть подана частная жалоба через Мещанский районный суд г. Москвы в"
d_84772ae936,"УСТАНОВИЛ: В Мещанский районный суд г. Москвы поступило исковое заявление к АО «НПФ «Достойное Будущее» о восстановлении пропущенного срока для обращения правопреемника с заявлением о выплате средств пенсионных накоплений, учтенных на пенсионном счете накопительной пенсии умершего застрахованного лица. Изучив настоящее заявление, суд приходит к следующим выводам. Согласно ч. 4 ст. ст. 131 ГПК РФ исковое заявление подписывается истцом или его представителем при наличии у него полномочий на подписание заявления и предъявление его в суд. В соответствии с положениями п. 1 ст. 21 ГК РФ гражданская дееспособность в полном объеме возникает по достижении восемнадцатилетнего возраста. Согласно ч. 5 ст. 37 ГПК РФ права, свободы и законные интересы несовершеннолетних, не достигших возраста четырнадцати лет, а также граждан, признанных недееспособными защищают в процессе их законные представители, родители, усыновители, опекуны, попечители или иные лица, которым это право предоставлено федерал"
d_84bd3ce966,"УСТАНОВИЛ: В Мещанский районный суд поступило настоящее исковое заявление. Указанное исковое заявление определением судьи оставлено без движения, по мотивам, приведенным в данном определении, до 29 декабря 2024 года. Ввиду того, что истец не устранил недостатки, указанные в определении судьи об оставлении иска без движения, исковое заявление подлежит возвращению на основании ч.3 ст. 136 ГПК РФ. На основании изложенного, и, руководствуясь ст. 135 ГПК РФ, судья ОПРЕДЕЛИЛ: Возвратить исковое заявление к «Будущее» о восстановлении срока. Возвращение искового заявления не препятствует повторному обращению истца в суд с иском. На определение может быть подана частная жалоба в Московский городской суд через Мещанский районный суд в течение пятнадцати дней. Судья фио Направляется копия определения суда по результатам рассмотрения искового заявления с приложением. Судья фио"
d_85900bc094,"УСТАНОВИЛ: В Мещанский районный суд города Москвы поступило исковое заявление к АО «НПФ «Будущее» о восстановлении пропущенного срока для обращения правопреемника с заявлением о выплате средств пенсионных накоплений, учтенных на пенсионном счете накопительной пенсии умершего застрахованного лица. Согласно положениям статьи 131 ГПК РФ в исковом заявлении, в частности, должно быть указано: в чем заключается нарушение либо угроза нарушения прав, свобод или законных интересов истца и его требования; обстоятельства, на которых истец основывает свои требования, и доказательства, подтверждающие эти обстоятельства. Согласно п.п. 4, 6 ст. 132 ГПК РФ к исковому заявлению, в частности, прилагаются документы, подтверждающие обстоятельства, на которых истец основывает свои требования; уведомление о вручении или иные документы, подтверждающие направление другим лицам, участвующим в деле, копий искового заявления и приложенных к нему документов, которые у других лиц, участвующих в деле, отсутству"
d_864ea6a455,"Гражданское /2025 в суде 1-ой инстанции № 2-268/2024 УИД 77RS0016-02-2023-010892-20 Судья суда 1-ой инстанции: АПЕЛЛЯЦИОННОЕ ОПРЕДЕЛЕНИЕ 03 октября 2025 года город Москва Судья судебной коллегии по гражданским делам Московского городского суда при ведении протокола помощником судьи , заслушав в открытом судебном заседании частную жалобу Сорокиной хххххххххххххххх на определение Мещанского районного суда города Москвы от 04 июня 2025 года, которым постановлено: заявление удовлетворить частично. Взыскать с Фонда пенсионного и социального страхования РФ в пользу Сорокиной (ранее Стояновой) ххххххххххххххххх расходы на оказание юридических услуг в размере 80000 руб. В остальной части отказать. В удовлетворении заявления о взыскании судебных расходов с АО «НПФ «БУДУЩЕЕ» отказать; установила: решением Мещанского районного суда города Москвы от 22 января 2024 года частично удовлетворены исковые требования Стояновой ххххххххххх о признании права на назначение единовр"
d_8688fc7cde,"УСТАНОВИЛ: В Мещанский районный суд города Москвы поступило исковое заявление к АО «НПФ «Будущее» о восстановлении срока. Указанное заявление подлежит оставлению без движения, как поданное с нарушением требований ст. ст. 131, 132 ГПК РФ по следующим основаниям. В силу требований ст. 132 ГПК РФ к исковому заявлению прилагаются, в числе прочего, уведомление о вручении или иные документы, подтверждающие направление другим лицам, участвующим в деле, копий искового заявления и приложенных к нему документов, которые у других лиц, участвующих в деле, отсутствуют, в том числе в случае подачи в суд искового заявления и приложенных к нему документов посредством заполнения формы, размещенной на официальном сайте соответствующего суда в информационно-телекоммуникационной сети ""Интернет"". К настоящему иску не приложены сведения о направлении копии искового заявления и иных требуемых документов в ответчика. Согласно ст. 136 ГПК РФ судья, установив, что исковое заявление подано в суд без со"
d_874e7445b2,"УСТАНОВИЛ: Истец обратилась в суд с иском к АО «НПФ «БУДУЩЕЕ», Пенсионному фонду Российской Федерации о признании договора об обязательном пенсионном страховании от …… года № ……, заключенного между и АО «НПФ «БУДУЩЕЕ», недействительным; применении последствий недействительности сделки в виде возложения на ответчика обязанности в срок не позднее 30 дней со дня получения соответствующего решения суда передать АО «Ханты-Мансийский НПФ» средства пенсионных накоплений истца в размере и в порядке, установленном п. 5.3 ст. 36.6 Федерального закона № 75-ФЗ от 7 мая 1998 года; взыскании расходов по оплате государственной пошлины. Свои исковые требования истец мотивирует тем, что в ……. году между ним и АО «Ханты-Мансийский НПФ» был заключен договор об обязательном пенсионном страховании и в результате оказания страховых услуг по договору на пенсионном счете истца аккумулировались пенсионные накопления, в том числе доход от размещения пенсионных накоплений. В ….. году к истцу обратился аг"
d_87849c8689,"УСТАНОВИЛ: Истец ***** обратился в суд с иском к ***** о восстановлении пропущенного срока для обращения правопреемника с заявлением о выплате средств пенсионных накоплений, учтенных на пенсионном счете накопительной пенсии умершего застрахованного лица, ссылаясь на то, что его мать ***** заключила с ***** договор об обязательном пенсионном страховании.** * **** года ***** умерла. Срок обращения за выплатой пенсионных накоплений пропущен по уважительной причине. Истец в судебное заседание не явился, просил о рассмотрении дела в его отсутствие. Представитель ответчика в судебное заседание не явился, извещен. Суд, исследовав материалы дела, находит исковые требования обоснованными и подлежащими удовлетворению по следующим основаниям. Как усматривается из материалов дела и в судебном заседании установлено, что ** * **** года между ***** и ***** заключен договор об обязательном пенсионном страховании №**-***-***-***-**, по условиям которого фонд обязуется осуществлять деятельность страховщ"
d_88e4695167,"УСТАНОВИЛ: Истец обратился в суд с иском к «Будущее» о восстановлении срока для обращения правопреемника по договору (заявлению) с заявлением о выплате средств пенсионных накоплений. Вместе с тем, вышеуказанное заявление не соответствует требованиям статей 131, 132 Гражданского процессуального кодекса РФ, в связи с чем, не может быть принято к производству суда. Согласно положениям статьи 131 ГПК РФ в исковом заявлении должны быть указаны: 1) наименование суда, в который подается заявление; 2) наименование истца, его место жительства или, если истцом является организация, ее место нахождения, а также наименование представителя и его , если заявление подается представителем; 3) наименование ответчика, его место жительства или, если ответчиком является организация, ее место нахождения; 4) в чем заключается нарушение либо угроза нарушения прав, свобод или законных интересов истца и его требования; 5) обстоятельства, на которых истец основывает свои требования, и доказательства,"
d_8a31ccfb94,"77RS0016-02-2026-000433-17 № М-209/2026 ОПРЕДЕЛЕНИЕ 09 февраля 2026 года Судья Мещанского районного суда города Москвы , рассмотрев заявление / исковое заявление к АО НПФ Достойное будущее о признании договора недействительным, установил: настоящее заявление подлежит оставлению без движения как не соответствующее требованиям ст.ст. 131 и 132 ГПК РФ в силу следующего. В нарушении ст. 132 ГПК РФ к настоящему заявлению не приложен документ (оригинал), подтверждающий уплату государственной пошлины в установленных порядке и размере или право на получение льготы по уплате государственной пошлины, либо ходатайство о предоставлении отсрочки, рассрочки, об уменьшении размера государственной пошлины или об освобождении от уплаты государственной пошлины; Госпошлина за подачу указанного иска в Мещанский районный суд города Москвы истцом не оплачена. Истцом не представлена оплата госпошлины по реквизитам Мещанского районного суда города Москвы. Госпошлина, уплаченная при обращении в д"
d_8a437030fb,"УСТАНОВИЛ: В Мещанский районный суд поступило исковое заявление фио к «Будущее» о восстановлении пропущенного срока для обращения с заявлением на получение средств пенсионных накоплений. Изучив настоящее заявление, суд приходит к следующим выводам. Согласно ч. 4 ст. ст. 131 ГПК РФ исковое заявление подписывается истцом или его представителем при наличии у него полномочий на подписание заявления и предъявление его в суд. Исковое заявление, подаваемое в электронном виде, содержащее ходатайство об обеспечении иска, должно быть подписано усиленной квалифицированной электронной подписью. В соответствии с п. 4 ч. 1 ст. 135 ГПК РФ судья возвращает исковое заявление в случае, если исковое заявление не подписано или исковое заявление подписано и подано лицом, не имеющим полномочий на его подписание и предъявление в суд. В настоящем случае в суд поступило исковое заявление, на котором отсутствует подпись истца. На основании изложенного, руководствуясь ст. ст. 135, 224-225 ГПК РФ, суд"
d_8a4c11ed74,"УСТАНОВИЛ: Мещанская межрайонная прокуратура обратилась в суд с иском к АО «НПФ «Будущее» о признании договора недействительным. Определением суда указанное исковое заявление было оставлено без движения, предоставлен срок для устранения недостатков в срок до года. Согласно части 2 статьи 136 ГПК РФ, в случае, если заявитель в установленный срок выполнит указания судьи, перечисленные в определении, заявление считается поданным в день первоначального представления его в суд. В противном случае заявление считается неподанным и возвращается заявителю со всеми приложенными к нему документами. Вместе с тем, указанные в определении суда недостатки в установленный срок устранены не были. Учитывая то обстоятельство, что в установленный судом срок заявителем не устранены недостатки, выявленные при подаче искового заявления и указанные в определении, суд возвращает исковое заявление. На основании изложенного, руководствуясь ст. 23, п.2 ч. 1 ст. 135 ГПК РФ, суд ОПРЕДЕЛИЛ: Исковое заявл"
d_8a5468809e,"УСТАНОВИЛ: Истец обратилась в суд с иском к АО «НПФ «БУДУЩЕЕ» о признании решения АО «НПФ «БУДУЩЕЕ» об отказе в осуществлении единовременной выплаты средств пенсионных накоплений незаконным и обязании ответчика выплатить истцу единовременную выплату средств пенсионных накоплений, учтенных на пенсионном счете накопительной пенсии, в размере * руб. Свои исковые требования истец мотивирует тем, что является получателем страховой пенсии по старости. Размер пенсии составляет * руб. Истица обратилась к ответчику с заявлением о единовременной выплате средств пенсионных накоплений, учтенных на пенсионном счете накопительной пенсии, однако ответчик принял решение об отказе в осуществлении единовременной выплаты. Не соглашаясь с данным отказом, истица обратилась в суд с настоящим исковым заявлением. Истец в судебное заседание не явилась, о времени, дате и месте судебного заседания извещена надлежащим образом, ходатайствовала о рассмотрении дела в её отсутствие. Представитель ответчика АО"
d_8b90552773,"Именем Российской Федерации город Москва 29 июля 2020 года Мещанский районный суд города Москвы в составе председательствующего судьи , при секретаре , рассмотрев в открытом судебном заседании гражданское /2020 по иску к Акционерному обществу «Негосударственный пенсионный фонд «Будущее» о признании правопреемником, возложении обязанности произвести выплаты средств пенсионных накоплений, У С Т А Н О В И Л: обратилась в суд с иском к АО «Негосударственный пенсионный фонд «Будущее» о признании правопреемником, возложении обязанности произвести выплаты средств пенсионных накоплений, в обоснование исковых требований указано, что 02 декабря 2019 года умер приходившийся истцу супругом, после его смерти остались невыплаченными средства пенсионных накоплений некоммерческой организации АО «НПФ «Будущее», с которым при жизни был заключен договор об обязательном пенсионном страховании. АО «Негосударственный пенсионный фонд «Будущее» в выплате средств пенсионных накоп"
d_8bb797ea0d,"УСТАНОВИЛ: обратилась в суд с иском к АО «НПФ «Будущее» о восстановлении срока для обращения с заявлением о выплате средств пенсионных накоплений. Вместе с тем, данное заявление не может быть принято к производству Мещанского районного суда г. Москвы по следующим основаниям: В силу пункта 4 части 1 статьи 135 ГПК РФ судья возвращает исковое заявление в случае, если исковое заявление не подписано или исковое заявление подписано и подано лицом, не имеющим полномочий на его подписание и предъявление в суд. Представленное исковое заявление не подписано истцом, в связи с чем, подлежит возвращению заявителю. На основании вышеизложенного и руководствуясь п. 4 ч. 1 ст. 135, 224-225 ГПК РФ, ОПРЕДЕЛИЛ: Возвратить исковое заявление , действующей в интересах несовершеннолетнего Цыренова Владислава Бато-Мунковевича к АО «НПФ «Будущее» о восстановлении срока для обращения с заявлением о выплате средств пенсионных накоплений. Возвращение заявления не препятствует повторному обращению в суд с"
d_8c0aaf2600,"УСТАНОВИЛ: Мещанский межрайонный прокурор г.Москвы обратился с исковыми требованиями к АО «НПФ «Будущее», в защиту прав и законных интересов , о признании недействительным договора об обязательном пенсионном страховании, обязании вернуть пенсионные накопления. Судом постановлено указанное определение об отмене которого по доводам частной жалобы просит Мещанский межрайонный прокурор г.Москвы. На основании ч.3 ст.333 ГПК РФ частная жалоба рассмотрена без извещения лиц, участвующих в деле. Проверив представленный материал, обсудив доводы частной жалобы, суд апелляционной инстанции приходит к следующему. Возвращая в соответствии с ч.ч. 3, 4 ст.131, п. 4 ч. 1 ст. 135 ГПК РФ исковое заявление, суд исходил из того, что законом предусмотрено право прокурора обращаться с заявлением в защиту прав, свобод и законных интересов граждан, в т.ч. по вопросу социальной защиты, только на основании письменной просьбы гражданина; в суд подан только иск без приложения каких-либо документов, в том числе"
d_8df79c0571,"УСТАНОВИЛ: Истец прокурор Иркутского района, действуя в защиту прав и законных интересов ФИО1 , обратился в суд с исковым заявлением к АО «Негосударственный пенсионный фонд «Будущее», в котором просит признать недействительным договор обязательного пенсионного страхования, заключенный между АО «НПФ «Будущее» и ФИО1 ; обязать АО «НПФ «Будущее» в срок не позднее 30 дней со дня получения решения суда передать в ПФР средства пенсионных накоплений в сумме 123 140,86 рублей, проценты за неправомерное пользование средствами пенсионных накоплений, определяемые в соответствии со статьей 395 Гражданского кодекса Российской Федерации, в сумме 17 483,57 рублей, и средства, направленные на формирование собственных средств фонда, сформированные за счет дохода от инвестированного лица, в порядке, предусмотренном пунктом 5.3 статьи 36.6 Федерального закона от № 75-ФЗ «О негосударственных пенсионных фондах»; запретить обработку и хранение персональных данных ФИО1 В обоснование исковых требов"
d_8fbf57d7ce,"УИД 77RS0016-02-2023-017609-45 Судья суда 1 инстанции Номер дела в 1 инстанции № 2-9818/2023 /2025 АПЕЛЛЯЦИОННОЕ ОПРЕДЕЛЕНИЕ 8 апреля 2025 года город Москва Судебная коллегия по гражданским делам Московского городского суда в составе председательствующего , и судей , , при ведении протокола помощником судьи , заслушав в открытом судебном заседании по докладу судьи ФИОдело по апелляционной жалобе истца на решение Мещанского районного суда города Москвы от 5 октября 2023 года, которым постановлено: в удовлетворении иска к АО «НПФ «Достойное Будущее» об обязании выплатить единовременную выплату средств пенсионных накоплений, взыскании компенсации морального вреда, судебных расходов – отказать.; у с т а н о в и л а: обратилась в суд с иском к ответчику АО «НПФ «Достойное Будущее» об обязании выплатить единовременную выплату средств пенсионных накоплений, взыскании компенсации морального вреда в размере 10 000 руб., судебных расходов по оплате ю"
d_9045193868,"77RS0016-02-2025-010950-72 № М-6338/2025 ОПРЕДЕЛЕНИЕ 01 июля 2025 года судья Мещанского районного суда города Москвы , рассмотрев исковое заявление к АО НПФ БУДУЩЕЕ о восстановлении срока для обращения за выплатой пенсионных накоплений, установил: истец обратился в суд с вышеуказанными требованиями к ответчику. Настоящее исковое заявление не может быть принято к производству Мещанского районного суда города Москвы по следующим основаниям. Согласно ст. 135 ГПК РФ судья возвращает исковое заявление в случае, если: исковое заявление не подписано или исковое заявление подписано и подано лицом, не имеющим полномочий на его подписание и предъявление в суд. Настоящее исковое заявление не подписано истцом, или уполномоченным представителем. Поскольку настоящее заявление не подписано истцом, или уполномоченным представителем, то оно подлежит возврату истцу. руководствуясь ст. 135 п. 1 ГПК РФ, судья определил: Возвратить исковое заявление к АО НПФ БУДУЩЕЕ о восстановлении срок"
d_915e9c379c,"УСТАНОВИЛ: В Мещанский районный суд города Москвы поступило исковое заявление к АО «НПФ «Будущее» о признании правопреемником. Указанное заявление подлежит оставлению без движения, как поданное с нарушением требований ст. ст. 131, 132 ГПК РФ по следующим основаниям. В силу требований ст. 132 ГПК РФ к исковому заявлению прилагаются, в числе прочего, уведомление о вручении или иные документы, подтверждающие направление другим лицам, участвующим в деле, копий искового заявления и приложенных к нему документов, которые у других лиц, участвующих в деле, отсутствуют, в том числе в случае подачи в суд искового заявления и приложенных к нему документов посредством заполнения формы, размещенной на официальном сайте соответствующего суда в информационно-телекоммуникационной сети ""Интернет"". К настоящему иску не приложены сведения о направлении копии искового заявления и иных требуемых документов в ответчика. Согласно ст. 136 ГПК РФ судья, установив, что исковое заявление подано в суд б"
d_938c334349,"УСТАНОВИЛ: В Мещанский районный суд поступило исковое заявление фио к «Будущее» о восстановлении срока для подачи заявления о выплате средств пенсионных накоплений. Изучив настоящее заявление, суд приходит к следующим выводам. Согласно ч. 4 ст. ст. 131 ГПК РФ исковое заявление подписывается истцом или его представителем при наличии у него полномочий на подписание заявления и предъявление его в суд. Исковое заявление, подаваемое в электронном виде, содержащее ходатайство об обеспечении иска, должно быть подписано усиленной квалифицированной электронной подписью. В соответствии с п. 4 ч. 1 ст. 135 ГПК РФ судья возвращает исковое заявление в случае, если исковое заявление не подписано или исковое заявление подписано и подано лицом, не имеющим полномочий на его подписание и предъявление в суд. В настоящем случае в суд поступило исковое заявление, на котором отсутствует подпись истца. На основании изложенного, руководствуясь ст. ст. 135, 224-225 ГПК РФ, суд ОПРЕДЕЛИЛ: Возвратит"
d_93f6096945,"УСТАНОВИЛ: Истец прокурор Иркутского района, действуя в защиту прав и законных интересов К.Е.В, , обратился в суд с исковым заявлением к АО «Негосударственный пенсионный фонд «Будущее», в котором просит признать недействительным договор об обязательном пенсионном страховании от **/**/**** № , заключенный между АО «Негосударственный пенсионный фонд «Будущее» и К.Е.В, ; обязать АО «Негосударственный пенсионный фонд «Будущее» в срок не позднее 30 дней со дня получения решения суда передать в ПФР средства пенсионных накоплений в сумме 93 996,12 руб., проценты за неправомерное пользование средствами пенсионных накоплений, определяемые в соответствии с по ст. 395 ГК РФ, и средства, направленные на формирование собственных средств фонда, сформированные за счет дохода от инвестирования средств пенсионных накоплений соответствующего застрахованного лица, предусмотренные п. 5.3 ст. 36.6 Федерального закона от **/**/**** № 75-ФЗ «О негосударственных пенсионных фондах» в сумме 13 120,14 руб.; обяз"
d_9425574d98,"УСТАНОВИЛ: В Мещанский районный суд поступило исковое заявление к «Будущее» о восстановлении срока для обращения с заявлением о выплате средств пенсионных накоплений умершего застрахованного лица. Согласно ч. 2 ст. 131 ГПК РФ в исковом заявлении должны быть указаны: 1) наименование суда, в который подается заявление; 2) сведения об истце: для гражданина - фамилия, имя, отчество (при наличии), паспортные данные, место жительства или место пребывания, один из идентификаторов (страховой номер индивидуального лицевого счета, идентификационный номер налогоплательщика, серия и номер документа, удостоверяющего личность, серия и номер водительского удостоверения); для организации - наименование, , идентификационный номер налогоплательщика; если заявление подается представителем, - также фамилия, имя, отчество (при наличии) или наименование представителя, для направления судебных повесток и иных судебных извещений, один из идентификаторов представителя (для гражданина"
d_942d68689e,"УСТАНОВИЛ: В Мещанский районный суд поступило исковое заявление к «БУДУЩЕЕ» о восстановлении пропущенного срока. Вместе с тем, указанное исковое заявление не может быть принято к производству суда. Согласно пункту 4 части 1 статьи 135 ГПК РФ, суд возвращает исковое заявление в случае, если исковое заявление не подписано или исковое заявление подписано и подано лицом, не имеющим полномочий на его подписание и предъявление в суд. Между тем, исковое заявление не подписано истцом, в связи с чем, подлежит возвращению заявителю. На основании изложенного, руководствуясь положениями статьи 135 ГПК РФ, ОПРЕДЕЛИЛ: Исковое заявление к «БУДУЩЕЕ» о восстановлении пропущенного срока – возвратить заявителю с приложенными к нему документами. Возвращение искового заявления не препятствует повторному обращению истца в суд с иском к тому же ответчику, о том же предмете и по тем же основаниям, если истцом будет устранено допущенное нарушение. На определение может быть подана час"
d_943e25b499,"УСТАНОВИЛ: Истец обратился в суд с иском к «Будущее» о восстановлении срока для обращения правопреемника по закону с заявлением о выплате средств пенсионных накоплений. Требования к исковому заявлению установлены ст.ст. 131, 132 ГПК РФ. Судья, установив, что исковое заявление подано в суд без соблюдения требований, установленных в статьях 131 и 132 настоящего Кодекса, выносит определение об оставлении заявления без движения, о чем извещает лицо, подавшее заявление, и предоставляет ему разумный срок для исправления недостатков (ч. 1 ст. 136 ГПК РФ). Указанное исковое заявление подлежит оставлению без движения, поскольку в нарушение ст.ст.131, 132 ГПК РФ, истец не представил квитанцию об уплате государственной пошлины, при подаче иска в суд, доказательства в обоснование своих требований, а также не представил доказательства направления копии искового заявления и приложенных документов ответчику. На основании изложенного, руководствуясь ст. ст. 131, 132, 136, 224, 225 ГПК РФ, суд О"
d_94f860f476,"УСТАНОВИЛ: В Мещанский районный суд города Москвы поступило исковое заявление , действующей в интересах несовершеннолетнего . к АО «НПФ Будущее» о восстановлении пропущенного срока для обращения правопреемника с заявлением о выплате средств пенсионных накоплений, учтенных на пенсионном счете накопительной пенсии умершего застрахованного лица. В силу положений ст. 132 ГПК РФ к исковому заявлению, в числе прочего, прилагается документ, подтверждающий уплату государственной пошлины в установленных порядке и размере или право на получение льготы по уплате государственной пошлины, либо ходатайство о предоставлении отсрочки, рассрочки, об уменьшении размера государственной пошлины или об освобождении от уплаты государственной пошлины. Ознакомившись с иском, суд считает, что поданное заявление не соответствует указанным требованиям. вступили в силу положения Федерального закона от № 259-ФЗ «О внесении изменений в части первую и вторую Налогового кодекса Российской"
d_956682cc66,"УСТАНОВИЛА: Истец обратилась в суд с иском к Акционерному обществу «Негосударственный пенсионный фонд «БУДУЩЕЕ» (АО «НПФ «БУДУЩЕЕ») о признании увольнения незаконным, признании недействительной записи в трудовой книжке об увольнении, восстановлении на работе, взыскании заработной платы за время вынужденного прогула, компенсации морального вреда, расходов на представителя. В обоснование заявленных требований истец указала, что с года работала в АО «НПФ «СтальФонд» по трудовому договору № ***, в связи с реорганизацией указанной организации, года она была переведена в АО «НПФ «БУДУЩЕЕ» в должности начальника отдела обучения и развития продаж в г.Москве. года она вышла на работу после отпуска по уходу за ребенком до трех лет и ей было вручено уведомление о предстоящем увольнении в связи с сокращением штата. года трудовой договор между истцом и ответчиком был расторгнут по п.2 ч.1 ст.81 ТК РФ. Полагает, что расторжение трудового договора и ее"
d_95aede4009,"УСТАНОВИЛ: В Мещанский районный суд города Москвы поступило исковое заявление к АО «НПФ «Будущее» о восстановлении срока для обращения с заявлением о выплате средств пенсионных накоплений умершего застрахованного лица. Согласно ч. 2 ст. 131 ГПК РФ в исковом заявлении должны быть указаны: 1) наименование суда, в который подается заявление; 2) сведения об истце: для гражданина - фамилия, имя, отчество (при наличии), дата и место рождения, место жительства или место пребывания, один из идентификаторов (страховой номер индивидуального лицевого счета, идентификационный номер налогоплательщика, серия и номер документа, удостоверяющего личность, серия и номер водительского удостоверения); для организации - наименование, , идентификационный номер налогоплательщика; если заявление подается представителем, - также фамилия, имя, отчество (при наличии) или наименование представителя, для направления судебных повесток и иных судебных извещений, один из идентификаторов представителя ("
d_95cc97f18c,"УСТАНОВИЛ: обратился в суд с иском к АО «НПФ «БУДУЩЕЕ» о восстановлении срока для обращения с заявлением о выплате средств пенсионных накоплений, учтенных на пенсионном счете накопительной пенсии умершего застрахованного лица. Вместе с тем, вышеуказанное заявление не соответствует требованиям статей 132 Гражданского процессуального кодекса РФ, в связи с чем, не может быть принято к производству суда. Согласно пункту 6 статьи 132 ГПК РФ (в редакции по состоянию на день подачи искового заявления) к исковому заявлению прилагаются, в частности, уведомление о вручении или иные документы, подтверждающие направление другим лицам, участвующим в деле, копий искового заявления и приложенных к нему документов, которые у других лиц, участвующих в деле, отсутствуют, в том числе в случае подачи в суд искового заявления и приложенных к нему документов посредством заполнения формы, размещенной на официальном сайте соответствующего суда в информационно-телекоммуникационной сети «Интернет». Как усма"
d_968305e19c,"УСТАНОВИЛ: В Мещанский районный суд города Москвы поступило исковое заявление к АО «НПФ «Будущее» о восстановлении срока для обращения с заявлением о выплате средств пенсионных накоплений, учтенных на пенсионном счете накопительной пенсии умершего застрахованного лица. Указанное заявление подлежит оставлению без движения, как поданное с нарушением требований ст. ст. 131, 132 ГПК РФ по следующим основаниям. Согласно статье 132 ГПК РФ, к исковому заявлению прилагаются, в частности, документы, подтверждающие обстоятельства, на которых истец основывает свои требования, копии этих документов для ответчиков и третьих лиц, если копии у них отсутствуют. Вместе с тем, заявление указанным выше нормам не соответствует: к заявлению не приложены документы, подтверждающие обстоятельства, на которые ссылается заявитель в обоснование своих требований, в частности, свидетельство о браке истца. В силу требований ст. 132 ГПК РФ к исковому заявлению прилагаются, в числе прочего, уведомление о вручении"
d_9697d8c629,"УСТАНОВИЛ: обратился в суд с иском к АО «НПФ «Будущее» о признании договора об обязательном пенсионном страховании недействительным, признании незаконными действий по обработке персональных данных, возложении обязанности по уничтожению персональных данных, взыскании компенсации морального вреда, судебных расходов по оплате госпошлины. В обоснование заявленных требований истец указал, что в сентябре 2018 года ему стало известно о том, что его пенсионные накопления в декабре 2017 года были переведены из Пенсионного Фонда РФ в АО «НПФ «Будущее». Однако с заявлением о заключении договора об обязательном пенсионном страховании с негосударственным пенсионном фондом истец не обращался. Истец указал, что из Пенсионного Фонда РФ в его поступил ответ на его заявление о переходе из Пенсионного Фонда РФ, осуществляющего обязательное пенсионное страхование, в другой негосударственный пенсионный фонд, в связи с переводом средств пенсионных накоплений истца из Пенсионного Фонда РФ в АО «Нег"
d_96ddd2839e,"УСТАНОВИЛ: обратился в суд с иском к наименование организации о восстановлении срока для обращения за выплатой пенсионных накоплений в отношении фио, умершей дата, ссылаясь на то, что после смерти супруги, за которую уплачивались страховые взносы на финансирование накопительной части страховой пенсии в наименование организации. В установленный Федеральным законом от дата № 111-ФЗ «Об инвестировании средств для финансирования накопительной пенсии в Российской Федерации» шестимесячный срок на обращение за выплатой средств пенсионных накоплений истец не обращался, так как о наличии пенсионных накоплений ему не было известно. Для реализации права как правопреемника умершего на подачу заявления о выплате средств пенсионных накоплений, учтенных в специальной части индивидуального лицевого счета умершего застрахованного лица, истец просит признать причину пропущенного срока уважительной и восстановить пропущенный срок на обращение за выплатой средств пенсионных накоплений. Истец в суд"
d_975b84fe77,"№ М-6581/2025 77RS0016-02-2025-011202-92 ОПРЕДЕЛЕНИЕ 30 мая 2025 года Судья Мещанского районного суда города Москвы , рассмотрев заявление исковое заявление / заявление , действующего в интересах несовершеннолетней , к АО НПФ Будущее о восстановлении срока для обращения за выплатой пенсионных накоплений, установил: настоящее заявление подлежит оставлению без движения как не соответствующее требованиям ст.ст. 131 и 132 ГПК РФ в силу следующего. В нарушении ст. 132 ГПК РФ к исковому заявлению / заявлению не приложено уведомление о вручении или иные документы, подтверждающие направление другим лицам, участвующим в деле, копий искового заявления и приложенных к нему документов, которые у других лиц, участвующих в деле, отсутствуют, в том числе в случае подачи в суд искового заявления и приложенных к нему документов посредством заполнения формы, размещенной на официальном сайте соответствующего суда в информационно-телекоммуникационной сети ""Интернет""; Указанные обстоятельства"
d_97b3bf26fd,"УСТАНОВИЛ: Истец обратилась в суд с иском к «Будущее» о восстановлении срока для обращения правопреемника по договору (заявлению) с заявлением о выплате средств пенсионных накоплений, учтенных на пенсионном счете накопительной пенсии умершего застрахованного лица. Вместе с тем, вышеуказанное заявление не соответствует требованиям статей 132 Гражданского процессуального кодекса РФ, в связи с чем, не может быть принято к производству суда. Согласно статье 132 ГПК РФ к исковому заявлению прилагаются также, документы, подтверждающие обстоятельства, на которых истец основывает свои требования, копии этих документов для ответчиков и третьих лиц, если копии у них отсутствуют. Вместе с тем, исковое заявление указанным выше нормам не соответствует: к исковому заявлению не приложены документы, подтверждающие обстоятельства, на которых истец основывает свои требования, а именно копии документов, подтверждающие факт родства с умершим застрахованным лицом фио (свидетельство о рождении, св"
d_98e4903f86,"УСТАНОВИЛ: В Мещанский районный суд поступило исковое заявление к «БУДУЩЕЕ» к восстановления пропущенного срока. Указанное исковое заявление подлежит оставлению без движения, как поданное с нарушением требований ст.131,132 ГПК РФ, по следующим основаниям. В силу ст.131 ГПК РФ в исковом заявлении должны быть указаны: 1) наименование суда, в который подается заявление; 2) наименование истца, его место жительства или, если истцом является организация, ее , а также наименование представителя и его , если заявление подается представителем; 3) сведения об ответчике: для гражданина - фамилия, имя, отчество (при наличии) и место жительства, а также паспортные данные, место работы (если они известны) и один из идентификаторов (страховой номер индивидуального лицевого счета, идентификационный номер налогоплательщика, серия и номер документа, удостоверяющего личность, основной государственный регистрационный номер индивидуального предпринимателя, серия и номер водительск"
d_996ee224b9,"УСТАНОВИЛ: В Мещанский районный суд города Москвы поступило исковое заявление к АО «НПФ «Будущее» о восстановлении срока для обращения правопреемника в негосударственный пенсионный фонд с заявлением о выплате средств пенсионных накоплений умершего застрахованного лица. Указанное заявление подлежит оставлению без движения, как поданное с нарушением требований ст. ст. 131, 132 ГПК РФ по следующим основаниям. В силу требований ст. 132 ГПК РФ к исковому заявлению прилагаются, в числе прочего, уведомление о вручении или иные документы, подтверждающие направление другим лицам, участвующим в деле, копий искового заявления и приложенных к нему документов, которые у других лиц, участвующих в деле, отсутствуют, в том числе в случае подачи в суд искового заявления и приложенных к нему документов посредством заполнения формы, размещенной на официальном сайте соответствующего суда в информационно-телекоммуникационной сети ""Интернет"". К настоящему иску не приложены сведения о направлении копии и"
d_998d99a4b7,"Судья 1 инстанции УИД 77RS0016-02-2023-007203-29 Гражданское инстанция № 2-5158/2023 № 33-4906/2025 АПЕЛЛЯЦИОННОЕ ОПРЕДЕЛЕНИЕ 24 февраля 2025 года город Москва Судебная коллегия по гражданским делам Московского городского суда в составе председательствующего судьи , и судей , , при ведении протокола судебного заседания секретарем судебного заседания , рассмотрев в открытом судебном заседании по докладу судьи , гражданское дело по апелляционной жалобе истца на решение Мещанского районного суда города Москвы от 14 сентября 2023 года которым постановлено: Исковые требования к АО «НПФ «БУДУЩЕЕ» - оставить без удовлетворения.; у с т а н о в и л а: обратилась в суд с иском к ответчику АО «НПФ «БУДУЩЕЕ» о признании незаконным решения АО «НПФ «БУДУЩЕЕ» об отказе в выплате истцу средств пенсионных накоплений в виде единовременной выплаты, обязании ответчика выплатить истцу средства пенсионных накоплений в виде единовременной выплаты в размере 215 650,61 руб"
d_99d2e8c0f2,"УСТАНОВИЛ: В Мещанский районный суд г. Москвы поступило исковое заявление к АО «НПФ «Будущее» о восстановлении пропущенного срока для обращения правопреемника с заявлением о выплате средств пенсионных накоплений, учтенных на пенсионном счете накопительной пенсии умершего застрахованного лица. Изучив настоящее заявление, суд приходит к следующим выводам. Согласно ч. 4 ст. ст. 131 ГПК РФ исковое заявление подписывается истцом или его представителем при наличии у него полномочий на подписание заявления и предъявление его в суд. Исковое заявление, подаваемое посредством заполнения формы, размещенной на официальном сайте суда в информационно-телекоммуникационной сети ""Интернет"", содержащее ходатайство об обеспечении иска, подписывается усиленной квалифицированной электронной подписью в порядке, установленном законодательством Российской Федерации. В соответствии с п. 4 ч. 1 ст. 135 ГПК РФ судья возвращает исковое заявление в случае, если исковое заявление не подписано или исковое заявле"
d_9b6fe03c73,"77RS0016-02-2026-001232-45 № М-672/2026 ОПРЕДЕЛЕНИЕ 25 февраля 2026 года судья Мещанского районного суда города Москвы , рассмотрев исковое заявление к АО НПФ БУДУЩЕЕ о восстановлении срока для обращения за выплатой средств пенсионных накоплений, установил: истец обратился в суд с вышеуказанными требованиями к ответчикам. Настоящее заявление не может быть принято к производству Мещанского районного суда города Москвы по следующим основаниям. Согласно ст. 135 ГПК РФ судья возвращает исковое заявление в случае, если: исковое заявление не подписано или исковое заявление подписано и подано лицом, не имеющим полномочий на его подписание и предъявление в суд. Настоящее исковое заявление не подписано истцом, или уполномоченным представителем. Поскольку настоящее заявление не подписано истцом, или уполномоченным представителем, то оно подлежит возврату. руководствуясь ст. 135 п. 1 ГПК РФ, судья определил: Возвратить исковое заявление к АО НПФ БУДУЩЕЕ о восстановлении срока"
d_9bb27083fd,"УСТАНОВИЛ: В Мещанский районный суд поступило исковое заявление к «Будущее» о восстановлении срока для обращения правопреемника по договору (заявлению) с заявлением о выплате средств пенсионных накоплений. Указанное исковое заявление определением от года оставлено без движения, по мотивам, приведенным в данном определении, истцу предложено исправить недостатки в срок до года. Ввиду того, что истец не устранил недостатки, указанные в определении судьи об оставлении иска без движения, исковое заявление подлежит возвращению на основании п. 2 ст. 136 ГПК РФ. На основании изложенного, руководствуясь ст. ст. 135, 136, 224-225 ГПК РФ, суд ОПРЕДЕЛИЛ: Возвратить исковое заявление к «Будущее» о восстановлении срока для обращения правопреемника по договору (заявлению) с заявлением о выплате средств пенсионных накоплений. Возвращение искового заявления не препятствует повторному обращению истца в суд с иском к тому же ответчику, о том же предмете и"
d_9caf3c9b29,"УСТАНОВИЛ: В Мещанский районный суд поступило исковое заявление к «БУДУЩЕЕ» о восстановлении пропущенного срока для обращения правопреемника с заявлением о выплате средств пенсионных накоплений, учтенных на пенсионном счете накопительной пенсии умершего застрахованного лица. Судья, установив, что исковое заявление подано в суд без соблюдения требований, установленных в статьях 131 и 132 названного Кодекса, выносит определение об оставлении заявления без движения, о чем извещает лицо, подавшее заявление, и предоставляет ему разумный срок для исправления недостатков (часть 1 статьи 136 ГПК РФ). В случае если заявитель в установленный срок выполнит указания судьи, перечисленные в определении, заявление считается поданным в день первоначального представления его в суд. В противном случае заявление считается неподанным и возвращается заявителю со всеми приложенными к нему документами (часть 2 статьи 136 ГПК РФ). Если указанные в части первой статьи 136 ГПК РФ обстоятельства"
d_9cdb1e5d65,"УСТАНОВИЛ: В Мещанский районный суд поступило исковое заявление , действующей в интересах несовершеннолетней дочери фио, к «Будущее» о восстановлении срока для обращения правопреемника по договору (заявлению) с заявлением о выплате средств пенсионных накоплений. Указанное исковое заявление определением от года оставлено без движения, по мотивам, приведенным в данном определении, истцу предложено исправить недостатки в срок до года. Ввиду того, что истец не устранил недостатки, указанные в определении судьи об оставлении иска без движения, исковое заявление подлежит возвращению на основании п. 2 ст. 136 ГПК РФ. На основании изложенного, руководствуясь ст. ст. 135, 136, 224-225 ГПК РФ, суд ОПРЕДЕЛИЛ: Возвратить исковое заявление , действующей в интересах несовершеннолетней дочери фио, к «Будущее» о восстановлении срока для обращения правопреемника по договору (заявлению) с заявлением о выплате средств пенсионных накоплений. Возвращение исков"
d_9cdeea6749,"УСТАНОВИЛ: В Мещанский районный суд поступило исковое заявление к «Достойное Будущее» о восстановлении срока для обращения с заявлением о выплате средств пенсионных накоплений умершего застрахованного лица. Вместе с тем, указанное исковое заявление не может быть принято к производству суда. Пунктом 4 ч.1 ст.135 ГПК РФ предусмотрено, что судья возвращает исковое заявление в случае, если исковое заявление не подписано или исковое заявление подписано и подано лицом, не имеющим полномочий на его подписание и предъявление в суд. Как усматривается из заявления, оно не подписано истцом, При таких обстоятельствах, данное исковое заявление подлежит возврату. Данное обстоятельство не препятствует повторной подаче подписанного надлежащим лицом заявления. На основании изложенного, руководствуясь положениями статьи 135 ГПК РФ, суд ОПРЕДЕЛИЛ: Исковое заявление к «Достойное Будущее» о восстановлении срока для обращения с заявлением о выплате средств пенсионных накоплений ум"
d_9d7c376f06,"УСТАНОВИЛ: Истец обратился в суд с иском к АО «НПФ «Будущее» о восстановлении срока для обращения правопреемника по договору (заявлению) с заявлением о выплате средств пенсионных накоплений, учтенных на пенсионном счете накопительной пенсии умершего застрахованного лица. Вместе с тем, вышеуказанное заявление не соответствует требованиям статей 132 Гражданского процессуального кодекса РФ, в связи с чем, не может быть принято к производству суда. Согласно статье 132 ГПК РФ к исковому заявлению прилагаются также, документы, подтверждающие обстоятельства, на которых истец основывает свои требования, копии этих документов для ответчиков и третьих лиц, если копии у них отсутствуют. Вместе с тем, исковое заявление указанным выше нормам не соответствует: к исковому заявлению не приложены документы, подтверждающие обстоятельства, на которых истец основывает свои требования, в частности, документы, подтверждающие факт родства фио с умершим застрахованным лицом фио ( свидетельство о рождении либо"
d_9e8da97e56,"УСТАНОВИЛ: Истец обратился в суд с иском к ""БУДУЩЕЕ"" о восстановлении срока для обращения правопреемника по договору (заявлению) с заявлением о выплате средств пенсионных накоплений. Вместе с тем, вышеуказанное заявление не соответствует требованиям статей 131, 132 Гражданского процессуального кодекса РФ, в связи с чем, не может быть принято к производству суда. Согласно положениям статьи 131 ГПК РФ в исковом заявлении должны быть указаны: 1) наименование суда, в который подается заявление; 2) наименование истца, его место жительства или, если истцом является организация, ее место нахождения, а также наименование представителя и его , если заявление подается представителем; 3) наименование ответчика, его место жительства или, если ответчиком является организация, ее место нахождения; 4) в чем заключается нарушение либо угроза нарушения прав, свобод или законных интересов истца и его требования; 5) обстоятельства, на которых истец основывает свои требования, и доказательства,"
d_9ee4552dd2,"Иркутский районный суд Иркутской области А А А Обычная версия сайта развернуть 664047, Иркутская обл., г. Иркутск, ул. Байкальская, д. 30 Тел.: (3952) 20-84-79, 20-96-06 (ф.) irkutsky.irk@sudrf.ru Иркутский районный суд Иркутской области 664047, Иркутская обл., г. Иркутск, ул. Байкальская, д. 30 Тел.: (3952) 20-84-79, 20-96-06 (ф.) irkutsky.irk@sudrf.ru Закрыть Мобильная версия Главная Карта сайта Судебное делопроизводство Территориальная подсудность Калькулятор госпошлины Главная Подача процессуальных документов в электронном виде О СУДЕ ТЕРРИТОРИАЛЬНАЯ ПОДСУДНОСТЬ СУДЕЙСКОЕ СООБЩЕСТВО НОРМАТИВНЫЕ АКТЫ ДОКУМЕНТЫ СУДА СУДЕБНОЕ ДЕЛОПРОИЗВОДСТВО СПРАВОЧНАЯ ИНФОРМАЦИЯ КАЛЬКУЛЯТОР ГОСПОШЛИНЫ ПРЕСС-СЛУЖБА УПРАВЛЕНИЕ СУДЕБНОГО ДЕПАРТАМЕНТА СУДЫ СУБЪЕКТА РФ МУНИЦИПАЛЬНЫЕ ОРГАНЫ ВЛАСТИ ВАКАНСИИ ПРОТИВОДЕЙСТВИЕ КОРРУПЦИИ ОБРАЩЕНИЯ ГРАЖДАН ВНЕПРОЦЕССУАЛЬНЫЕ ОБРАЩЕНИЯ Карта сайта ВЕРСИЯ ДЛЯ СЛАБОВИДЯЩИХ Подача процессуальных документов в электронном виде О СУДЕ СУДЕЙСКОЕ СООБЩЕСТВО НОРМАТИВНЫЕ АК"
d_a060a0b568,"О П Р Е Д Е Л Е Н И Е г. Кемерово 30 марта 2021 г. Судебная коллегия по гражданским делам Восьмого кассационного суда общей юрисдикции в составе Председательствующего ФИОсудей , рассмотрела в открытом судебном заседании гражданское /2020, УИД 38RS0030-01-2020-001609-71 по иску Усть-Илимского межрайонного прокурора, действующего в защиту прав и законных интересов , к Акционерному обществу «Негосударственный пенсионный фонд «Будущее» о признании договора недействительным, взыскании денежных сумм, понуждении к совершению действий, запрете обработки и хранении персональных данных, по кассационной жалобе Акционерного общества «Негосударственный пенсионный фонд «Будущее» на решение Усть-Илимского городского суда Иркутской области от 17 июля 2020 г. и апелляционное определение судебной коллегии по гражданским делам Иркутского областного суда от 2 ноября 2020 г. Заслушав доклад судьи Восьмого кассационного суда общей юрисдикции , объяснения прокурора восьмого отдела ("
d_a1369d3009,"УСТАНОВИЛ: Истец обратился в суд с иском к ответчику о восстановлении срока для обращения правопреемника с заявлением о выплате средств пенсионных накоплений, ссылаясь на то, что отец истца – фио заключил с ответчиком договор об обязательном пенсионном страховании. фио умер. Срок обращения за выплатой пенсионных накоплений истцом пропущен по уважительной причине. Стороны в судебное заседание не явились, извещены надлежащим образом. Суд, исследовав материалы дела, приходит к следующему. Согласно абзацу 5 пункта 2 статьи 36.5 Федерального закона от N 75-ФЗ «О негосударственных пенсионных фондах» договор об обязательном пенсионном страховании прекращается в случае смерти застрахованного лица. В случае прекращения договора об обязательном пенсионном страховании в связи со смертью застрахованного лица, фонд обязан в порядке, установленном указанным Федеральным законом, выплатить правопреемнику (правопреемникам) умершего застрахованного лица сумму, эквивалентную сумме средств пенс"
d_a20a0bcbec,"УСТАНОВИЛ: Истец обратился в суд с иском к «НПФ «Будущее» о восстановлении срока для обращения правопреемника по договору (заявлению) с заявлением о выплате средств пенсионных накоплений, учтенных на пенсионном счете накопительной пенсии умершего застрахованного лица. Вместе с тем, вышеуказанное заявление не соответствует требованиям статей 132 Гражданского процессуального кодекса РФ, в связи с чем, не может быть принято к производству суда. Согласно статье 132 ГПК РФ к исковому заявлению прилагаются также, документы, подтверждающие обстоятельства, на которых истец основывает свои требования, копии этих документов для ответчиков и третьих лиц, если копии у них отсутствуют. Вместе с тем, исковое заявление указанным выше нормам не соответствует: к исковому заявлению не приложены документы, подтверждающие обстоятельства, на которых истец основывает свои требования, а именно копии документов, подтверждающие факт родства с умершим застрахованным лицом фио (свидетельство о рождении, доку"
d_a2396e3241,"УСТАНОВИЛ: В Мещанский районный суд города Москвы поступило исковое заявление к АО «НПФ «БУДУЩЕЕ» о восстановлении пропущенного срока для обращения с заявлением о выплате средств пенсионных накоплений умершего застрахованного лица. Ознакомившись с исковым заявлением и приложенными документами, судья приходит к выводу о том, что исковое заявление подлежит оставлению без движения по следующим основаниям. Согласно п. 5 ч. 2 ст. 131 ГПК РФ в исковом заявлении должны быть указаны обстоятельства, на которых истец основывает свои требования, и доказательства, подтверждающие эти обстоятельства. В соответствии со ст. 132 ГПК РФ к исковому заявлению прилагаются, в том числе, документы, подтверждающие обстоятельства, на которых истец основывает свои требования. Вместе с тем, истец в нарушение вышеуказанных норм, не представил свидетельство о смерти умершего застрахованного лица, приложенная копия не содержит серия и номер документа. В соответствии с ч. 1 ст. 136 ГПК РФ судья, установив, что и"
d_a2997714e2,"Определение город Москва 01 марта 2022 года Судья Мещанского районного суда города Москвы , ознакомившись с исковым заявлением к АО «НПФ «Будущее» о восстановлении пропущенного срока для обращения правопреемника с заявлением о выплате средств пенсионных накоплений, учтенных на пенсионном счете накопительной пенсии умершего застрахованного лица, установил: Согласно ч. 4 ст. 131 ГПК РФ исковое заявление подписывается истцом или его представителем при наличии у него полномочий на подписание заявления и предъявление его в суд. Как следует из искового заявления, поданного в Мещанский районный суд города Москвы, на иске отсутствует подпись истца. На основании изложенного, руководствуясь ст. ст. 135, 224, 225 ГПК РФ, судья определил: Возвратить исковое заявление к АО «НПФ «Будущее» о восстановлении пропущенного срока для обращения правопреемника с заявлением о выплате средств пенсионных накоплений, учтенных на пенсионном счете накопительной пенсии умершего застрахованного лица -"
d_a39559a85e,"УСТАНОВИЛ: Надымский городской прокурор обратился в суд в интересах фио к наименование организации о признании договора недействительным, применении последствий недействительности сделки, мотивируя свои требования тем, что на основании обращения фио проведена проверка соблюдений требований федерального законодательства, в ходе которой были установлены нарушения указанного законодательства, нарушающие права и охраняемые законом интересы фио. Учитывая изложенные обстоятельства, истец просит суд признать договор от дата № [СНИЛС], заключенный между фио и наименование организации недействительным и применить последствия недействительности сделки путем восстановления инвестиционного дохода в размере сумма на счете фио в наименование организации. Представитель Надымской городской прокуратуры в судебное заседание не явился, о времени и месте рассмотрения дела извещен надлежащим образом, ходатайствовал о рассмотрении дела в его отсутствие. фио в судебное заседание не явилась, о времени и месте"
d_a3ea97ebfc,"УСТАНОВИЛ: Истец обратилась в суд с иском к АО «НПФ «БУДУЩЕЕ», Пенсионному фонду Российской Федерации и, уточнив исковые требования в порядке ст. 39 ГПК РФ, просит признать договор об обязательном пенсионном страховании, заключенный между ней и АО НПФ «БУДУЩЕЕ», недействительным, признать недействительным заявление о досрочном переходе из ПФР в АО «НПФ «БУДУЩЕЕ», обязать ответчика в срок не позднее …. дней со дня получения соответствующего решения суда передать в ПФР средства пенсионных накоплений истца в размере и порядке, установленных п. 5.3 ст. 36.6 Федерального закона № 75-ФЗ от г., признать действия АО «НПФ «БУДУЩЕЕ» по обработке персональных данных истца без её согласия незаконными, обязать ответчика прекратить обработку страхового номера индивидуального лицевого счета истца, взыскать с ответчика в пользу истца расходы по оплате госпошлины в размере…. руб., почтовые расходы в размере….. руб., а также компенсацию морального вреда в размере …..руб. Свои исковые треб"
d_a419174c33,"УСТАНОВИЛ: В Мещанский районный суд г. Москвы поступило исковое заявление ФИОО «НПФ «Достойное Будущее» о восстановлении срока для обращения правопреемника по закону с заявлением о выплате средств пенсионных накоплений. Указанное исковое заявление подлежит оставлению без движения, как поданное с нарушением требований ст.ст. 131,132 ГПК РФ, по следующим основаниям. В силу ст. 131 ГПК РФ в исковом заявлении должны быть указаны: 1) наименование суда, в который подается заявление; 2) наименование истца, его место жительства или, если истцом является организация, ее , а также наименование представителя и его , если заявление подается представителем; 3) сведения об ответчике: для гражданина - фамилия, имя, отчество (при наличии) и место жительства, а также дата и место рождения, место работы (если они известны) и один из идентификаторов (страховой номер индивидуального лицевого счета, идентификационный номер налогоплательщика, серия и номер документа, удостоверяющего личность, осно"
d_a4ca1be2fb,"УСТАНОВИЛ: В Мещанский районный суд города Москвы поступило исковое заявление к АО «НПФ «Будущее» о восстановлении срока. Указанное заявление подлежит оставлению без движения, как поданное с нарушением требований ст. ст. 131, 132 ГПК РФ по следующим основаниям. В силу требований ст. 132 ГПК РФ к исковому заявлению прилагаются, в числе прочего, уведомление о вручении или иные документы, подтверждающие направление другим лицам, участвующим в деле, копий искового заявления и приложенных к нему документов, которые у других лиц, участвующих в деле, отсутствуют, в том числе в случае подачи в суд искового заявления и приложенных к нему документов посредством заполнения формы, размещенной на официальном сайте соответствующего суда в информационно-телекоммуникационной сети ""Интернет"". К настоящему иску не приложены сведения о направлении копии искового заявления и иных требуемых документов в ответчика. Согласно ст. 136 ГПК РФ судья, установив, что исковое заявление подано в суд без со"
d_a6ac27c3d3,"УСТАНОВИЛ: В Мещанский районный суд поступило исковое заявление к «Будущее» о восстановление срока. Указанное исковое заявление подлежит оставлению без движения, как поданное с нарушением требований ст.131,132 ГПК РФ, по следующим основаниям. В силу ст.131 ГПК РФ в исковом заявлении должны быть указаны: 1) наименование суда, в который подается заявление; 2) наименование истца, его место жительства или, если истцом является организация, ее , а также наименование представителя и его , если заявление подается представителем; 3) сведения об ответчике: для гражданина - фамилия, имя, отчество (при наличии) и место жительства, а также паспортные данные, место работы (если они известны) и один из идентификаторов (страховой номер индивидуального лицевого счета, идентификационный номер налогоплательщика, серия и номер документа, удостоверяющего личность, основной государственный регистрационный номер индивидуального предпринимателя, серия и номер водительского удостовер"
d_a99e2c01f3,"УСТАНОВИЛ: Истец фио обратилась в суд с иском к наименование организации, наименование организации (далее – ВЭБ УК), уточнив исковые требования в порядке ст. 39 ГПК РФ, просила возложить на ответчика наименование организации обязанность прекратить обработку персональных данных истца; признать договор об обязательном пенсионном страховании № от дата, заключенный между фио и наименование организации, недействительным; обязать ответчика наименование организации в срок не позднее 30 дней со дня получения соответствующего решения суда передать предыдущему страховщику ВЭБ УК средства пенсионных накоплений фио в размере и порядке, установленных п. 5.3 ст. 36.6 Федерального закона № 75-ФЗ от дата, но не менее сумма, проценты за пользование чужими денежными средствами в размере сумма, и в этот же срок известить об этом Пенсионный фонд Российской Федерации; обязать ВЭБ УК зачислить на счет фио из резерва сумму в размере сумма и в этот же срок известить об этом Пенсионный фонд Российской Федераци"
d_a9a59816ed,"УСТАНОВИЛ: Истец обратился в суд с иском к АО «НПФ «БУДУЩЕЕ» о признании договора об обязательном пенсионном страховании от *** июня *** года № ***недействительным; об обязании в срок не позднее 30 дней со дня получения решения суда о признании договора об обязательном пенсионном страховании недействительным передать предыдущему страховщику АО НПФ ВТБ Пенсионный фонд средства пенсионных накоплений на формирование накопительной пенсии истца в размере *** руб. и средства, направленные на формирование собственных средств фонда, сформированные за счет дохода от инвестирования средств пенсионных накоплений на формирование накопительной пенсии истца в размере *** руб.; взыскании расходов по оплате государственной пошлины в размере *** руб.; взыскании расходов по оплате юридических услуг в размере *** руб. Свои исковые требования истец мотивирует тем, что *** декабря *** года между и АО НПФ ВТБ Пенсионный фонд был заключен договор об обязательном пенсионном страховании № ***. В марте"
d_a9dbfdbe77,"УСТАНОВИЛ: Истец обратилась в суд с иском к «БУДУЩЕЕ» о восстановлении пропущенного срока для обращения правопреемника с заявлением о выплате средств пенсионных накоплений, учтенных на пенсионном счете накопительной пенсии умершего застрахованного лица, ссылаясь на то, что ее дочь фио заключила с «БУДУЩЕЕ» договор об обязательном пенсионном страховании. 10 января 2022 года фио умерла. Срок обращения за выплатой пенсионных накоплений истцом пропущен по уважительной причине. Стороны в судебное заседание не явились, извещены надлежащим образом. Суд, исследовав материалы дела, находит исковые требования обоснованными и подлежащими удовлетворению по следующим основаниям. Как усматривается из материалов дела и в судебном заседании установлено, что между «БУДУЩЕЕ» и фио был заключен договор об обязательном пенсионном страховании, по условиям которого фонд обязуется осуществлять деятельность страховщика по обязательному пенсионному страхованию, включающую аккумулирование и уч"
d_aa3d2b0582,"УСТАНОВИЛ: В Мещанский районный суд поступило исковое заявление к «Будущее» о восстановлении срока для обращения правопреемника по договору (заявлению) с заявлением о выплате средств пенсионных накоплений. Указанное исковое заявление определением от года оставлено без движения, по мотивам, приведенным в данном определении, истцу предложено исправить недостатки в срок до года. Ввиду того, что истец не устранил недостатки, указанные в определении судьи об оставлении иска без движения, исковое заявление подлежит возвращению на основании п. 2 ст. 136 ГПК РФ. На основании изложенного, руководствуясь ст. ст. 135, 136, 224-225 ГПК РФ, суд ОПРЕДЕЛИЛ: Возвратить исковое заявление к «Будущее» о восстановлении срока для обращения правопреемника по договору (заявлению) с заявлением о выплате средств пенсионных накоплений. Возвращение искового заявления не препятствует повторному обращению истца в суд с иском к тому же ответчику, о том же предмете и"
d_aacde75c02,"УСТАНОВИЛ: В Мещанский районный суд поступило исковое заявление фио к наименование организации о признании недействительным договора об обязательном пенсионном страховании, применении последствий недействительности сделки. Указанное исковое заявление подлежит оставлению без движения, как поданное с нарушением требований ст.ст. 131,132 ГПК РФ, по следующим основаниям. В силу ст.131 ГПК РФ в исковом заявлении должны быть указаны: 1) наименование суда, в который подается заявление; 2) наименование истца, его место жительства или, если истцом является организация, ее , а также наименование представителя и его , если заявление подается представителем; 3) сведения об ответчике: для гражданина - фамилия, имя, отчество (при наличии) и место жительства, а также паспортные данные, место работы (если они известны) и один из идентификаторов (страховой номер индивидуального лицевого счета, идентификационный номер налогоплательщика, серия и номер документа, удостоверяющего личность,"
d_aaff628b82,"УСТАНОВИЛ: В Мещанский районный суд поступило исковое заявление фио к ""Достойное Будущее"" о восстановлении срока для обращения с заявлением о выплате средств пенсионных накоплений умершего застрахованного лица. Указанное исковое заявление определением от года оставлено без движения, по мотивам, приведенным в данном определении, истцу предложено исправить недостатки в срок до года. Ввиду того, что истец не устранил недостатки, указанные в определении судьи об оставлении иска без движения, исковое заявление подлежит возвращению на основании п. 2 ст. 136 ГПК РФ. На основании изложенного, руководствуясь ст. ст. 135, 136, 224-225 ГПК РФ, суд ОПРЕДЕЛИЛ: Возвратить исковое заявление фио к ""Достойное Будущее"" о восстановлении срока для обращения с заявлением о выплате средств пенсионных накоплений умершего застрахованного лица. Возвращение искового заявления не препятствует повторному обращению истца в суд с иском к тому же ответчику, о том же предмете"
d_ab05f51d1f,"УСТАНОВИЛ: В Мещанский районный суд города Москвы поступило исковое заявление к Акционерному обществу «Негосударственный пенсионный фонд «БУДУЩЕЕ» о восстановлении пропущенного срока для обращения с заявлением о выплате средств пенсионных накоплений умершего застрахованного лица. Ознакомившись с исковым заявлением и приложенными документами, судья приходит к выводу о возвращении искового заявления по следующим основаниям. Согласно ч. 4 ст. 131 ГПК РФ исковое заявление подписывается истцом или его представителем при наличии у него полномочий на подписание заявления и предъявление его в суд. В соответствии с п. 4 ч. 1 ст. 135 ГПК РФ судья возвращает исковое заявление в случае, если исковое заявление не подписано или исковое заявление подписано и подано лицом, не имеющим полномочий на его подписание и предъявление в суд. Вместе с тем, подпись истца отсутствуют. Таким образом, поскольку исковое заявление не подписано истцами, судья приходит к выводу о возвращении искового заявления"
d_ab8e1aabbb,"УСТАНОВИЛ: В Мещанский районный суд города Москвы поступило исковое заявление к АО «НПФ «Будущее» о восстановлении пропущенного срока на получение выплаты накопительной пенсии умершего застрахованного лица. Указанное исковое заявление подлежит оставлению без движения, как поданное с нарушением требований ст. 132 ГПК РФ, по следующим основаниям. Вместе с тем, исковое заявление вышеуказанной норме не соответствует: к исковому заявлению приложен документ об уплате госпошлины. Как усматривается из представленного материала, оно подлежит оставлению без движения, поскольку подано с нарушением, а именно: заявителю необходимо представить документ об уплате государственной пошлины. При таких обстоятельствах истцу надлежит исправить вышеуказанные недостатки искового заявления. Судья, установив, что исковое заявление подано в суд без соблюдения требований, установленных в статьях 131 и 132 ГПК РФ, выносит определение об оставлении заявления без движения, о чем извещает лицо, подавшее заявлени"
d_ac4d888b6d,"УСТАНОВИЛ: В Мещанский районный суд поступило исковое заявление к «Достойное Будущее» о восстановлении срока для обращения с заявлением о выплате средств пенсионных накоплений. Указанное исковое заявление определением от года оставлено без движения, по мотивам, приведенным в данном определении, истцу предложено исправить недостатки в срок до года. Ввиду того, что истец не устранил недостатки, указанные в определении судьи об оставлении иска без движения, исковое заявление подлежит возвращению на основании п. 2 ст. 136 ГПК РФ. На основании изложенного, руководствуясь ст. ст. 135, 136, 224-225 ГПК РФ, суд ОПРЕДЕЛИЛ: Возвратить исковое заявление к «Достойное Будущее» о восстановлении срока для обращения с заявлением о выплате средств пенсионных накоплений. Возвращение искового заявления не препятствует повторному обращению истца в суд с иском к тому же ответчику, о том же предмете и по тем же основаниям. На определение может быть подана час"
d_addeb51081,"УСТАНОВИЛ: Истец обратилась в суд с иском к ответчику, требования истцом неоднократно уточнялись, дополнялись, согласно последнему уточнению, истец просит признать недействительным договор с АО «НПФ «Сафмар», перевести денежные средства в виде накопительной части страховой пенсии в Пенсионный фонд РФ по ее месту жительства в размере ***, взыскать денежные средства в размере ***, из которых: *** накопительная часть пенсии и недополученный доход на *** г. в размере ***, а также недополученный доход за период с марта по *** г., взыскать денежные средства в порядке ст.99 ГПК РФ в размере ***, взыскать оплату юридических услуг в размере ***. В обоснование заявленных требований истец указывает, что из сведений о состоянии индивидуального лицевого счета от *** г. ей стало известно, что ее страховщиком с *** г. является АО «НПФ «Сафмар», при этом ею в *** г. был заключен договор с АО «НПФ «Сбербанка», никаких договоров с АО «НПФ «Сафмар» она не подписывала и не заключала, поскольку она не"
d_aee4be7cac,"УСТАНОВИЛ: .... обратился в суд с исковым заявлением в защиту интересов ФИО1 к акционерному обществу «Негосударственный пенсионный фонд «БУДУЩЕЕ» (далее АО «НПФ «БУДУЩЕЕ») о признании договора об обязательном пенсионном страховании недействительным, обязании передать в ПФР средства пенсионных накоплений, запретить обработку и хранение персональных данных. В обоснование исковых требований указано, что в прокуратуру .... с заявлением о нарушении пенсионных прав обратился ФИО1 , установлено, что его пенсионные накопления были незаконно переведены из государственного Пенсионного Фонда в АО «НПФ «БУДУЩЕЕ». При этом средства пенсионных накоплений ФИО1 переведены в АО «НПФ «БУДУЩЕЕ» **/**/**** на основании заявления о досрочном переходе в негосударственный пенсионный фонд от **/**/**** № , поступившее в Отделение ПФР по .... и .... . Прокуратурой установлено, что на основании заявления застрахованного лица о досрочном переходе из пенсионного фонда Российской Федерации в негосударственный пенс"
d_af7e1ac3a5,"Судья 1 инстанции ФИОИД 77RS0016-02-2023-030062-31 Гражданское инстанция № 2-3057/2024 № 33-12583/2025 АПЕЛЛЯЦИОННОЕ ОПРЕДЕЛЕНИЕ 16 апреля 2025 года город Москва Судебная коллегия по гражданским делам Московского городского суда в составе председательствующего судьи , и судей , , при ведении протокола помощником судьи , рассмотрев в открытом судебном заседании по докладу судьи , гражданское дело по апелляционной жалобе истца на решение Мещанского районного суда города Москвы от 20 февраля 2024 года которым постановлено: в удовлетворении иска к АО «НПФ «Будущее» о восстановлении пропущенного срока для обращения правопреемника с заявлением о выплате средств пенсионных накоплений, учтенных на пенсионном счете накопительной пенсии умершего застрахованного лица отказать.; у с т а н о в и л а обратилась в суд с иском к ответчику АО «НПФ «Будущее» о восстановлении срока для обращения правопреемника с заявлением о выплате средств пенсионных накоплений, ссылаяс"
d_affa8833c9,"УСТАНОВИЛ: В Мещанский районный суд поступило исковое заявление фио к «БУДУЩЕЕ» о восстановлении пропущенного срока. Вместе с тем, указанное исковое заявление не может быть принято к производству суда. Согласно пункту 4 части 1 статьи 135 ГПК РФ, суд возвращает исковое заявление в случае, если исковое заявление не подписано или исковое заявление подписано и подано лицом, не имеющим полномочий на его подписание и предъявление в суд. Между тем, исковое заявление не подписано истцом, в связи с чем, подлежит возвращению заявителю. На основании изложенного, руководствуясь положениями статьи 135 ГПК РФ, ОПРЕДЕЛИЛ: Исковое заявление фио к «БУДУЩЕЕ» о восстановлении пропущенного срока – возвратить заявителю с приложенными к нему документами. Возвращение искового заявления не препятствует повторному обращению истца в суд с иском к тому же ответчику, о том же предмете и по тем же основаниям, если истцом будет устранено допущенное нарушение. На определение может быть подана час"
d_b046507ab6,"УСТАНОВИЛ: В Мещанский районный суд поступило исковое заявление фио к «Достойное Будущее» о восстановление срока. Указанное исковое заявление подлежит оставлению без движения, как поданное с нарушением требований ст.131,132 ГПК РФ, по следующим основаниям. В силу ст.131 ГПК РФ в исковом заявлении должны быть указаны: 1) наименование суда, в который подается заявление; 2) наименование истца, его место жительства или, если истцом является организация, ее , а также наименование представителя и его , если заявление подается представителем; 3) сведения об ответчике: для гражданина - фамилия, имя, отчество (при наличии) и место жительства, а также паспортные данные, место работы (если они известны) и один из идентификаторов (страховой номер индивидуального лицевого счета, идентификационный номер налогоплательщика, серия и номер документа, удостоверяющего личность, основной государственный регистрационный номер индивидуального предпринимателя, серия и номер водительского"
d_b0cca51b1c,"Мещанского районного суда города Москвы , рассмотрев исковое заявление / заявление в лице попечителя к АО НПФ Достойное будущее о восстановлении срока для обращения за выплатой пенсионных накоплений, установил: настоящее заявление подлежит оставлению без движения как не соответствующее требованиям ст.ст. 131 и 132 ГПК РФ в силу следующего. В нарушение ст. 132 ГПК РФ к исковому заявлению не представлены: документы, подтверждающие обстоятельства, на которых истец основывает свои требования, в частности, к заявлению не представлены документы, подтверждающие родство с умершей (свидетельство о рождении истца ). Указанные обстоятельства являются основанием для оставления иска без движения. Поэтому, руководствуясь ст. 136 ГПК РФ, судья определил: исковое заявление в лице попечителя к АО НПФ Достойное будущее о восстановлении срока для обращения за выплатой пенсионных накоплений, оставить без движения до 08 августа 2025 года, предложив заявителю в указанный срок уст"
d_b16a7501d1,"УСТАНОВИЛ: В Мещанский районный суд города Москвы поступило исковое заявление к АО «НПФ «БУДУЩЕЕ» о восстановлении пропущенного срока для обращения с заявлением о выплате средств пенсионных накоплений умершего застрахованного лица. Ознакомившись с исковым заявлением и приложенными документами, судья приходит к выводу о том, что исковое заявление подлежит оставлению без движения по следующим основаниям. Согласно п. 5 ч. 2 ст. 131 ГПК РФ в исковом заявлении должны быть указаны обстоятельства, на которых истец основывает свои требования, и доказательства, подтверждающие эти обстоятельства. В соответствии со ст. 132 ГПК РФ к исковому заявлению прилагаются, в том числе, документ, подтверждающий уплату государственной пошлины в установленных порядке и размере или право на получение льготы по уплате государственной пошлины, либо ходатайство о предоставлении отсрочки, рассрочки, об уменьшении размера государственной пошлины или об освобождении от уплаты государственной пошлины. В соответст"
d_b24a1ee931,"УСТАНОВИЛ: В Мещанский районный суд поступило исковое заявление к «Будущее» о восстановлении срока для обращения правопреемника по договору (заявлению) с заявлением о выплате средств пенсионных накоплений. Указанное исковое заявление определением от года оставлено без движения, по мотивам, приведенным в данном определении, истцу предложено исправить недостатки в срок до года. Ввиду того, что истец не устранил недостатки, указанные в определении судьи об оставлении иска без движения, исковое заявление подлежит возвращению на основании п. 2 ст. 136 ГПК РФ. На основании изложенного, руководствуясь ст. ст. 135, 136, 224-225 ГПК РФ, суд ОПРЕДЕЛИЛ: Возвратить исковое заявление к «Будущее» о восстановлении срока для обращения правопреемника по договору (заявлению) с заявлением о выплате средств пенсионных накоплений. Возвращение искового заявления не препятствует повторному обращению истца в суд с иском к тому же ответчику, о том же предмете и"
d_b25f50310e,"УСТАНОВИЛ: Прокурор Калининского района г. Челябинска, действуя в интересах , обратился в суд с иском к АО «НПФ «БУДУЩЕЕ», ОПФР по Челябинской области о признании недействительным заявления о переходе из одного негосударственного фонда в другой негосударственный фонд, признании недействительным договора об обязательном пенсионном страховании № * от * декабря 2016 года, обязании ОПФР по Челябинской области перевести средства пенсионных накоплений в Пенсионный фонд РФ. Свои исковые требования истец мотивирует тем, что является застрахованным лицом с открытым индивидуальным лицевым счетом в УПФР Калининского района г. Челябинска. В 2017 году из территориального органа Пенсионного фонда РФ ему стало известно, что он добровольно вступил в правоотношения с АО «НПФ «БУДУЩЕЕ» по обязательному пенсионному страхованию в целях уплаты дополнительных страховых взносов на накопительную часть трудовой пенсии, заключив с фондом договор № * от * декабря 2016 года. Однако, заявление в"
d_b281031c8e,"УСТАНОВИЛ: В Мещанский районный суд г. Москвы поступило исковое заявление к АО НПФ «БУДУЩЕЕ» о восстановлении пропущенного срока. Указанное исковое заявление подлежит оставлению без движения, как поданное с нарушением требований ст.ст. 131,132 ГПК РФ, по следующим основаниям. В силу ст.131 ГПК РФ в исковом заявлении должны быть указаны: 1) наименование суда, в который подается заявление; 2) наименование истца, его место жительства или, если истцом является организация, ее , а также наименование представителя и его , если заявление подается представителем; 3) сведения об ответчике: для гражданина - фамилия, имя, отчество (при наличии) и место жительства, а также дата и место рождения, место работы (если они известны) и один из идентификаторов (страховой номер индивидуального лицевого счета, идентификационный номер налогоплательщика, серия и номер документа, удостоверяющего личность, основной государственный регистрационный номер индивидуального предпринимателя, серия и ном"
d_b29bd3c757,"УСТАНОВИЛ: В Мещанский районный суд г. Москвы поступило исковое заявление к АО «НПФ «Будущее» о восстановлении пропущенного срока для обращения с заявлением на получение средств пенсионных накоплений. Изучив настоящее заявление, суд приходит к следующим выводам. Согласно ч. 4 ст. ст. 131 ГПК РФ исковое заявление подписывается истцом или его представителем при наличии у него полномочий на подписание заявления и предъявление его в суд. Исковое заявление, подаваемое в электронном виде, содержащее ходатайство об обеспечении иска, должно быть подписано усиленной квалифицированной электронной подписью. В соответствии с п. 4 ч. 1 ст. 135 ГПК РФ судья возвращает исковое заявление в случае, если исковое заявление не подписано или исковое заявление подписано и подано лицом, не имеющим полномочий на его подписание и предъявление в суд. В настоящем случае в суд поступило исковое заявление, на котором отсутствует подпись истца. На основании изложенного, руководствуясь ст. ст. 135, 224-225 ГПК Р"
d_b2f62b4d48,"УСТАНОВИЛ: .... обратился в суд в защиту интересов М.О.Ю. , в обоснование заявленных требований указал, что .... была проведена проверка по заявлению М.О.Ю. о нарушении пенсионного законодательства. Проверкой установлено, что М.О.Ю. является застрахованным лицом в системе обязательного пенсионного страхования СНИЛС [СНИЛС]. До **/**/**** страховщиком по обязательному пенсионному страхованию являлся Пенсионный фонд Российской Федерации, впоследствии была переведена в АО «Негосударственный пенсионный фонд «Будущее», при этом никаких заявлений не писала, доверенностей не выдавала. Согласно представленной информации государственного учреждения – управление Пенсионного Фонда Российской Федерации в .... имеется потеря инвестиционного дохода. Согласно пояснениям М.О.Ю. она не подавала документы на перевод средств пенсионного накопления в АО «НПФ «Будущее». Управлением ПФР в .... были представлены заверенные копии документов, на основании которых осуществлен перевод средств пенсионного накопле"
d_b33fcee2c6,"УСТАНОВИЛА: *** обратился в суд к АО «НПФ «Будущее», в котором просил взыскать задолженность по выплате выходного пособия при расторжении договора в размере 4 200 000 руб., компенсацию за несвоевременную выплату при увольнении в размере 472962 руб., компенсацию морального вреда в размере 100 000 рублей. В обоснование заявленных требований *** ссылался на то, что с года был принят на работу к ответчику на должность начальника управления в управлении экономической безопасности и с ним заключен трудовой договор №8, с переведен первым заместителем генерального директора. к трудовому договору было заключено дополнительное соглашение, по условиям которого работник имеет право на выплату дополнительно к расчету при увольнении выходного пособия в размере 4 200 000 руб. при увольнении в период с по инициативе работника, работодателя, по соглашению сторон, а также в случае расторжения трудового договора в связи с отказом работника от продолжения работы"
d_b53d73928b,"УСТАНОВИЛ: В Мещанский районный суд города Москвы поступило исковое заявление к АО «НПФ Будущее» о восстановлении пропущенного срока для обращения правопреемника с заявлением о выплате средств пенсионных накоплений, учтенных на пенсионном счете накопительной пенсии умершего застрахованного лица. В силу положений ст. 132 ГПК РФ к исковому заявлению, в числе прочего, прилагается документ, подтверждающий уплату государственной пошлины в установленных порядке и размере или право на получение льготы по уплате государственной пошлины, либо ходатайство о предоставлении отсрочки, рассрочки, об уменьшении размера государственной пошлины или об освобождении от уплаты государственной пошлины; уведомление о вручении или иные документы, подтверждающие направление другим лицам, участвующим в деле, копий искового заявления и приложенных к нему документов, которые у других лиц, участвующих в деле, отсутствуют, в том числе в случае подачи в суд искового заявления и приложенных к нему документов в э"
d_b5693161c2,"О П Р Е Д Е Л Е Н И Е г. Кемерово 19 июля 2022 г. Судебная коллегия по гражданским делам Восьмого кассационного суда общей юрисдикции в составе: Председательствующего: ФИОсудей: , рассмотрев в открытом судебном заседании гражданское /2021 (УИД 24RS0002-01-2021-003758-33 ) по иску к Государственному учреждению-Отделению Пенсионного фонда РФ по Красноярскому краю, Акционерному обществу «Негосударственный пенсионный фонд «БУДУЩЕЕ» о признании сделки недействительной, признании незаконными действий, обязании восстановить нарушенные права по кассационной жалобе Акционерного общества «Негосударственный пенсионный фонд «Будущее» на решение Ачинского городского суда Красноярского края от 24 ноября 2021 г. и апелляционное определение судебной коллегии по гражданским делам Красноярского краевого суда от 2 марта 2022 г. Заслушав доклад судьи Восьмого кассационного суда общей юрисдикции , судебная коллегия по гражданским делам Восьмого кассационного суда общей юрисдикции"
d_b5c5cd5746,"УСТАНОВИЛ: Истец обратился в суд с иском указав на то, что ей из «Будущее» поступило письмо, о накопительной пенсии, которую оставил ее отчим фио Заявитель об этом ничего не знала. Истец обратилась на горячую и ей сообщили, что нужно направить два письма в суд и НПФ. Согласно ст. 136 ГПК РФ, судья, установив, что исковое заявление подано в суд без соблюдения требований, установленных в статьях 131 и 132 настоящего кодекса, выносит определение об оставлении заявления без движения. Согласно ст. 131 ГПК РФ, в исковом заявлении должны быть указаны: 1) наименование суда, в который подается заявление; 2) наименование истца, его место жительства или, если истцом является организация, ее , а также наименование представителя и его , если заявление подается представителем; 3) сведения об ответчике: для гражданина - фамилия, имя, отчество (при наличии) и место жительства, а также паспортные данные, место работы (если они известны) и один из идентификаторов (страховой номер и"
d_b5fe279406,"УСТАНОВИЛ: В Мещанский районный суд поступило исковое заявление к «Будущее» о восстановлении срока для обращения за выплатой средств пенсионных накоплений. Указанное исковое заявление определением от 15 августа 2024 года оставлено без движения, по мотивам, приведенным в данном определении, истцу предложено исправить недостатки в срок до 21 октября 2024 года. Ввиду того, что истец не устранил недостатки, указанные в определении судьи об оставлении иска без движения, исковое заявление подлежит возвращению на основании п. 2 ст. 136 ГПК РФ. На основании изложенного, руководствуясь ст. ст. 135, 136, 224-225 ГПК РФ, суд ОПРЕДЕЛИЛ: Возвратить исковое заявление к «Будущее» о восстановлении срока для обращения за выплатой средств пенсионных накоплений. Возвращение искового заявления не препятствует повторному обращению истца в суд с иском к тому же ответчику, о том же предмете и по тем же основаниям. На определение может быть подана частная жалоба в Московский городск"
d_b675398508,"УСТАНОВИЛ: В Мещанский районный суд города Москвы поступило исковое заявление к АО «НПФ «Будущее» о восстановлении пропущенного срока для обращения с заявлением о выплате средств пенсионных накоплений, учтенных на пенсионном счете накопительной пенсии умершего застрахованного лица. Указанное заявление подлежит оставлению без движения, как поданное с нарушением требований ст. ст. 131, 132 ГПК РФ по следующим основаниям. В силу требований ст. 132 ГПК РФ к исковому заявлению прилагаются, в числе прочего, уведомление о вручении или иные документы, подтверждающие направление другим лицам, участвующим в деле, копий искового заявления и приложенных к нему документов, которые у других лиц, участвующих в деле, отсутствуют, в том числе в случае подачи в суд искового заявления и приложенных к нему документов посредством заполнения формы, размещенной на официальном сайте соответствующего суда в информационно-телекоммуникационной сети ""Интернет"". К настоящему иску не приложены сведения о направ"
d_b74758c0fc,"Судья 1 инстанции УИД 77RS0013-02-2022-009525-93 Гражданское инстанция № 2-8119/2023 № 33-3245/2025 АПЕЛЛЯЦИОННОЕ ОПРЕДЕЛЕНИЕ 18 февраля 2025 года город Москва Судебная коллегия по гражданским делам Московского городского суда в составе председательствующего судьи , и судей , , при ведении протокола судебного заседания помощником судьи , рассмотрев в открытом судебном заседании по докладу судьи , гражданское дело по апелляционной жалобе лица, не привлеченного к участию в деле, на решение Мещанского районного суда города Москвы от 29 июня 2023 года которым постановлено: Исковые требования к АО «НПФ «Достойное БУДУЩЕЕ» удовлетворить. Восстановить (***года рождения) срок для обращения в АО «НПФ «Достойное БУДУЩЕЕ» с заявлением о выплате средств пенсионных накоплений, учтенных на пенсионном счете накопительной пенсии застрахованного лица (умершего *** года).; у с т а н о в и л а: обратилась в суд с иском к ответчику АО «НПФ «Достойное БУДУЩЕЕ»"
d_b74be035ad,"УСТАНОВИЛ: Истец обратился в суд с иском к «Достойное будущее» о восстановлении срока для обращения правопреемника по договору (заявлению) с заявлением о выплате средств пенсионных накоплений. Вместе с тем, вышеуказанное заявление не соответствует требованиям статей 131, 132 Гражданского процессуального кодекса РФ, в связи с чем, не может быть принято к производству суда. Согласно положениям статьи 131 ГПК РФ в исковом заявлении должны быть указаны: 1) наименование суда, в который подается заявление; 2) наименование истца, его место жительства или, если истцом является организация, ее место нахождения, а также наименование представителя и его , если заявление подается представителем; 3) наименование ответчика, его место жительства или, если ответчиком является организация, ее место нахождения; 4) в чем заключается нарушение либо угроза нарушения прав, свобод или законных интересов истца и его требования; 5) обстоятельства, на которых истец основывает свои требования, и доказ"
d_b76ccca21d,"УСТАНОВИЛ: В Мещанский районный суд города Москвы поступило исковое заявление к АО «НПФ «Будущее» о восстановлении пропущенного срока для обращения с заявлением о выплате средств пенсионных накоплений, учтенных на пенсионном счете накопительной пенсии умершего застрахованного лица. Указанное заявление подлежит оставлению без движения, как поданное с нарушением требований ст. ст. 131, 132 ГПК РФ по следующим основаниям. В силу требований ст. 132 ГПК РФ к исковому заявлению прилагаются, в числе прочего, уведомление о вручении или иные документы, подтверждающие направление другим лицам, участвующим в деле, копий искового заявления и приложенных к нему документов, которые у других лиц, участвующих в деле, отсутствуют, в том числе в случае подачи в суд искового заявления и приложенных к нему документов посредством заполнения формы, размещенной на официальном сайте соответствующего суда в информационно-телекоммуникационной сети ""Интернет"". К настоящему иску не приложены сведения о направ"
d_b9c02c51e7,"УСТАНОВИЛ: В Мещанский районный суд г. Москвы поступило исковое заявление к НПФ «Будущее» о восстановлении срока для обращения правопреемника по закону с заявлением о выплате средств пенсионных накоплений. Указанное исковое заявление подлежит оставлению без движения, как поданное с нарушением требований ст.ст. 131,132 ГПК РФ, по следующим основаниям. В силу ст. 131 ГПК РФ в исковом заявлении должны быть указаны: 1) наименование суда, в который подается заявление; 2) наименование истца, его место жительства или, если истцом является организация, ее , а также наименование представителя и его , если заявление подается представителем; 3) сведения об ответчике: для гражданина - фамилия, имя, отчество (при наличии) и место жительства, а также дата и место рождения, место работы (если они известны) и один из идентификаторов (страховой номер индивидуального лицевого счета, идентификационный номер налогоплательщика, серия и номер документа, удостоверяющего личность, основной госуд"
d_ba14b433ab,"О П Р Е Д Е Л Е Н И Е г. Кемерово 2 февраля 2021 г. Судебная коллегия по гражданским делам Восьмого кассационного суда общей юрисдикции в составе: председательствующего , судей , рассмотрела в открытом судебном заседании гражданское /2020 (УИД: 38RS0030-01-2020-001159-63) по иску Усть-Илимского межрайонного прокурора, действующего в защиту прав и законных интересов , к акционерному обществу «Негосударственный пенсионный фонд «Будущее» о признании договора недействительным, взыскании денежных сумм, понуждении к совершению действий, запрете обработки и хранении персональных данных, по кассационной жалобе акционерного общества «Негосударственный пенсионный фонд «БУДУЩЕЕ» на решение Усть-Илимского городского суда Иркутской области от 30 июня 2020 г. и апелляционное определение судебной коллегии по гражданским делам Иркутского областного суда от 21 сентября 2020 г. Заслушав доклад судьи Восьмого кассационного суда общей юрисдикции , пояснения прокурора восьмого"
d_ba20c11035,"№ М-7045/2025 77RS0016-02-2025-011877-07 ОПРЕДЕЛЕНИЕ 10 июня 2025 года Судья Мещанского районного суда города Москвы , рассмотрев заявление исковое заявление / заявление к АО НПФ Достойное будущее о восстановлении срока для обращения за выплатой пенсионных накоплений, установил: настоящее заявление подлежит оставлению без движения как не соответствующее требованиям ст.ст. 131 и 132 ГПК РФ в силу следующего. В нарушении ст. 132 ГПК РФ к настоящему заявлению не приложен документ (оригинал), подтверждающий уплату государственной пошлины в установленных порядке и размере или право на получение льготы по уплате государственной пошлины, либо ходатайство о предоставлении отсрочки, рассрочки, об уменьшении размера государственной пошлины или об освобождении от уплаты государственной пошлины; Указанные обстоятельства являются основанием для оставления иска без движения. Поэтому, руководствуясь ст. 136 ГПК РФ, судья определил: исковое заявление / заявление к АО НПФ Достойное бу"
d_ba5ca18f99,"Р Е Ш Е Н И Е ИМЕНЕМ РОССИЙСКОЙ ФЕДЕРАЦИИ 24 апреля 2019 года город Ноябрьск ЯНАО Ноябрьский городской суд Ямало-Ненецкого автономного округа в составе председательствующего судьи ФИОпри секретаре судебного заседания , с участием представителя третьего лица , рассмотрев в открытом судебном заседании гражданское /2019 ( № ) по иску к Акционерному обществу «Негосударственный пенсионный фонд «Будущее» о признании договора недействительным, установил: Истец обратился в суд с иском к АО «НПФ «Будущее» о признании договора от 30 ноября 2017 года недействительным. В обоснование требований указал, что из сведений о состоянии своего индивидуального лицевого счета застрахованного лица узнал о передаче 4 марта 2018 года средств пенсионных накоплений на накопительную часть пенсии из ПФР в АО «НПФ «Будущее» на основании договора об ОПС от 30 ноября 2017 года. Указанный договор он не заключал, заявление о переходе к ответчику не подписывал, поэтому оснований для передачи"
d_bad7203d3a,"УСТАНОВИЛ: В Мещанский районный суд поступило исковое заявление к «Будущее» о восстановлении срока для обращения с заявлением о выплате средств пенсионных накоплений умершего застрахованного лица. Вместе с тем, указанное исковое заявление не может быть принято к производству суда. Пунктом 4 ч.1 ст.135 ГПК РФ предусмотрено, что судья возвращает исковое заявление в случае, если исковое заявление не подписано или исковое заявление подписано и подано лицом, не имеющим полномочий на его подписание и предъявление в суд. Как усматривается из заявления, оно не подписано истцом, При таких обстоятельствах, данное исковое заявление подлежит возврату. Данное обстоятельство не препятствует повторной подаче подписанного надлежащим лицом заявления. На основании изложенного, руководствуясь положениями статьи 135 ГПК РФ, суд ОПРЕДЕЛИЛ: Исковое заявление к «Будущее» о восстановлении срока для обращения с заявлением о выплате средств пенсионных накоплений умершего застрахованно"
d_bcd63a691f,"Определение город Москва 01 марта 2022 года Судья Мещанского районного суда города Москвы , ознакомившись с исковым заявлением к АО «НПФ «Будущее» о восстановлении пропущенного срока для обращения правопреемника с заявлением о выплате средств пенсионных накоплений, учтенных на пенсионном счете накопительной пенсии умершего застрахованного лица, установил: Согласно ч. 4 ст. 131 ГПК РФ исковое заявление подписывается истцом или его представителем при наличии у него полномочий на подписание заявления и предъявление его в суд. Как следует из искового заявления, поданного в Мещанский районный суд города Москвы, на иске отсутствует подпись истца. На основании изложенного, руководствуясь ст. ст. 135, 224, 225 ГПК РФ, судья определил: Возвратить исковое заявление к АО «НПФ «Будущее» о восстановлении пропущенного срока для обращения правопреемника с заявлением о выплате средств пенсионных накоплений, учтенных на пенсионном счете накопительной пенсии умершего застрахованного лица -"
d_bcebd4e1c5,"УСТАНОВИЛ: В Мещанский районный суд поступило исковое заявление Хлестуновой фио к «Достойное Будущее» о восстановление сроков. Вместе с тем, указанное исковое заявление не может быть принято к производству суда. Согласно пункту 4 части 1 статьи 135 ГПК РФ, суд возвращает исковое заявление в случае, если исковое заявление не подписано или исковое заявление подписано и подано лицом, не имеющим полномочий на его подписание и предъявление в суд. Между тем, исковое заявление не подписано истцом, в связи с чем, подлежит возвращению заявителю. На основании изложенного, руководствуясь положениями статьи 135 ГПК РФ, ОПРЕДЕЛИЛ: Исковое заявление Хлестуновой фио к «Достойное Будущее» о восстановление сроков – возвратить заявителю с приложенными к нему документами. Возвращение искового заявления не препятствует повторному обращению истца в суд с иском к тому же ответчику, о том же предмете и по тем же основаниям, если истцом будет устранено допущенное нарушение. На определение м"
d_bd1d2895ab,"УСТАНОВИЛ: Истец обратился в суд с иском к АО НПФ «Будущее» о восстановлении срока для обращения правопреемника по закону с заявлением о выплате средств пенсионных накоплений. Согласно ст.132 ГПК РФ, к исковому заявлению прилагаются: уведомление о вручении или иные документы, подтверждающие направление другим лицам, участвующим в деле, копий искового заявления и приложенных к нему документов, которые у других лиц, участвующих в деле, отсутствуют, в том числе в случае подачи в суд искового заявления и приложенных к нему документов посредством заполнения формы, размещенной на официальном сайте соответствующего суда в информационно-телекоммуникационной сети ""Интернет"". Судья, установив, что исковое заявление подано в суд без соблюдения требований, установленных в статьях 131 и 132 настоящего Кодекса, выносит определение об оставлении заявления без движения, о чем извещает лицо, подавшее заявление, и предоставляет ему разумный срок для исправления недостатков (ч. 1 ст. 136 ГПК РФ). Указанн"
d_bd701e0a3d,"УСТАНОВИЛ: Мещанским межрайонный прокурор г. Москвы, действуя в интересах , обратился в суд с иском к АО «НПФ «Будущее» о признании недействительным договора об обязательном пенсионном страховании, обязании вернуть средства пенсионных накоплений. В соответствии с п. 4 ч. 1 ст. 135 ГПК РФ судья возвращает исковое заявление в случае, если: исковое заявление не подписано или исковое заявление подписано и подано лицом, не имеющим полномочий на его подписание и предъявление в суд. В соответствии с ч. 1 ст. 45 ГПК РФ заявление в защиту прав, свобод и законных интересов гражданина может быть подано прокурором только в случае, если гражданин по состоянию здоровья, возрасту, недееспособности и другим уважительным причинам не может сам обратиться в суд. Указанное ограничение не распространяется на заявление прокурора, основанием для которого является обращение к нему граждан о защите нарушенных или оспариваемых социальных прав, свобод и законных интересов в сфере трудовых (служебных) отношени"
d_be8178fcaa,"УСТАНОВИЛ: В Мещанский районный суд города Москвы поступило исковое заявление к АО «НПФ «Будущее» о восстановлении пропущенного срока для обращения с заявлением о выплате средств пенсионных накоплений, учтенных на пенсионном счете накопительной пенсии умершего застрахованного лица. Указанное заявление подлежит оставлению без движения, как поданное с нарушением требований ст. ст. 131, 132 ГПК РФ по следующим основаниям. В силу требований ст. 132 ГПК РФ к исковому заявлению прилагаются, в числе прочего, уведомление о вручении или иные документы, подтверждающие направление другим лицам, участвующим в деле, копий искового заявления и приложенных к нему документов, которые у других лиц, участвующих в деле, отсутствуют, в том числе в случае подачи в суд искового заявления и приложенных к нему документов посредством заполнения формы, размещенной на официальном сайте соответствующего суда в информационно-телекоммуникационной сети ""Интернет"". К настоящему иску не приложены сведения о направ"
d_bfe5e6087a,"УСТАНОВИЛ: Истец обратилась в суд с иском к ОАО «НПФ «Будущее» о восстановлении срока для обращения с заявлением о выплате средств пенсионных накоплений. Вместе с тем, вышеуказанное заявление не соответствует требованиям статей 132 Гражданского процессуального кодекса РФ, в связи с чем, не может быть принято к производству суда. В соответствии со ст.132 ГПК РФ к исковому заявлению прилагаются: 4) документы, подтверждающие обстоятельства, на которых истец основывает свои требования, копии этих документов для ответчиков и третьих лиц, если копии у них отсутствуют; Вместе с тем, исковое заявление указанным выше нормам не соответствует: к исковому заявлению не приложены документы, подтверждающие обстоятельства, на которых истец основывает свои требования, в частности, копия свидетельства о браке истца и застрахованного лица, копия свидетельства о смерти застрахованного лица. Принимая во внимание, что заявителем не исполнены требования о предоставлении необходимых документов при обращении в"
d_c00e1cfce8,"УСТАНОВИЛ: В Мещанский районный суд поступило исковое заявление к «БУДУЩЕЕ» о восстановлении срока для обращения правопреемника по закону с заявлением о выплате средств пенсионных накоплений. Указанное исковое заявление подлежит оставлению без движения, как поданное с нарушением требований ст.131,132 ГПК РФ, по следующим основаниям. В силу ст.131 ГПК РФ в исковом заявлении должны быть указаны: -наименование суда, в который подается заявление; -наименование истца, его место жительства или, если истцом является организация, ее место нахождения, а также наименование представителя и его , если заявление подается представителем; -наименование ответчика, его место жительства или, если ответчиком является организация, ее место нахождения; -в чем заключается нарушение либо угроза нарушения прав, свобод или законных интересов истца и его требования; -обстоятельства, на которых истец основывает свои требования, и доказательства, подтверждающие эти обстоятельства; -цена иска,"
d_c054bdf5f6,"УСТАНОВИЛ: В Мещанский районный суд поступило исковое заявление к «Будущее» о восстановлении пропущенного срока для обращения правопреемника с заявлением о выплате средств пенсионных накоплений, учтенных на пенсионном счете накопительной пенсии умершего застрахованного лица. Изучив настоящее заявление, суд приходит к следующим выводам. Согласно ч. 4 ст. ст. 131 ГПК РФ исковое заявление подписывается истцом или его представителем при наличии у него полномочий на подписание заявления и предъявление его в суд. Исковое заявление, подаваемое в электронном виде, содержащее ходатайство об обеспечении иска, должно быть подписано усиленной квалифицированной электронной подписью. В соответствии с п. 4 ч. 1 ст. 135 ГПК РФ судья возвращает исковое заявление в случае, если исковое заявление не подписано или исковое заявление подписано и подано лицом, не имеющим полномочий на его подписание и предъявление в суд. Как усматривается из представленного искового заявления, иск не содержит"
d_c065d84a6b,"УСТАНОВИЛ: В Мещанский районный суд поступило исковое заявление к «БУДУЩЕЕ» о восстановлении пропущенного срока для обращения правопреемника с заявлением о выплате средств пенсионных накоплений, учтенных на пенсионном счете накопительной пенсии умершего застрахованного лица. Указанное исковое заявление подлежит оставлению без движения, как поданное с нарушением требований ст.ст. 131,132 ГПК РФ, по следующим основаниям. В силу ст.131 ГПК РФ в исковом заявлении должны быть указаны: 1) наименование суда, в который подается заявление; 2) наименование истца, его место жительства или, если истцом является организация, ее , а также наименование представителя и его , если заявление подается представителем; 3) сведения об ответчике: для гражданина - фамилия, имя, отчество (при наличии) и место жительства, а также паспортные данные, место работы (если они известны) и один из идентификаторов (страховой номер индивидуального лицевого счета, идентификационный номер налогоп"
d_c08928b4cc,"Резолютивная часть 22 января 2024 года Мещанский районный суд в составе председательствующего судьи при ведении протокола судебного заседания помощником судьи фио рассмотрев в открытом судебном заседании гражданское /2024 иску к «БУДУЩЕЕ», Фонду пенсионного и социального страхования РФ о признании права на назначение единовременной выплаты средств пенсионных накоплений с момента первоначального обращения, руководствуясь ст. 193, 199 ГПК РФ, суд Исковые требования о признании права на назначение единовременной выплаты средств пенсионных накоплений и назначении с момента первоначального обращения - удовлетворить частично. Обязать Фонд пенсионного и социального страхования РФ предоставить «БУДУЩЕЕ» по системе межведомственного электронного взаимодействия актуальные данные о соблюдении условий для назначения накопительной пенсии в отношении , а также размере назначенной (предполагаемой) страховой пенсии по старости на дату . Об"
d_c0ca5ce555,"УСТАНОВИЛ: В Мещанский районный суд города Москвы поступило исковое заявление к АО «НПФ «Будущее» о восстановлении срока. Указанное заявление подлежит оставлению без движения, как поданное с нарушением требований ст. ст. 131, 132 ГПК РФ по следующим основаниям. В силу требований ст. 132 ГПК РФ к исковому заявлению прилагаются, в числе прочего, уведомление о вручении или иные документы, подтверждающие направление другим лицам, участвующим в деле, копий искового заявления и приложенных к нему документов, которые у других лиц, участвующих в деле, отсутствуют, в том числе в случае подачи в суд искового заявления и приложенных к нему документов посредством заполнения формы, размещенной на официальном сайте соответствующего суда в информационно-телекоммуникационной сети ""Интернет"". К настоящему иску не приложены сведения о направлении копии искового заявления и иных требуемых документов в ответчика. Согласно ст. 136 ГПК РФ судья, установив, что исковое заявление подано в суд без со"
d_c10a29351e,"УСТАНОВИЛ: Истец прокурор .... , действуя в защиту прав и законных интересов ФИО2 , обратился в суд с исковым заявлением к АО «Негосударственный пенсионный фонд «Будущее», в котором с учетом уточнений просит признать недействительным договор об обязательном пенсионном страховании от **/**/**** № , заключенный между АО «Негосударственный пенсионный фонд «Будущее» и ФИО2 ; обязать АО «Негосударственный пенсионный фонд «Будущее» в срок не позднее 30 дней со дня получения решения суда передать в ПФР средства пенсионных накоплений в сумме 185 031,64 руб., проценты за неправомерное пользование средствами пенсионных накоплений, определяемые в соответствии с по ст. 395 ГК РФ, и средства, направленные на формирование собственных средств фонда, сформированные за счет дохода от инвестирования средств пенсионных накоплений соответствующего застрахованного лица, предусмотренные п. 5.3 ст. 36.6 Федерального закона от **/**/**** № 75-ФЗ «О негосударственных пенсионных фондах» в сумме 29 039,07 руб.;"
d_c1d323537d,"Мещанского районного суда города Москвы , рассмотрев исковое заявление / заявление к АО НПФ Достойное будущее о восстановлении срока для обращения за выплатой пенсионных накоплений, установил: настоящее заявление подлежит оставлению без движения как не соответствующее требованиям ст.ст. 131 и 132 ГПК РФ в силу следующего. В нарушение ст. 132 ГПК РФ к исковому заявлению не представлены: документы, подтверждающие обстоятельства, на которых истец основывает свои требования, в частности, к заявлению не представлены документы, подтверждающие родство с умершим (свидетельство о рождении). Указанные обстоятельства являются основанием для оставления иска без движения. Поэтому, руководствуясь ст. 136 ГПК РФ, судья определил: исковое заявление к АО НПФ Достойное будущее о восстановлении срока для обращения за выплатой пенсионных накоплений, оставить без движения до 11 марта 2026 года, предложив заявителю в указанный срок устранить недостатки, указанные в мотивировочной части наст"
d_c234ad81ef,"77RS0016-02-2025-011366-85 № М-6708/2025 ОПРЕДЕЛЕНИЕ 01 июля 2025 года судья Мещанского районного суда города Москвы , рассмотрев исковое заявление к АО НПФ БУДУЩЕЕ о восстановлении срока для обращения за выплатой пенсионных накоплений, установил: истец обратился в суд с вышеуказанными требованиями к ответчику. Настоящее исковое заявление не может быть принято к производству Мещанского районного суда города Москвы по следующим основаниям. Согласно ст. 135 ГПК РФ судья возвращает исковое заявление в случае, если: исковое заявление не подписано или исковое заявление подписано и подано лицом, не имеющим полномочий на его подписание и предъявление в суд. Настоящее исковое заявление не подписано истцом, или уполномоченным представителем. Поскольку настоящее заявление не подписано истцом, или уполномоченным представителем, то оно подлежит возврату истцу. руководствуясь ст. 135 п. 1 ГПК РФ, судья определил: Возвратить исковое заявление к АО НПФ БУДУЩЕЕ о восстановлении срок"
d_c24c04ae45,"УСТАНОВИЛ: Истец обратился в суд с вышеуказанным иском , в котором просить обязать ответчика прекратить незаконную обработку персональных данных истца, признать договор об обязательном пенсионном страховании, заключенный между истцом и АО «НПФ «БУДУЩЕЕ», недействительным; применить последствия недействительности сделки; обязать ответчика в срок не позднее 30 дней со дня получения соответствующего решения суда передать АО «Ханты-Мансийский НПФ» средства пенсионных накоплений истца в размере и порядке, установленных п.5.3 ст.36.6 Федерального закона № 75-ФЗ от 7 мая 1998 года; взыскать расходы по оплате госпошлины. Исковые требования мотивированы тем, что в 2007 году между истцом и АО «Ханты-Мансийский НПФ» был заключен договор об обязательном пенсионном страховании № *, в соответствии с которым Фонд исполнял свои обязанности по аккумулированию и учету средств пенсионных накоплений истца, организации их инвестирования. В марте 2017 года истцу поступил звонок из АО «Ханты-Мансийский Н"
d_c3f616e87e,"УСТАНОВИЛ: Истец обратился в суд с исковым заявлением к «Будущее» о восстановлении срока для обращения с заявлением о выплате средств пенсионных накоплений умершего застрахованного лица. Однако поданное исковое заявление не соответствует требованиям ст. 131, 132 ГПК РФ, в связи с чем, имеются основания для оставления иска заявления без движения, а именно: Согласно пункту 6 статьи 132 ГПК РФ к исковому заявлению прилагаются, в частности, уведомление о вручении или иные документы, подтверждающие направление другим лицам, участвующим в деле, копий искового заявления и приложенных к нему документов, которые у других лиц, участвующих в деле, отсутствуют, в том числе в случае подачи в суд искового заявления и приложенных к нему документов посредством заполнения формы, размещенной на официальном сайте соответствующего суда в информационно-телекоммуникационной сети «Интернет». Между тем, к иску не приложены надлежащие документы, подтверждающие уведомление о вручении или иные документы, п"
d_c41e68a62e,"УСТАНОВИЛ: В Мещанский районный суд г. Москвы поступило заявление , адресованное АО «НПФ «Достойное Будущее», о выплате средств пенсионных накоплений, учтенных на пенсионном счете накопительной пенсии умершего застрахованного лица. Изучив настоящее заявление, суд приходит к следующим выводам. В силу п. 2 ч. 1 ст. 135 ГПК РФ судья возвращает исковое заявление, если дело неподсудно данному суду общей юрисдикции или подсудно арбитражному суду. Между тем, данное заявление адресовано в АО «НПФ «Достойное Будущее». Тем самым, поскольку заявление истцом адресовано иному лицу, у Мещанского районного суда отсутствуют полномочия по его рассмотрению. На основании изложенного, руководствуясь ст. ст. 135, 224-225 ГПК РФ, суд ОПРЕДЕЛИЛ: Возвратить заявление , адресованное АО «НПФ «Достойное Будущее», о выплате средств пенсионных накоплений, учтенных на пенсионном счете накопительной пенсии умершего застрахованного лица. Возвращение искового заявления не препятствует повторному обращению истца"
d_c43cad7282,"УСТАНОВИЛ: Истец обратилась в суд с иском к АО «НПФ «БУДУЩЕЕ», Пенсионному фонду РФ, просила о признании недействительным договора об обязательном пенсионном страховании, передаче средств пенсионных накоплений в АО МНПФ «БОЛЬШОЙ», взыскании потерянного инвестиционного дохода в связи с переходом из АО МНПФ «БОЛЬШОЙ» в АО «НПФ «БУДУЩЕЕ» в размере …..руб…… коп., судебных расходов по оплате государственной пошлины в размере ….. руб. и почтовых расходов в размере ……. руб. Свои исковые требования истец мотивирует тем, что …… года между ней и АО МНПФ «БОЛЬШОЙ» был заключен договор об обязательном пенсионном страховании № …... …..года истицей было получено от АО МНПФ «БОЛЬШОЙ» уведомление о прекращении договора об обязательном пенсионном страховании № ….. на основании уведомления № …. от …… года Пенсионного фонда РФ и о передаче средств пенсионных накоплений в АО «НПФ «БУДУЩЕЕ». Сумма средств пенсионных накоплений, переданная в АО «НПФ «БУДУЩЕЕ», составила …… рублей, сумма потерянного инве"
d_c43e48179b,"77RS0016-02-2025-010958-48 № М-6346/2025 ОПРЕДЕЛЕНИЕ 01 июля 2025 года судья Мещанского районного суда города Москвы , рассмотрев исковое заявление к АО НПФ Достойное будущее о восстановлении срока для обращения за выплатой пенсионных накоплений, установил: истец обратился в суд с вышеуказанными требованиями к ответчику. Настоящее исковое заявление не может быть принято к производству Мещанского районного суда города Москвы по следующим основаниям. Согласно ст. 135 ГПК РФ судья возвращает исковое заявление в случае, если: исковое заявление не подписано или исковое заявление подписано и подано лицом, не имеющим полномочий на его подписание и предъявление в суд. Настоящее исковое заявление не подписано истцом, или уполномоченным представителем. Поскольку настоящее заявление не подписано истцом, или уполномоченным представителем, то оно подлежит возврату истцу. руководствуясь ст. 135 п. 1 ГПК РФ, судья определил: Возвратить исковое заявление к АО НПФ Достойное будущее о"
d_c46fafefd9,"УСТАНОВИЛ: В Мещанский районный суд города Москвы поступило исковое заявление к АО «НПФ «Будущее» о восстановлении срока. Указанное заявление подлежит оставлению без движения, как поданное с нарушением требований ст. ст. 131, 132 ГПК РФ по следующим основаниям. В силу требований ст. 132 ГПК РФ к исковому заявлению прилагаются, в числе прочего, уведомление о вручении или иные документы, подтверждающие направление другим лицам, участвующим в деле, копий искового заявления и приложенных к нему документов, которые у других лиц, участвующих в деле, отсутствуют, в том числе в случае подачи в суд искового заявления и приложенных к нему документов посредством заполнения формы, размещенной на официальном сайте соответствующего суда в информационно-телекоммуникационной сети ""Интернет"". К настоящему иску не приложены сведения о направлении копии искового заявления и иных требуемых документов в ответчика. Согласно ст. 136 ГПК РФ судья, установив, что исковое заявление подано в суд без со"
d_c4f1050672,"УСТАНОВИЛ: обратилась в суд с иском к АО НПФ «Будущее» о восстановлении пропущенного срока для обращения с заявлением о выплате средств пенсионных накоплений. Вместе с тем, вышеуказанное заявление не соответствует требованиям статей 132 Гражданского процессуального кодекса РФ, в связи с чем, не может быть принято к производству суда. Согласно пункту 6 статьи 132 ГПК РФ (в редакции по состоянию на день подачи искового заявления) к исковому заявлению прилагаются, в частности, уведомление о вручении или иные документы, подтверждающие направление другим лицам, участвующим в деле, копий искового заявления и приложенных к нему документов, которые у других лиц, участвующих в деле, отсутствуют, в том числе в случае подачи в суд искового заявления и приложенных к нему документов посредством заполнения формы, размещенной на официальном сайте соответствующего суда в информационно-телекоммуникационной сети «Интернет». Как усматривается из представленного материала, оно подлежит оставлению без"
d_c6069f8aaf,"РЕШЕНИЕ ИМЕНЕМ РОССИЙСКОЙ ФЕДЕРАЦИИ ""18"" января 2023 г. город Ноябрьск Ноябрьский городской суд Ямало-Ненецкого автономного округа в составе председательствующего судьи , при ведении протокола судебного заседания секретарем судебного заседания , с участием: прокурора , действующей на основании поручения от ДД.ММ.ГГГГ № № представителя ответчиков , действующей на основании доверенности от ДД.ММ.ГГГГ № (сроком по ДД.ММ.ГГГГ ), доверенности от ДД.ММ.ГГГГ № № (сроком по ДД.ММ.ГГГГ ) и доверенности в порядке передоверия от ДД.ММ.ГГГГ № (сроком по ДД.ММ.ГГГГ ), рассмотрев в открытом судебном заседании гражданское дело № по иску и.о. прокурора <> в интересах ФедоровойЕВ к акционерному обществу ""Негосударственный пенсионный фонд ""Будущее"" о признании договора об обязательном пенсионном страховании недействительным, применении последствий недействительности путем восстановления инвестиционного дохода на индивидуальном лицевом счете застрахованного лица, возложении обязанности п"
d_c75488320c,"УСТАНОВИЛ: Истец обратился в суд с исковым заявлением к АО «Негосударственный пенсионный фонд «Будущее» о восстановлении срока для обращения правопреемника с заявлением о выплате средств пенсионных накоплений умершего застрахованного лица. В соответствии со ст.135 ГПК РФ судья возвращает исковое заявление, если исковое заявление не подписано. Исковое заявление, поступившее в Мещанский районный суд г.Москвы почтовым переводом, не подписано. На основании изложенного, руководствуясь ст. ст. 135, 224, 225 ГПК РФ, суд О П Р Е Д Е Л И Л : Возвратить исковое заявление к АО «Негосударственный пенсионный фонд «Будущее» о восстановлении срока для обращения правопреемника с заявлением о выплате средств пенсионных накоплений умершего застрахованного лица. На определение может быть подана частная жалоба в Московский городской суд г.Москвы в течение 15 дней. Судья РОССИЙСКАЯ ФЕДЕРАЦИЯ Мещанский районный суд города Москвы ул. Каланчевская, д. 43А г. Москва, 129090 тел. 8.495.680-23-88 факс 8."
d_c7a07af3d0,"УСТАНОВИЛ: обратилась в суд с исковым заявлением к Будущее» о признании договора об обязательном пенсионном страховании недействительным. В нарушение требований п. 1 ч. 1 ст. 132 Гражданского процессуального кодекса РФ к исковому заявлению не приложен: документ, подтверждающий оплату государственной пошлины, в полном объеме. При этом, учитывается, что исчисление государственной пошлины производится исходя из цены иска. При подаче искового заявления неимущественного характера для физических лиц госпошлина оплачивается в сумме сумма, однако, по искам, состоящим из нескольких самостоятельных требований, оплата производится исходя из каждого требования в отдельности (п.п. 3 п. 1 ст. 333.19 НК РФ, п.п. 2 п. 1 ст. 333.20 НК РФ, п. 10 ч. 1 ст. 91 ГПК РФ). Учитывая оплаченную сумму сумма и наличие нескольких самостоятельных требований в предъявленном иске, истцу необходимо доплатить государственную пошлину. Также, в силу п. 6 ч. 1 ст. 132 ГПК РФ к исковому заявлению прилагаются в том"
d_c83197c684,"УСТАНОВИЛ: В Мещанский районный суд поступило исковое заявление к «Достойное Будущее» о восстановление сроков. Вместе с тем, указанное исковое заявление не может быть принято к производству суда. Согласно пункту 4 части 1 статьи 135 ГПК РФ, суд возвращает исковое заявление в случае, если исковое заявление не подписано или исковое заявление подписано и подано лицом, не имеющим полномочий на его подписание и предъявление в суд. Между тем, исковое заявление не подписано истцом, в связи с чем, подлежит возвращению заявителю. На основании изложенного, руководствуясь положениями статьи 135 ГПК РФ, ОПРЕДЕЛИЛ: Исковое заявление к «Достойное Будущее» о восстановление сроков – возвратить заявителю с приложенными к нему документами. Возвращение искового заявления не препятствует повторному обращению истца в суд с иском к тому же ответчику, о том же предмете и по тем же основаниям, если истцом будет устранено допущенное нарушение. На определение может быть подана частная"
d_c8c660f62c,"УСТАНОВИЛ: подано в суд исковое заявление к АО «НПФ «Будущее» о восстановлении срока для обращения за выплатой средств пенсионных накоплений умершего застрахованного лица. Данное заявление не подписано. В соответствии с п. 4 ч. 1 ст. 135 ГПК РФ судья возвращает исковое заявление в случае, если исковое заявление не подписано или исковое заявление подписано и подано лицом, не имеющим полномочий на его подписание и предъявление в суд. На основании изложенного, руководствуясь ст.ст. 135, 224-225 ГПК РФ, ОПРЕДЕЛИЛ: Исковое заявление к АО «НПФ «Будущее» о восстановлении срока для обращения за выплатой средств пенсионных накоплений умершего застрахованного лица, - возвратить. На определение может быть подана частная жалоба в течение 15 дней в Московский городской суд через Мещанский районный суд г. Москвы. Судья Мещанский районный суд города Москвы Каланчевская, д. 43/А г. Москва, 129090 тел [ТЕЛЕФОН] факс [ТЕЛЕФОН] № М-11610/2022 Брянская обл., г. Дятьково, ул. Кр"
d_c8ea5907a4,"УСТАНОВИЛА: Истец К.а Е.В. обратилась в Симоновский районный суд г. Москвы с иском, уточненным в порядке ст. 39 ГПК Российской Федерации (л.д.130), к ответчикам Отделению ПФР по Москве и Московской области, АО «НПФ «Будущее», ГУ-ГУ ПФР № 3 по г. Москве и Московской области об обязании государственных пенсионных фондов дать пояснения о том, какой ПФР на протяжении 1.5 лет использовал ее сбережения, не выполняя обязательств по единовременной выплате пенсионных накоплений по государственной программе софинансирования пенсионных накоплений; обязании НПФ представить структуру перечисленной суммы, указав в ней цифры по дополнительным взносам, государственному софинансированию, сумму прибыли (убытка) от инвестирования сбережений, а также пояснить источник и дату поступления данных средств на лицевой счет в НПФ; взыскании процентов за пользование чужими средствами за период с 01 июля 2014 года по 16 октября 2015 года - дату перечисления истцу задолженности, в сумме 3162 руб. 51 коп.; с Отделен"
d_c90cd76b01,"Иркутский районный суд Иркутской области А А А Обычная версия сайта развернуть 664047, Иркутская обл., г. Иркутск, ул. Байкальская, д. 30 Тел.: (3952) 20-84-79, 20-96-06 (ф.) irkutsky.irk@sudrf.ru Иркутский районный суд Иркутской области 664047, Иркутская обл., г. Иркутск, ул. Байкальская, д. 30 Тел.: (3952) 20-84-79, 20-96-06 (ф.) irkutsky.irk@sudrf.ru Закрыть Мобильная версия Главная Карта сайта Судебное делопроизводство Территориальная подсудность Калькулятор госпошлины Главная Подача процессуальных документов в электронном виде О СУДЕ ТЕРРИТОРИАЛЬНАЯ ПОДСУДНОСТЬ СУДЕЙСКОЕ СООБЩЕСТВО НОРМАТИВНЫЕ АКТЫ ДОКУМЕНТЫ СУДА СУДЕБНОЕ ДЕЛОПРОИЗВОДСТВО СПРАВОЧНАЯ ИНФОРМАЦИЯ КАЛЬКУЛЯТОР ГОСПОШЛИНЫ ПРЕСС-СЛУЖБА УПРАВЛЕНИЕ СУДЕБНОГО ДЕПАРТАМЕНТА СУДЫ СУБЪЕКТА РФ МУНИЦИПАЛЬНЫЕ ОРГАНЫ ВЛАСТИ ВАКАНСИИ ПРОТИВОДЕЙСТВИЕ КОРРУПЦИИ ОБРАЩЕНИЯ ГРАЖДАН ВНЕПРОЦЕССУАЛЬНЫЕ ОБРАЩЕНИЯ Карта сайта ВЕРСИЯ ДЛЯ СЛАБОВИДЯЩИХ Подача процессуальных документов в электронном виде О СУДЕ СУДЕЙСКОЕ СООБЩЕСТВО НОРМАТИВНЫЕ АК"
d_c92fe6f0ed,"УСТАНОВИЛ: В Мещанский районный суд г. Москвы поступило исковое заявление к АО НПФ «Будущее» о восстановлении срока для обращения с заявлением о выплате средств пенсионных накоплений умершего застрахованного лица. Вместе с тем, вышеуказанное заявление не соответствует требованиям статей 132 Гражданского процессуального кодекса РФ, в связи с чем, не может быть принято к производству суда. Согласно пункту 6 статьи 132 ГПК РФ (в редакции по состоянию на день подачи искового заявления) к исковому заявлению прилагаются, в частности, уведомление о вручении или иные документы, подтверждающие направление другим лицам, участвующим в деле, копий искового заявления и приложенных к нему документов, которые у других лиц, участвующих в деле, отсутствуют, в том числе в случае подачи в суд искового заявления и приложенных к нему документов посредством заполнения формы, размещенной на официальном сайте соответствующего суда в информационно-телекоммуникационной сети «Интернет». Как усматривается из"
d_c965cc1c03,"УСТАНОВИЛ: Истец прокурор Свердловского района г. Иркутска, действуя в защиту прав и законных интересов Ч.Е,А. , обратился в суд с исковым заявлением к АО «Негосударственный пенсионный фонд «Будущее», в котором просит признать недействительным заявление застрахованного лица Ч.Е,А. , **/**/**** г.р. о досрочном переходе из Пенсионного фонда Российской Федерации в негосударственный пенсионный фонд, осуществляющей деятельность по обязательному пенсионному страхованию АО «НПФ «Будущее» от ; признать недействительным договор об обязательном пенсионном страховании от № , заключенный между АО «НПФ «Будущее» и Ч.Е,А. ; обязать АО «НПФ «Будущее» передать не позднее 30 дней с момента получения решения суда в Пенсионный фонд Российской Федерации средства пенсионных накоплений Ч.Е,А. в размере 214 830,61 руб., а также проценты за неправомерное пользование средствами пенсионных накоплений, определяемые в соответствии со ст. 395 ГК РФ, в размере 38 650 руб.; запретить АО «НПФ «Б"
d_ca79b1b741,"УСТАНОВИЛ: В Мещанский районный суд города Москвы поступило исковое заявление к АО «НПФ «Будущее» о признании недействительным договора обязательного пенсионного страхования. Указанное заявление подлежит оставлению без движения, как поданное с нарушением требований ст. ст. 131, 132 ГПК РФ по следующим основаниям. Согласно положениям статьи 131 ГПК РФ в исковом заявлении, в частности, должно быть указано: в чем заключается нарушение либо угроза нарушения прав, свобод или законных интересов истца и его требования; обстоятельства, на которых истец основывает свои требования, и доказательства, подтверждающие эти обстоятельства. Однако, к настоящему иску не приложены документы, подтверждающие обстоятельства, на которых истец основывает свои требования, и доказательства, подтверждающие эти обстоятельства, в том числе копия заявления о переходе в АО «НПФ «Будущее», ответ нотариуса об отсутствии обращения за удостоверением подписи на заявлении либо удостоверяющего центра в отношении эл"
d_cadab31a86,"УСТАНОВИЛ: И.о. прокурора г. Ноябрьска-прокуратуры Ямало-Ненецкого автономного округа обратился в суд с иском в интересах к АО НПФ «Будущее» о признании договора недействительным. Вместе с тем, вышеуказанное заявление не соответствует требованиям статьи 131 Гражданского процессуального кодекса РФ, в связи с чем, не может быть принято к производству суда. Согласно пункту 6 статьи 132 ГПК РФ (в редакции по состоянию на день подачи искового заявления) к исковому заявлению прилагаются, в частности, уведомление о вручении или иные документы, подтверждающие направление другим лицам, участвующим в деле, копий искового заявления и приложенных к нему документов, которые у других лиц, участвующих в деле, отсутствуют, в том числе в случае подачи в суд искового заявления и приложенных к нему документов посредством заполнения формы, размещенной на официальном сайте соответствующего суда в информационно-телекоммуникационной сети «Интернет». Как усматривается из представленного материала, оно под"
d_cc4fd16867,"УСТАНОВИЛ: Истец обратилась в суд с иском к АО «НПФ «БУДУЩЕЕ» Пенсионному фонду Российской Федерации о признании недействительным договора об обязательном пенсионном страховании, применении последствий недействительности сделки, взыскании судебных расходов, убытков. Свои исковые требования истец мотивирует тем, что в …. году истцом для формирования страховой пенсии и накопительной части пенсионных накоплений был выбран Пенсионный фонд РФ. В …. года на номер мобильного телефона истца поступило сообщение от …… со словами благодарности за выбор АО «НПФ «БУДУЩЕЕ». ….. года поступило уведомление из АО «НПФ «БУДУЩЕЕ» с информацией о том, что договор об обязательном пенсионном страховании вступил в силу на основании Уведомления ПФР от ….. года № …. о внесении изменений в единый реестр застрахованных лиц и поступления средств пенсионных накоплений от предыдущего страховщика. Однако истец заявление о переходе в другой негосударственный пенсионный фонд не подавала, поручений удостоверяющему"
d_cd60802fb6,"Номер дела 33-48804/2022 Стороны Истец: Ответчик: АО НПФ ""Достойное Будущее"" Дата поступления дела в апелляционную инстанцию Дата окончания Номер судебного состава 10 Номер дела в суде нижестоящей инстанции 02-0640/2022 Суд первой инстанции, судья Лефортовский районный суд () Категория дела 80 - Иные требования к негосударственному пенсионному фонду Текущее состояние Оставить определение (постановление) без изменения, Движение дела Судебные заседания Документы История состояний Дата Состояние Документ-основание Зарегистрировано Завершено Определение суда апелляционной инстанции История местонахождения Дата Местонахождение Комментарий У судьи Вне суда В экспедиции МГС Судебные заседания и беседы Дата и время Зал Стадия Результат Основание назначения судебного заседания Использовалось аудио/видео протоколирование Тип судебного заседания/слушания 09:20 272 (Апелляционный корпус) Судебное заседан"
d_cd96746bd0,"УСТАНОВИЛ: В Мещанский районный суд поступило исковое заявление к «Будущее» о восстановлении срока для обращения правопреемника по договору (заявлению) с заявлением о выплате средств пенсионных накоплений. Указанное исковое заявление определением от года оставлено без движения, по мотивам, приведенным в данном определении, истцу предложено исправить недостатки в срок до года. Ввиду того, что истец не устранил недостатки, указанные в определении судьи об оставлении иска без движения, исковое заявление подлежит возвращению на основании п. 2 ст. 136 ГПК РФ. На основании изложенного, руководствуясь ст. ст. 135, 136, 224-225 ГПК РФ, суд ОПРЕДЕЛИЛ: Возвратить исковое заявление к «Будущее» о восстановлении срока для обращения правопреемника по договору (заявлению) с заявлением о выплате средств пенсионных накоплений. Возвращение искового заявления не препятствует повторному обращению истца в суд с иском к тому же ответчику, о том же предмете и"
d_ce94f32ecd,"УСТАНОВИЛ: Истец фио обратилась в суд с иском к ответчику наименование организации, в котором просит признать недействительным договор об обязательном пенсионном страховании между ней и наименование организации № [СНИЛС] от дата; применить последствия недействительности сделки в виде расторжения данного договора; взыскать с ответчика в пользу истца неосновательное обогащение в размере сумма; обязать наименование организации в срок не позднее 30 дней со дня получения решения суда передать в Пенсионный фонд РФ средства пенсионных накоплений истца, в размере и порядке, предусмотренном пунктом 5.3 статьи 36.6 Федерального закона от дата № 75-ФЗ «О негосударственных пенсионных фондах»; взыскать компенсацию морального вреда в размере сумма В обоснование заявленных требований истец указывает, что в дата фио узнала, что от ее имени был заключен договор обязательного пенсионного страхования с наименование организации. Истец указывает, что не оформляла и не подписывала заявление о переходе в наи"
d_cf0df69679,"УСТАНОВИЛ: В Мещанский районный суд города Москвы поступило исковое заявление к АО «НПФ «Будущее» о восстановлении пропущенного срока для обращения с заявлением о выплате средств пенсионных накоплений, учтенных на пенсионном счете накопительной пенсии умершего застрахованного лица. Указанное заявление подлежит оставлению без движения, как поданное с нарушением требований ст. ст. 131, 132 ГПК РФ по следующим основаниям. В силу требований ст. 132 ГПК РФ к исковому заявлению прилагаются, в числе прочего, уведомление о вручении или иные документы, подтверждающие направление другим лицам, участвующим в деле, копий искового заявления и приложенных к нему документов, которые у других лиц, участвующих в деле, отсутствуют, в том числе в случае подачи в суд искового заявления и приложенных к нему документов посредством заполнения формы, размещенной на официальном сайте соответствующего суда в информационно-телекоммуникационной сети ""Интернет"". К настоящему иску не приложены сведения о направ"
d_d024166acd,"УСТАНОВИЛ: В Мещанский районный суд поступило исковое заявление и.о. прокурора в интересах фио к наименование организации о признании недействительным договора обязательного пенсионного страхования и применении последствий недействительности сделки. Указанное исковое заявление подлежит оставлению без движения, как поданное с нарушением требований ст.131,132 ГПК РФ, по следующим основаниям. В силу ст.131 ГПК РФ в исковом заявлении должны быть указаны: -наименование суда, в который подается заявление; -наименование истца, его место жительства или, если истцом является организация, ее место нахождения, а также наименование представителя и его , если заявление подается представителем; -наименование ответчика, его место жительства или, если ответчиком является организация, ее место нахождения; -в чем заключается нарушение либо угроза нарушения прав, свобод или законных интересов истца и его требования; -обстоятельства, на которых истец основывает свои требования, и доказате"
d_d0b30d09b3,"Судья суда 1-ой инстанции: Гражданское /2020 в суде 1-ой инстанции М-2881/2019 АПЕЛЛЯЦИОННОЕ ОПРЕДЕЛЕНИЕ 16 ноября 2020 года город Москва Судья судебной коллегии по гражданским делам Московского городского суда , при помощнике судьи , рассмотрев в открытом судебном заседании дело по частной жалобе фио, действующей в интересах несовершеннолетней фио, на определение судьи Лефортовского районного суда г. Москвы от 24 августа 2020 года, которым постановлено: исковое заявление фио, в интересах несовершеннолетнего ребенка фио, паспортные данные к наименование организации, фио о признании права, считать неподанным и возвратить фио, установила: фио, действующая в интересах несовершеннолетней фио, обратилась в Лефортовский районный суд г. Москвы с иском к наименование организации, фио о признании права на получение средств пенсионных накоплений умершего лица. Определением судьи Лефортовского районного суда г. Москвы от 21 июля 2020 года вышеуказанное исковое заявление"
d_d14d7cafd0,"УСТАНОВИЛ: В Мещанский районный суд города Москвы поступило исковое заявление к АО «НПФ «Будущее» о восстановлении срока. Указанное заявление подлежит оставлению без движения, как поданное с нарушением требований ст. ст. 131, 132 ГПК РФ по следующим основаниям. В силу требований ст. 132 ГПК РФ к исковому заявлению прилагаются, в числе прочего, уведомление о вручении или иные документы, подтверждающие направление другим лицам, участвующим в деле, копий искового заявления и приложенных к нему документов, которые у других лиц, участвующих в деле, отсутствуют, в том числе в случае подачи в суд искового заявления и приложенных к нему документов посредством заполнения формы, размещенной на официальном сайте соответствующего суда в информационно-телекоммуникационной сети ""Интернет"". К настоящему иску не приложены сведения о направлении копии искового заявления и иных требуемых документов в ответчика. Согласно ст. 136 ГПК РФ судья, установив, что исковое заявление подано в суд без со"
d_d172623fb3,"УСТАНОВИЛ: В Мещанский районный суд г. Москвы поступило исковое заявление АО ""НПФ ""БУДУЩЕЕ"" о восстановлении пропущенного срока для обращения с заявлением о выплате средств пенсионных накоплений, учтенных на пенсионном счете накопительной пенсии умершего застрахованного лица. Указанное исковое заявление подлежит оставлению без движения, как поданное с нарушением требований ст.ст. 131,132 ГПК РФ, по следующим основаниям. В силу ст.131 ГПК РФ в исковом заявлении должны быть указаны: 1) наименование суда, в который подается заявление; 2) наименование истца, его место жительства или, если истцом является организация, ее , а также наименование представителя и его , если заявление подается представителем; 3) сведения об ответчике: для гражданина - фамилия, имя, отчество (при наличии) и место жительства, а также дата и место рождения, место работы (если они известны) и один из идентификаторов (страховой номер индивидуального лицевого счета, идентификационный номер налогоплательщ"
d_d235ca1c7e,"УСТАНОВИЛ: Истцы , , , , , , , , , , , , , , , , , , , , , , , , , , , , , , , обратились в суд с указанным иском к наименование организации, Пенсионному Фонду адреснаименование организации, мотивируя свои требования тем, что все они являются клиентами наименование организации на основании заключенных с ним договоров об обязательном пенсионном страховании. На основании полученных из наименование организации уведомлений о прекращении договоров об обязательном пенсионном страховании и выписок о состоянии пенсионных счетов с указанием подлежащих переводу сумм другому страховщику по обязательному пенсионному страхованию, средства пенсионных накоплений истцов были переведены из наименование организации в наименование организации. Однако, договоры с наименование организации истцами не заключались, заявления о переходе из наименование организации в иные негосударственные пенсионные фонды не оформл"
d_d2b0affef7,"УСТАНОВИЛ: Мещанский межрайонный прокурор обратился в суд с иском в интересах ФИОО НПФ «Будущее» о признании договора недействительным. Вместе с тем, заявление не соответствует требованиям статей 131 Гражданского процессуального кодекса РФ, в связи с чем, не может быть принято к производству суда. В частности, в соответствии с пунктом 4 части 1 статьи 132 ГПК РФ, к иску должны быть приложены документы, подтверждающие обстоятельства, на которых истец основывает свои требования. Вместе с тем, обращаясь в суд с указанным иском, заявитель не представляет доказательства нарушения прав , а также доказательства, на которые ссылается в обоснование заявленных требований. Согласно части 1 статьи 136 ГПК РФ, судья, установив, что исковое заявление подано в суд без соблюдения требований, установленных в статьях 131 и 132 ГПК РФ, выносит определение об оставлении заявления без движения, о чем извещает лицо, подавшее заявление, и предоставляет ему разумный срок для исправления недостатков. Приним"
d_d2f424fee6,"УСТАНОВИЛ: В Мещанский районный суд города Москвы поступило исковое заявление к АО НПФ «БУДУЩЕЕ» о восстановлении пропущенного срока для обращения правопреемника с заявлением о выплате средств пенсионных накоплений, учтенных на пенсионном счете накопительной пенсии умершего застрахованного лица. В силу положений ст. 132 ГПК РФ к исковому заявлению, в числе прочего, прилагается документ, подтверждающий уплату государственной пошлины в установленных порядке и размере или право на получение льготы по уплате государственной пошлины, либо ходатайство о предоставлении отсрочки, рассрочки, об уменьшении размера государственной пошлины или об освобождении от уплаты государственной пошлины. Ознакомившись с иском, суд считает, что поданное заявление не соответствует указанным требованиям. вступили в силу положения Федерального закона от № 259-ФЗ «О внесении изменений в части первую и вторую Налогового кодекса Российской Федерации и отдельные законодательные акты Российс"
d_d4167962a7,"УСТАНОВИЛ: И.о. прокурора г. Ноябрьска-прокуратуры Ямало-Ненецкого автономного округа обратился в суд с иском в интересах к АО НПФ «Будущее» о признании договора недействительным. Вместе с тем, вышеуказанное заявление не соответствует требованиям статьи 131 Гражданского процессуального кодекса РФ, в связи с чем, не может быть принято к производству суда. Согласно пункту 6 статьи 132 ГПК РФ (в редакции по состоянию на день подачи искового заявления) к исковому заявлению прилагаются, в частности, уведомление о вручении или иные документы, подтверждающие направление другим лицам, участвующим в деле, копий искового заявления и приложенных к нему документов, которые у других лиц, участвующих в деле, отсутствуют, в том числе в случае подачи в суд искового заявления и приложенных к нему документов посредством заполнения формы, размещенной на официальном сайте соответствующего суда в информационно-телекоммуникационной сети «Интернет». Как усматривается из представленного материала, оно под"
d_d4e7d0381b,"УСТАНОВИЛ: В Мещанский районный суд города Москвы поступило исковое заявление к АО «НПФ «Будущее» о выплате пенсионных накоплений. Указанное заявление подлежит оставлению без движения, как поданное с нарушением требований ст. ст. 131, 132 ГПК РФ по следующим основаниям. Согласно ч. 2 ст. 131 ГПК РФ в исковом заявлении, в числе прочего, должны быть указаны в чем заключается нарушение либо угроза нарушения прав, свобод или законных интересов истца и его требования; обстоятельства, на которых истец основывает свои требования, и доказательства, подтверждающие эти обстоятельства; цена иска, если он подлежит оценке, а также расчет взыскиваемых или оспариваемых денежных сумм. Согласно абзацу 5 пункта 2 статьи 36.5 Федерального закона от № 75-ФЗ «О негосударственных пенсионных фондах» договор об обязательном пенсионном страховании прекращается в случае смерти застрахованного лица. В случае прекращения договора об обязательном пенсионном страховании в связи со смертью застрахован"
d_d57de4d226,"УСТАНОВИЛ: В Мещанский районный суд города Москвы поступило исковое заявление к АО «НПФ «БУДУЩЕЕ» о восстановлении пропущенного срока для обращения с заявлением о выплате средств пенсионных накоплений, учтенных на пенсионном счете накопительной пенсии умершего застрахованного лица. Согласно ч. 2 ст. 131 ГПК РФ в исковом заявлении должны быть указаны: 1) наименование суда, в который подается заявление; 2) сведения об истце: для гражданина - фамилия, имя, отчество (при наличии), дата и место рождения, место жительства или место пребывания, один из идентификаторов (страховой номер индивидуального лицевого счета, идентификационный номер налогоплательщика, серия и номер документа, удостоверяющего личность, серия и номер водительского удостоверения); для организации - наименование, , идентификационный номер налогоплательщика; если заявление подается представителем, - также фамилия, имя, отчество (при наличии) или наименование представителя, для направления судебных повесток и"
d_d58bcac2e4,"О П Р Е Д Е Л Е Н И Е г. Кемерово 17 июля 2025 г. Судебная коллегия по гражданским делам Восьмого кассационного суда общей юрисдикции в составе: председательствующего , судей , рассмотрела в открытом судебном заседании гражданское /2024 (УИД 75RS0001-02-2024-003284-37) по иску акционерного общества «Негосударственный пенсионный фонд «Будущее» к о взыскании неосновательного обогащения, процентов за пользование чужими денежными средствами, судебных расходов, по кассационной жалобе акционерного общества «Негосударственный пенсионный фонд «Будущее» на апелляционное определение судебной коллегии по гражданским делам Забайкальского краевого суда от 18 марта 2025 г. Заслушав доклад судьи Восьмого кассационного суда общей юрисдикции , судебная коллегия по гражданским делам Восьмого кассационного суда общей юрисдикции установила: акционерное общество «Негосударственный пенсионный фонд «Будущее» (далее – АО «НПФ «Будущее», Фонд, истец) обратилось в суд с иском к Ф"
d_d68f4ab7ea,"РЕШЕНИЕ ИМЕНЕМ РОССИЙСКОЙ ФЕДЕРАЦИИ 16 января 2023 г. город Ноябрьск, ЯНАО Ноябрьский городской суд Ямало-Ненецкого автономного округа в составе председательствующего судьи , при ведении протокола судебного заседания помощником судьи , с участием помощника прокурора г. Ноябрьска , действующей на основании поручения от ДД.ММ.ГГГГ № , представителя ответчика , действующей на основании доверенностей от ДД.ММ.ГГГГ № СЧ-09-27/29, от ДД.ММ.ГГГГ № , от ДД.ММ.ГГГГ № , рассмотрев в открытом судебном заседании гражданское /2023 по иску и.о. прокурора города Салехарда в защиту интересов к акционерному обществу «Негосударственный пенсионный фонд «БУДУЩЕЕ» о признании договора об обязательном пенсионном страховании недействительным, применении последствий недействительности путем восстановления инвестиционного дохода на индивидуальном лицевом счете застрахованного лица, возложении обязанности передать средства пенсионных накоплений в Фонд пенсионного и социального страхо"
d_d7dd850c0a,"УСТАНОВИЛ: В Мещанский районный суд города Москвы поступило исковое заявление к АО «НПФ Будущее» о восстановлении пропущенного срока для обращения с заявлением о выплате средств пенсионных накоплений, учтенных на пенсионном счете накопительной пенсии умершего застрахованного лица. В силу положений ст. 132 ГПК РФ к исковому заявлению, в числе прочего, прилагается документ, подтверждающий уплату государственной пошлины в установленных порядке и размере или право на получение льготы по уплате государственной пошлины, либо ходатайство о предоставлении отсрочки, рассрочки, об уменьшении размера государственной пошлины или об освобождении от уплаты государственной пошлины. Ознакомившись с иском, суд считает, что поданное заявление не соответствует указанным требованиям. вступили в силу положения Федерального закона от № 259-ФЗ «О внесении изменений в части первую и вторую Налогового кодекса Российской Федерации и отдельные законодательные акты Российской Федерации о"
d_d7e0676740,"УСТАНОВИЛ: Заринова фио обратилась в суд с исковым заявлением к «Будущее» о восстановлении пропущенного срока для обращения с заявлением о выплате средств пенсионных накоплений умершего застрахованного лица. Вместе с тем, указанное исковое заявление не может быть принято к производству суда. Согласно пункту 4 части 1 статьи 135 ГПК РФ, суд возвращает исковое заявление в случае, если исковое заявление не подписано или исковое заявление подписано и подано лицом, не имеющим полномочий на его подписание и предъявление в суд. Между тем, исковое заявление не подписано истцом, в связи с чем, подлежит возвращению заявителю. На основании изложенного, руководствуясь ст. ст. 135, 224, 225 ГПК РФ, судья ОПРЕДЕЛИЛ: Возвратить исковое заявление Зариновой фио к «Будущее» о восстановлении пропущенного срока для обращения с заявлением о выплате средств пенсионных накоплений умершего застрахованного лица - заявителю. Определение может быть обжаловано в апелляционную инстанцию Московского го"
d_d85afb9609,"Судья фио Номер дела в 1 инстанции № 2-1325/2022 /2022 АПЕЛЛЯЦИОННОЕ ОПРЕДЕЛЕНИЕ 21 октября 2022 года Судебная коллегия по гражданским делам Московского городского суда в составе председательствующего и судей фио, фио, при ведении протокола судебного заседания секретарем , заслушав в открытом судебном заседании по докладу судьи фио дело по апелляционной жалобе истца на решение Лефортовского районного суда от 25 февраля 2022 года, которым постановлено: в удовлетворении исковых требований к пенсионный фонд «Достойное БУДУЩЕЕ» о выплате накопительной пенсии отказать.; у с т а н о в и л а: фио обратилась в суд с иском к ответчику пенсионный фонд «Достойное БУДУЩЕЕ» о назначении и выплате накопительной пенсии, рассчитанной на день назначения накопительной пенсии в виде единовременной выплаты в размере сумма В обоснование заявленных требований истец фио указала, что между ней и фондом заключен договор об обязательном пенсион"
d_d947861baf,"Иркутский районный суд Иркутской области А А А Обычная версия сайта развернуть 664047, Иркутская обл., г. Иркутск, ул. Байкальская, д. 30 Тел.: (3952) 20-84-79, 20-96-06 (ф.) irkutsky.irk@sudrf.ru Иркутский районный суд Иркутской области 664047, Иркутская обл., г. Иркутск, ул. Байкальская, д. 30 Тел.: (3952) 20-84-79, 20-96-06 (ф.) irkutsky.irk@sudrf.ru Закрыть Мобильная версия Главная Карта сайта Судебное делопроизводство Территориальная подсудность Калькулятор госпошлины Главная Подача процессуальных документов в электронном виде О СУДЕ ТЕРРИТОРИАЛЬНАЯ ПОДСУДНОСТЬ СУДЕЙСКОЕ СООБЩЕСТВО НОРМАТИВНЫЕ АКТЫ ДОКУМЕНТЫ СУДА СУДЕБНОЕ ДЕЛОПРОИЗВОДСТВО СПРАВОЧНАЯ ИНФОРМАЦИЯ КАЛЬКУЛЯТОР ГОСПОШЛИНЫ ПРЕСС-СЛУЖБА УПРАВЛЕНИЕ СУДЕБНОГО ДЕПАРТАМЕНТА СУДЫ СУБЪЕКТА РФ МУНИЦИПАЛЬНЫЕ ОРГАНЫ ВЛАСТИ ВАКАНСИИ ПРОТИВОДЕЙСТВИЕ КОРРУПЦИИ ОБРАЩЕНИЯ ГРАЖДАН ВНЕПРОЦЕССУАЛЬНЫЕ ОБРАЩЕНИЯ Карта сайта ВЕРСИЯ ДЛЯ СЛАБОВИДЯЩИХ Подача процессуальных документов в электронном виде О СУДЕ СУДЕЙСКОЕ СООБЩЕСТВО НОРМАТИВНЫЕ АК"
d_d9c0d381c2,"УСТАНОВИЛ: В Мещанский районный суд города Москвы поступило исковое заявление к АО «НПФ Достойное Будущее» о восстановлении срока для обращения с заявлением о выплате средств пенсионных накоплений умершего застрахованного лица. В силу положений ст. 132 ГПК РФ к исковому заявлению прилагаются: 6) уведомление о вручении или иные документы, подтверждающие направление другим лицам, участвующим в деле, копий искового заявления и приложенных к нему документов, которые у других лиц, участвующих в деле, отсутствуют, в том числе в случае подачи в суд искового заявления и приложенных к нему документов в электронном виде. В нарушение указанных норм к настоящему иску не приложена почтовая квитанция, из которой бы следовало, что в юридический ответчика направлено исковое заявление с приложениями, опись вложения не представлена. Согласно ст. 136 ГПК РФ судья, установив, что исковое заявление подано в суд без соблюдения требований, установленных в статьях 131 и 132 настоящего кодекса, вынос"
d_da27422935,"УСТАНОВИЛ: В Мещанский районный суд поступило исковое заявление к ООО «НПФ « Будущее» о восстановление срока. Указанное исковое заявление подлежит оставлению без движения, как поданное с нарушением требований ст.131,132 ГПК РФ, по следующим основаниям. В силу ст.131 ГПК РФ в исковом заявлении должны быть указаны: 1) наименование суда, в который подается заявление; 2) наименование истца, его место жительства или, если истцом является организация, ее , а также наименование представителя и его , если заявление подается представителем; 3) сведения об ответчике: для гражданина - фамилия, имя, отчество (при наличии) и место жительства, а также паспортные данные, место работы (если они известны) и один из идентификаторов (страховой номер индивидуального лицевого счета, идентификационный номер налогоплательщика, серия и номер документа, удостоверяющего личность, основной государственный регистрационный номер индивидуального предпринимателя, серия и номер водительского удост"
d_daa018ba96,"УСТАНОВИЛ: В Мещанский районный суд г. Москвы поступило исковое заявление к АО «НПФ «БУДУЩЕЕ» о восстановлении пропущенного срока для обращения правопреемника с заявлением о выплате средств пенсионных накоплений, учтенных на пенсионном счете накопительной пенсии умершего застрахованного лица. Изучив настоящее заявление, суд приходит к следующим выводам. Согласно ч. 4 ст. ст. 131 ГПК РФ исковое заявление подписывается истцом или его представителем при наличии у него полномочий на подписание заявления и предъявление его в суд. Исковое заявление, подаваемое в электронном виде, содержащее ходатайство об обеспечении иска, должно быть подписано усиленной квалифицированной электронной подписью. В соответствии с п. 4 ч. 1 ст. 135 ГПК РФ судья возвращает исковое заявление в случае, если исковое заявление не подписано или исковое заявление подписано и подано лицом, не имеющим полномочий на его подписание и предъявление в суд. В настоящем случае в суд поступило исковое заявление, на котором о"
d_db03af4f7c,"УСТАНОВИЛ: В Мещанский районный суд поступило исковое заявление к «Будущее» о восстановление сроков. Вместе с тем, указанное исковое заявление не может быть принято к производству суда. Согласно пункту 4 части 1 статьи 135 ГПК РФ, суд возвращает исковое заявление в случае, если исковое заявление не подписано или исковое заявление подписано и подано лицом, не имеющим полномочий на его подписание и предъявление в суд. Между тем, исковое заявление не подписано истцом, в связи с чем, подлежит возвращению заявителю. На основании изложенного, руководствуясь положениями статьи 135 ГПК РФ, ОПРЕДЕЛИЛ: Исковое заявление к «Будущее» о восстановление сроков – возвратить заявителю с приложенными к нему документами. Возвращение искового заявления не препятствует повторному обращению истца в суд с иском к тому же ответчику, о том же предмете и по тем же основаниям, если истцом будет устранено допущенное нарушение. На определение может быть подана частная жалоба через Мещанс"
d_dd419034f2,"УСТАНОВИЛ: В Мещанский районный суд г. Москвы поступило исковое заявление к АО «НПФ «Будушее» о восстановлении срока. Вместе с тем, вышеуказанное заявление не соответствует требованиям статей 132 Гражданского процессуального кодекса РФ, в связи с чем, не может быть принято к производству суда. Согласно пункту 6 статьи 132 ГПК РФ (в редакции по состоянию на день подачи искового заявления) к исковому заявлению прилагаются, в частности, уведомление о вручении или иные документы, подтверждающие направление другим лицам, участвующим в деле, копий искового заявления и приложенных к нему документов, которые у других лиц, участвующих в деле, отсутствуют, в том числе в случае подачи в суд искового заявления и приложенных к нему документов посредством заполнения формы, размещенной на официальном сайте соответствующего суда в информационно-телекоммуникационной сети «Интернет». Как усматривается из представленного материала, оно подлежит оставлению без движения, поскольку подано с нарушением т"
d_dd87e5ff2d,"РЕШЕНИЕ именем Российской Федерации 14 апреля 2023 года город Череповец Череповецкий городской суд Вологодской области в составе: председательствующего судьи , при секретаре судебного заседания , рассмотрев в открытом судебном заседании гражданское дело по иску к Акционерному обществу «Негосударственный пенсионный фонд «Будущее» о восстановлении срока для обращения с заявлением о выплате средств пенсионных накоплений, установил обратилась в суд с иском Акционерному обществу «Негосударственный пенсионный фонд «Будущее» о восстановлении срока для обращения с заявлением о выплате средств пенсионных накоплений. Требования мотивирован тем, что она является < > Й. . ДД.ММ.ГГГГ Й. умер. Таким образом, имеет право на получение средств пенсионных накоплений умершего Й. , ДД.ММ.ГГГГ г.р. Она пропустила установленный законом срок со дня смерти Й. Истец просит восстановить срок на получение выплаты накопительной части пенсии умершего застрахованного лица Й. В судебное заседание истец"
d_dd8bca0bb0,"УСТАНОВИЛ: Истец фио обратилась в суд с иском к наименование организации, с учетом уточнений в порядке ст. 39 ГПК РФ, просила признать недействительным договор об обязательном пенсионном страховании, заключенный между фио и наименование организации, на основании которого средства пенсионных накоплений истца переведены из Пенсионного фонда РФ в наименование организации; обязать ответчика в срок не позднее 30 дней со дня получения соответствующего решения суда передать в Пенсионный фон РФ средства пенсионных накоплений истца в размере и в порядке, установленных п. 5.3 ст. 36.6 Федерального закона № 75-ФЗ от дата; взыскать с ответчика в пользу истца расходы по оплате государственной пошлины в размере сумма Свои исковые требования истец мотивирует тем, что средства пенсионных накоплений истца аккумулировались в Пенсионном фонде Российской Федерации, а дата посредством использования Единого портала государственных услуг истице стало известно о том, что её страховщиком по обязательному пенси"
d_ddae63e0ed,"УСТАНОВИЛ: В Мещанский районный суд поступило исковое заявление к ""Достойное Будущее"" о восстановлении срока для обращения правопреемника по договору (заявлению) с заявлением о выплате средств пенсионных накоплений. Указанное исковое заявление определением от года оставлено без движения, по мотивам, приведенным в данном определении, истцу предложено исправить недостатки в срок до года. Ввиду того, что истец не устранил недостатки, указанные в определении судьи об оставлении иска без движения, исковое заявление подлежит возвращению на основании п. 2 ст. 136 ГПК РФ. На основании изложенного, руководствуясь ст. ст. 135, 136, 224-225 ГПК РФ, суд ОПРЕДЕЛИЛ: Возвратить исковое заявление к ""Достойное Будущее"" о восстановлении срока для обращения правопреемника по договору (заявлению) с заявлением о выплате средств пенсионных накоплений. Возвращение искового заявления не препятствует повторному обращению истца в суд с иском к тому же ответчику,"
d_dddbfcbb0d,"УСТАНОВИЛ: В Мещанский районный суд поступило исковое заявление к «Будущее» о восстановлении срока для обращения правопреемника по договору (заявлению) с заявлением о выплате средств пенсионных накоплений. Указанное исковое заявление определением от года оставлено без движения, по мотивам, приведенным в данном определении, истцу предложено исправить недостатки в срок до года. Ввиду того, что истец не устранил недостатки, указанные в определении судьи об оставлении иска без движения, исковое заявление подлежит возвращению на основании п. 2 ст. 136 ГПК РФ. На основании изложенного, руководствуясь ст. ст. 135, 136, 224-225 ГПК РФ, суд ОПРЕДЕЛИЛ: Возвратить исковое заявление к «Будущее» о восстановлении срока для обращения правопреемника по договору (заявлению) с заявлением о выплате средств пенсионных накоплений. Возвращение искового заявления не препятствует повторному обращению истца в суд с иском к тому же ответчику, о том же предмете и"
d_de01daec14,"УСТАНОВИЛ: .... , действуя в защиту прав и законных интересов М.В.Н. , обратился в суд с иском к АО «НПФ «Будущее», в котором с учетом уточненных требований, в обоснование заявленных требований указал, что М.В.Н. обратилась в прокуратуру .... с заявлением о нарушении пенсионных прав в связи с осуществлением без ее ведома и согласия досрочного перехода из Пенсионного фонда Российской Федерации в АО «НПФ «Будущее», при этом М.В.Н. потеряла инвестиционный доход в размере 25488,42 руб. М.В.Н. указала, что не подавала документов на перевод средств пенсионного накопления в АО «НПФ «Будущее». Полагает, что в отношении нее совершены противоправные действия. Поскольку М.В.Н. договор об обязательном пенсионном страховании с АО «НПФ «Будущее» не подписывала, согласие на обработку персональных данных не давала, данный договор нарушает право М.В.Н. на выбор страховщика, осуществляющего деятельность по обязательному пенсионному страхованию, и является недействительным; действия АО «НПФ «Будущее» по"
d_de5eb6c449,"УСТАНОВИЛ: В Мещанский районный суд поступило исковое заявление к «Будущее» о восстановлении пропущенного срока для обращения правопреемника с заявлением о выплате средств пенсионных накоплений, учтенных на пенсионном счете накопительной пенсии умершего застрахованного лица. В силу положений ст. 132 ГПК РФ к исковому заявлению, в числе прочего, прилагается документ, подтверждающий уплату государственной пошлины в установленных порядке и размере или право на получение льготы по уплате государственной пошлины, либо ходатайство о предоставлении отсрочки, рассрочки, об уменьшении размера государственной пошлины или об освобождении от уплаты государственной пошлины. Ознакомившись с иском, суд считает, что поданное заявление не соответствует указанным требованиям. вступили в силу положения Федерального закона от № 259-ФЗ «О внесении изменений в части первую и вторую Налогового кодекса Российской Федерации и отдельные законодательные акты Российской Федер"
d_dec756449e,"Гражданское /2023 в суде 1-ой инстанции № 2-3165/2023 УИД 77RS0016-02-2023-002632-65 Судья суда 1-ой инстанции: АПЕЛЛЯЦИОННОЕ ОПРЕДЕЛЕНИЕ 13 декабря 2023 года город Москва Судебная коллегия по гражданским делам Московского городского суда в составе председательствующего судьи , судей , , при помощнике судьи , заслушав в открытом судебном заседании по докладу судьи ФИОгражданское дело по апелляционной жалобе на решение Мещанского районного суда г. Москвы от 04 апреля 2023 года, которым постановлено: В удовлетворении требований к АО «НПФ «Будущее» о восстановлении срока для обращения с заявлением о выплате средств пенсионных накоплений умершего застрахованного лица - отказать; установила: обратилась в суд с иском к АО «НПФ «Будущее» о восстановлении срока для обращения с заявлением о выплате средств пенсионных накоплений , умершей , ссылаясь в обоснование заявленных требований на то, что приходится сестрой и имеет право на полу"
d_df2e58c5a7,"УСТАНОВИЛ: В Мещанский районный суд города Москвы поступило исковое заявление к АО «НПФ «БУДУЩЕЕ» о восстановлении пропущенного срока для обращения с заявлением о выплате средств пенсионных накоплений умершего застрахованного лица. Ознакомившись с исковым заявлением и приложенными документами, судья приходит к выводу о том, что исковое заявление подлежит оставлению без движения по следующим основаниям. Согласно п. 5 ч. 2 ст. 131 ГПК РФ в исковом заявлении должны быть указаны обстоятельства, на которых истец основывает свои требования, и доказательства, подтверждающие эти обстоятельства. Согласно ст. 132 ГПК РФ к исковому заявлению прилагаются, в том числе, документ, подтверждающий уплату государственной пошлины в установленных порядке и размере или право на получение льготы по уплате государственной пошлины, либо ходатайство о предоставлении отсрочки, рассрочки, об уменьшении размера государственной пошлины или об освобождении от уплаты государственной пошлины, документы, подтвержд"
d_e0efc9f54b,"УСТАНОВИЛ: В Мещанский районный суд г. Москвы поступило исковое заявление к АО «НПФ «Будущее» о восстановлении срока для обращения правопреемника по закону с заявлением о выплате средств пенсионных накоплений, учтенных на пенсионном счете накопительной пенсии умершего застрахованного лица. Вместе с тем, указанное исковое заявление не может быть принято к производству суда. Согласно пункту 4 части 1 статьи 135 ГПК РФ, суд возвращает исковое заявление в случае, если исковое заявление не подписано или исковое заявление подписано и подано лицом, не имеющим полномочий на его подписание и предъявление в суд. Между тем, исковое заявление не подписано истцом, в связи с чем, подлежит возвращению заявителю. На основании изложенного, руководствуясь положениями статьи 135 ГПК РФ, ОПРЕДЕЛИЛ: Исковое заявление к АО «НПФ «Будущее» о восстановлении срока для обращения правопреемника по закону с заявлением о выплате средств пенсионных накоплений, учтенных на пенсионном счете накопительной пенс"
d_e23e750c11,"УСТАНОВИЛ: В Мещанский районный суд г. Москвы поступило исковое заявление к АО «НПФ «БУДУЩЕЕ» о восстановлении пропущенного срока для обращения с заявлением о выплате средств пенсионных накоплений, учтенных на пенсионном счете накопительной пенсии умершего застрахованного лица. Изучив настоящее заявление, суд приходит к следующим выводам. Согласно ч. 4 ст. ст. 131 ГПК РФ исковое заявление подписывается истцом или его представителем при наличии у него полномочий на подписание заявления и предъявление его в суд. Исковое заявление, подаваемое в электронном виде, содержащее ходатайство об обеспечении иска, должно быть подписано усиленной квалифицированной электронной подписью. В соответствии с п. 4 ч. 1 ст. 135 ГПК РФ судья возвращает исковое заявление в случае, если исковое заявление не подписано или исковое заявление подписано и подано лицом, не имеющим полномочий на его подписание и предъявление в суд. В настоящем случае в суд поступило исковое заявление, на котором отсутствует подп"
d_e28efd1153,"УСТАНОВИЛ: В Мещанский районный суд города Москвы поступило исковое заявление к АО НПФ «Будущее» о об оспаривании отказа в выплате средств пенсионных накоплений, взыскании денежных средств. Согласно ч. 2 ст. 131 ГПК РФ в исковом заявлении, в числе прочего, должны быть указаны: для организации - наименование, , идентификационный номер налогоплательщика и основной государственный регистрационный номер; в чем заключается нарушение либо угроза нарушения прав, свобод или законных интересов истца и его требования; обстоятельства, на которых истец основывает свои требования, и доказательства, подтверждающие эти обстоятельства; цена иска, если он подлежит оценке, а также расчет взыскиваемых или оспариваемых денежных сумм. Согласно абзацу 5 пункта 2 статьи 36.5 Федерального закона от № 75-ФЗ «О негосударственных пенсионных фондах» договор об обязательном пенсионном страховании прекращается в случае смерти застрахованного лица. В случае прекращения договора об обязательном пе"
d_e2e2a5cd9b,"УСТАНОВИЛ: обратилась в суд с иском к АО «НПФ «Будущее» о восстановлении срока для обращения с заявлением о выплате средств пенсионных накоплений. Вместе с тем, вышеуказанное заявление не соответствует требованиям статей 132 Гражданского процессуального кодекса РФ, в связи с чем, не может быть принято к производству суда. Согласно пункту 6 статьи 132 ГПК РФ (в редакции по состоянию на день подачи искового заявления) к исковому заявлению прилагаются, в частности, уведомление о вручении или иные документы, подтверждающие направление другим лицам, участвующим в деле, копий искового заявления и приложенных к нему документов, которые у других лиц, участвующих в деле, отсутствуют, в том числе в случае подачи в суд искового заявления и приложенных к нему документов посредством заполнения формы, размещенной на официальном сайте соответствующего суда в информационно-телекоммуникационной сети «Интернет». Как усматривается из представленного материала, оно подлежит оставлению без движения, по"
d_e418fd6561,"УСТАНОВИЛ: В Мещанский районный суд поступило исковое заявление к "" Будущее"" о восстановлении срока для обращения с заявлением о выплате средств пенсионных накоплений умершего застрахованного лица. Согласно Конституции Российской Федерации каждому гарантируется судебная защита его прав и свобод (статья 46) ; никто не может быть лишен права на рассмотрение его дела в том суде и тем судьей, к подсудности которых оно отнесено законом (статья 47, часть 1) . В силу требований Конституции Российской Федерации, в том числе вытекающих из названных положений, подсудность дел определяется законом, в котором должны быть закреплены критерии, в нормативной форме предопределяющие, в каком суде подлежит рассмотрению то или иное дело, что позволило бы суду, сторонам и другим участникам процесса избежать неопределенности в этом вопросе. При этом, перечисленные нормы Конституции Российской Федерации непосредственно не устанавливают какой-либо определенный порядок реализации установленных"
d_e43ae8cea1,"УСТАНОВИЛ: В Мещанский районный суд поступило исковое заявление , действующей в интересах несовершеннолетних фио, фио, к «ДОСТОЙНОЕ БУДУЩЕЕ» о восстановлении пропущенного срока для обращения правопреемника с заявлением о выплате средств пенсионных накоплений, учтенных на пенсионном счете накопительной пенсии умершего застрахованного лица. Изучив настоящее заявление, суд приходит к следующим выводам. Согласно ч. 4 ст. ст. 131 ГПК РФ исковое заявление подписывается истцом или его представителем при наличии у него полномочий на подписание заявления и предъявление его в суд. Исковое заявление, подаваемое в электронном виде, содержащее ходатайство об обеспечении иска, должно быть подписано усиленной квалифицированной электронной подписью. В соответствии с п. 4 ч. 1 ст. 135 ГПК РФ судья возвращает исковое заявление в случае, если исковое заявление не подписано или исковое заявление подписано и подано лицом, не имеющим полномочий на его подписание и предъявление в суд. В настоя"
d_e5a8c96f07,"УСТАНОВИЛ: В Мещанский районный суд города Москвы поступило исковое заявление , действующей в интересах несовершеннолетней , к АО НПФ «Достойное Будущее» о восстановлении срока на принятие наследства, признании права на пенсионные накопления. Согласно ч. 2 ст. 131 ГПК РФ в исковом заявлении, в числе прочего, должны быть указаны: для организации - наименование, , идентификационный номер налогоплательщика и основной государственный регистрационный номер; в чем заключается нарушение либо угроза нарушения прав, свобод или законных интересов истца и его требования; обстоятельства, на которых истец основывает свои требования, и доказательства, подтверждающие эти обстоятельства; цена иска, если он подлежит оценке, а также расчет взыскиваемых или оспариваемых денежных сумм. Согласно абзацу 5 пункта 2 статьи 36.5 Федерального закона от № 75-ФЗ «О негосударственных пенсионных фондах» договор об обязательном пенсионном страховании прекращается в случае смерти застрахованного"
d_e5bf7a88cf,"Мещанского районного суда фио, рассмотрев исковое заявление / заявление к ДОСТОЙНОЕ БУДУЩЕЕ о восстановлении срока для обращения за выплатой пенсионный накоплений, установил: настоящее исковое заявление подлежит оставлению без движения как не соответствующее требованиям ст.ст. 131 и 132 ГПК РФ в силу следующего. В нарушении ст. 132 ГПК РФ к исковому заявлению не приложено уведомление о вручении или иные документы, подтверждающие направление другим лицам, участвующим в деле, копий искового заявления и приложенных к нему документов, которые у других лиц, участвующих в деле, отсутствуют, в том числе в случае подачи в суд искового заявления и приложенных к нему документов посредством заполнения формы, размещенной на официальном сайте соответствующего суда в информационно-телекоммуникационной сети ""Интернет""; В нарушении ст. 132 ГПК РФ к настоящему заявлению не приложен документ (оригинал), подтверждающий уплату государственной пошлины в установленных порядке и размере или"
d_e6e8519a81,"УСТАНОВИЛ: Истец обратился в суд с исковым заявлением к АО НПФ Будущее о восстановлении срока для обращения с заявлением о выплате средств пенсионных накоплений, учтенных на пенсионном счете накопительной пенсии. В соответствии со ст.135 ГПК РФ судья возвращает исковое заявление, если исковое заявление не подписано. Поскольку исковое заявление не подписано, его необходимо возвратить. На основании изложенного, руководствуясь ст. ст. 135, 224, 225 ГПК РФ, суд О П Р Е Д Е Л И Л : Возвратить исковое заявление к АО НПФ Будущее о восстановлении срока для обращения с заявлением о выплате средств пенсионных накоплений, учтенных на пенсионном счете накопительной пенсии. На определение может быть подана частная жалоба в Московский городской суд г.Москвы в течение 15 дней. Судья РОССИЙСКАЯ ФЕДЕРАЦИЯ Мещанский районный суд города Москвы ул. Каланчевская, д. 43А г. Москва, 129090 тел. 8.495.680-23-88 факс 8.495.680-24-00 зал № 720 г. № М-2626/2021 Рязанская обл. Михайловский"
d_e84594b7e4,"УСТАНОВИЛ: В Мещанский районный суд поступило исковое заявление к «Будущее», Отделению Фонда обязательного пенсионного и социального страхования РФ по и о признании договора об обязательном пенсионном страховании недействительным. Изучив настоящее заявление, суд приходит к следующим выводам. Согласно ст. 135 ГПК РФ судья возвращает исковое заявление в случае, если истцом не соблюден установленный федеральным законом для данной категории споров или предусмотренный договором сторон досудебный порядок урегулирования спора либо истец не представил документы, подтверждающие соблюдение досудебного порядка урегулирования спора с ответчиком, если это предусмотрено федеральным законом для данной категории споров или договором; 3 сентября 2018 года вступил в силу Федеральный закон от 4 июня 2018 года № 123-ФЗ «Об уполномоченном по правам потребителей финансовых услуг» (далее – Закон о финансовом уполномоченном), которым учреждена должность финансового уполномоченного"
d_e8a3e8a9f6,"РЕШЕНИЕ ИМЕНЕМ РОССИЙСКОЙ ФЕДЕРАЦИИ 23 сентября 2020 года г. Иркутск Иркутский районный суд Иркутской области в составе председательствующего судьи ФИОпри секретаре судебного заседания , с участием старшего помощника прокурора Иркутского района Иркутской области ФИО6 , представителя ГУ ОПФР по Иркутской области ФИО4 , рассмотрев в открытом судебном заседании гражданское /2020 по иску прокурора Иркутского района Иркутской области в интересах ФИО2 к акционерному обществу «Негосударственный пенсионный фонд «Будущее» о признании сделки недействительной, применении последствий недействительности сделки, взыскании упущенной выгоды, обязании прекратить обработку персональных данных, с привлечением к участию в деле в качестве третьего лица, не заявляющего самостоятельных требований относительно предмета спора, на стороне истца государственного учреждения - Отделение Пенсионного фонда Российской Федерации по Иркутской области, установил: Прокурор Иркутского района, действуя в и"
d_e8fbd7dd73,"УСТАНОВИЛ: В Мещанский районный суд города Москвы поступило исковое заявление к АО «НПФ «БУДУЩЕЕ» о восстановлении пропущенного срока для обращения с заявлением о выплате средств пенсионных накоплений, учтенных на пенсионном счете накопительной пенсии умершего застрахованного лица. Согласно ч. 2 ст. 131 ГПК РФ в исковом заявлении должны быть указаны: 1) наименование суда, в который подается заявление; 2) сведения об истце: для гражданина - фамилия, имя, отчество (при наличии), дата и место рождения, место жительства или место пребывания, один из идентификаторов (страховой номер индивидуального лицевого счета, идентификационный номер налогоплательщика, серия и номер документа, удостоверяющего личность, серия и номер водительского удостоверения); для организации - наименование, , идентификационный номер налогоплательщика; если заявление подается представителем, - также фамилия, имя, отчество (при наличии) или наименование представителя, для направления судебных повесток и"
d_e96752e1fe,"УСТАНОВИЛ: Истец обратился в суд с иском к АО «НПФ «БУДУЩЕЕ» о взыскании единовременной выплаты средств пенсионных накоплений, учтенных на пенсионном счете накопительной пенсии ссылаясь на то, что между ………….. и НПФ «Благосостояние» (в настоящее время АО «НПФ «БУДУЩЕЕ») заключен договор об обязательном пенсионном страховании. На основании Закона «О накопительной пенсии» полагает, что имеет право на получение единовременной выплаты средств пенсионных накоплений в размере ……… рублей. Истец в судебное заседание не явилась, извещена надлежащим образом, просила о рассмотрении дела в ее отсутствие. Представитель ответчика в судебное заседание не явился, ранее представил письменный отзыв, просил в удовлетворении исковых требований отказать. Суд, исследовав письменные материалы дела, определив все юридически значимые обстоятельства дела, в их совокупности, приходит к следующим выводам. Как усматривается из материалов дела и в судебном заседании установлено, года между НПФ «Благосост"
d_eb1e8c0b16,"УСТАНОВИЛ: В Мещанский районный суд г. Москвы поступило заявление к АО НПФ «Будущее» о признании договора об обязательном пенсионном страховании недействительным. Вместе с тем, указанное исковое заявление не может быть принято к производству суда. Согласно части 1.1 статьи 3.3 ГПК РФ, исковое заявление, заявление, жалоба, представление и иные документы могут быть поданы в суд на бумажном носителе или в электронном виде, в том числе в форме электронного документа, подписанного электронной подписью в порядке, установленном законодательством Российской Федерации, посредством заполнения формы, размещенной на официальном сайте суда в информационно-телекоммуникационной сети ""Интернет"". В соответствии с п. 2.1.1 Порядка подачи в федеральные суды общей юрисдикции документов в электронном виде, в том числе в формате электронного документа, утвержденного Приказом Судебного Департамента при Верховном Суде Российской Федерации от 27 декабря 2016 года № 251, документы в электронном виде подаютс"
d_eb8f1ba9a3,"УСТАНОВИЛ: В Мещанский районный суд поступило исковое заявление фио фио к ""Будущее"" о восстановлении срока для обращения с заявлением о выплате средств пенсионных накоплений умершего застрахованного лица. Вместе с тем, указанное исковое заявление не может быть принято к производству суда. Пунктом 4 ч.1 ст.135 ГПК РФ предусмотрено, что судья возвращает исковое заявление в случае, если исковое заявление не подписано или исковое заявление подписано и подано лицом, не имеющим полномочий на его подписание и предъявление в суд. Как усматривается из заявления, оно не подписано истцом, При таких обстоятельствах, данное исковое заявление подлежит возврату. Данное обстоятельство не препятствует повторной подаче подписанного надлежащим лицом заявления. На основании изложенного, руководствуясь положениями статьи 135 ГПК РФ, суд ОПРЕДЕЛИЛ: Исковое заявление фио фио к ""Будущее"" о восстановлении срока для обращения с заявлением о выплате средств пенсионных накоплений умершего застр"
d_ec1ea023bd,"УСТАНОВИЛ: В Мещанский районный суд поступило исковое заявление фио к «Будущее» о восстановлении пропущенного срока для обращения с заявлением на получение средств пенсионных накоплений. Изучив настоящее заявление, суд приходит к следующим выводам. Согласно ч. 4 ст. ст. 131 ГПК РФ исковое заявление подписывается истцом или его представителем при наличии у него полномочий на подписание заявления и предъявление его в суд. Исковое заявление, подаваемое в электронном виде, содержащее ходатайство об обеспечении иска, должно быть подписано усиленной квалифицированной электронной подписью. В соответствии с п. 4 ч. 1 ст. 135 ГПК РФ судья возвращает исковое заявление в случае, если исковое заявление не подписано или исковое заявление подписано и подано лицом, не имеющим полномочий на его подписание и предъявление в суд. В настоящем случае в суд поступило исковое заявление, на котором отсутствует подпись истца. На основании изложенного, руководствуясь ст. ст. 135, 224-225 ГПК РФ, суд"
d_ec69499084,"Стороны Истец: Ответчик: АО ""НПФ ""Будущее"" Cудья Категория дела 219- Прочие исковые дела Текущее состояние Вступило в силу () Основание решения суда Дело неподсудно данному суду Движение дела Документы История состояний Дата Состояние Документ-основание Зарегистрировано Возвращено Определение о возвращении заявления Вступило в силу Определение о возвращении заявления История местонахождения Дата Местонахождение Комментарий У судьи Дата документа Вид документа Текст документа Квитанция об оплате госпошлины Технический акт распределения дел в электронном виде Определение о возвращении заявления Скачать файл Вернуться к списку Подписаться на обновления Отмена Адрес электронной почты ожидает подтверждения использует файлы cookie с целью персонализации сервисов и повышения удобства пользования порталом. Если вы не хотите использовать файлы cookie, измените настройки браузера. 2010–2026 Официальный"
d_ec6dba6435,"УСТАНОВИЛ: В Мещанский районный суд поступило исковое заявление к «Будущее» о восстановлении пропущенного срока для обращения правопреемника с заявлением о выплате средств пенсионных накоплений, учтенных на пенсионном счете накопительной пенсии умершего застрахованного лица. Изучив настоящее заявление, суд приходит к следующим выводам. Согласно ч. 4 ст. ст. 131 ГПК РФ исковое заявление подписывается истцом или его представителем при наличии у него полномочий на подписание заявления и предъявление его в суд. Исковое заявление, подаваемое в электронном виде, содержащее ходатайство об обеспечении иска, должно быть подписано усиленной квалифицированной электронной подписью. В соответствии с п. 4 ч. 1 ст. 135 ГПК РФ судья возвращает исковое заявление в случае, если исковое заявление не подписано или исковое заявление подписано и подано лицом, не имеющим полномочий на его подписание и предъявление в суд. Как усматривается из представленного искового заявления, иск не содержит"
d_ec8bf1e041,"УСТАНОВИЛ: В Мещанский районный суд города Москвы поступило исковое заявление к АО НПФ «ДОСТОЙНОЕ БУДУЩЕЕ» о восстановлении пропущенного срока для обращения правопреемника с заявлением о выплате средств пенсионных накоплений, учтенных на пенсионном счете накопительной пенсии умершего застрахованного лица. В силу положений ст. 132 ГПК РФ к исковому заявлению, в числе прочего, прилагается документ, подтверждающий уплату государственной пошлины в установленных порядке и размере или право на получение льготы по уплате государственной пошлины, либо ходатайство о предоставлении отсрочки, рассрочки, об уменьшении размера государственной пошлины или об освобождении от уплаты государственной пошлины. Ознакомившись с иском, суд считает, что поданное заявление не соответствует указанным требованиям. вступили в силу положения Федерального закона от № 259-ФЗ «О внесении изменений в части первую и вторую Налогового кодекса Российской Федерации и отдельные законодательные ак"
d_ed1d7dc298,"УСТАНОВИЛ: АФИО обратилась в суд с заявлением о пропуске срока на возврат денежных средств. Вместе с тем, вышеуказанное заявление не соответствует требованиям статей 131, 132 Гражданского процессуального кодекса РФ, в связи с чем, не может быть принято к производству суда. Согласно положениям закона, граждане обращаются в суд не с заявлением по произвольной форме, а в порядке подачи искового заявления, подготовленного с выполнением требований статьи 131, 132 ГПК РФ. Согласно положениям статьи 131 ГПК РФ в исковом заявлении должны быть указаны: 1) наименование суда, в который подается заявление; 2) наименование истца, его место жительства или, если истцом является организация, ее место нахождения, а также наименование представителя и его , если заявление подается представителем; 3) наименование ответчика, его место жительства или, если ответчиком является организация, ее место нахождения; 4) в чем заключается нарушение либо угроза нарушения прав, свобод или законных интересов истца"
d_ede31c25ba,"УСТАНОВИЛ: С учетом уточненных исковых требований истец – прокурор .... в защиту интересов ФИО4 к АО ФИО11 » просит признать недействительным договор об обязательном пенсионном страхованииот **/**/**** № , заключенный между АО ФИО12 » и ФИО1 , применить последствия недействительности ничтожной сделки; обязать АО ФИО13 » в срок не позднее 30 дней со дня получения решения суда передать Пенсионному фонду Российской Федерации: средства пенсионных накоплений в размере 237 569, 67 рублей, проценты за неправомерное пользование денежными средствами, определенные в соответствии со статьей 395 Гражданского кодекса РФ с **/**/**** по день обращения в суд в размере 48 226,31 рублей, после обращенияв суд — за каждый день по день вынесения судебного решения в размере 35,70 рублей, исходя из процентной ставки в размере 5,5 %, и средства, направленные на формирование собственных средств фонда, сформированные за счет дохода от инвестирования средств пенсионных накоплений ФИО1 в порядке, предусмотренном"
d_eea187fa40,"УСТАНОВИЛ: В Мещанский районный суд г. Москвы поступило исковое заявление к АО «НПФ» БУДУЩЕЕ о восстановлении срока для обращения срока правопреемника по закону с заявлением о выплате средств пенсионных накоплений. Указанное исковое заявление подлежит оставлению без движения, как поданное с нарушением требований ст.ст. 131,132 ГПК РФ, по следующим основаниям. В силу ст.131 ГПК РФ в исковом заявлении должны быть указаны: 1) наименование суда, в который подается заявление; 2) наименование истца, его место жительства или, если истцом является организация, ее , а также наименование представителя и его , если заявление подается представителем; 3) сведения об ответчике: для гражданина - фамилия, имя, отчество (при наличии) и место жительства, а также дата и место рождения, место работы (если они известны) и один из идентификаторов (страховой номер индивидуального лицевого счета, идентификационный номер налогоплательщика, серия и номер документа, удостоверяющего личность, основн"
d_eedeabe622,"УСТАНОВИЛ: В Мещанский районный суд г. Москвы поступило исковое заявление ДФИО к АО «НПФ «Будущее» о признании договора недействительным. Вместе с тем, вышеуказанное заявление не соответствует требованиям статей 132 Гражданского процессуального кодекса РФ, в связи с чем, не может быть принято к производству суда. Согласно пункту 6 статьи 132 ГПК РФ (в редакции по состоянию на день подачи искового заявления) к исковому заявлению прилагаются, в частности, уведомление о вручении или иные документы, подтверждающие направление другим лицам, участвующим в деле, копий искового заявления и приложенных к нему документов, которые у других лиц, участвующих в деле, отсутствуют, в том числе в случае подачи в суд искового заявления и приложенных к нему документов посредством заполнения формы, размещенной на официальном сайте соответствующего суда в информационно-телекоммуникационной сети «Интернет». Как усматривается из представленного материала, оно подлежит оставлению без движения, поскольку подан"
d_eef4728b04,"УСТАНОВИЛ: Истец обратился в суд с иском к Достойной Будущее о восстановлении срока для обращения с заявлением о выплате средств пенсионных накоплений. Согласно ст.132 ГПК РФ, к исковому заявлению прилагаются: документы, подтверждающие обстоятельства, на которых истец основывает свои требования. Судья, установив, что исковое заявление подано в суд без соблюдения требований, установленных в статьях 131 и 132 настоящего Кодекса, выносит определение об оставлении заявления без движения, о чем извещает лицо, подавшее заявление, и предоставляет ему разумный срок для исправления недостатков (ч. 1 ст. 136 ГПК РФ). Указанное исковое заявление подлежит оставлению без движения, поскольку в нарушение ст. 132 ГПК РФ, истец не представил доказательства в обоснование заявленных требований, указанное в иске приложение (с 1 по 6 пункт) фактически отсутствует, в суд не направлено. На основании изложенного, руководствуясь ст. ст. 131, 132, 136, 224, 225 ГПК РФ, суд О П Р Е Д Е Л И Л : Исковое заяв"
d_f04703dac6,"УСТАНОВИЛА: обратился в суд с иском к АО «НПФ «Будущее», ПФР, АО НПФ ВТБ Пенсионный фонд, просил признать недействительным заключенный между ним и АО НПФ ВТБ Пенсионный фонд договор об обязательном пенсионном страховании недействительным, применить последствия недействительности данного договора, обязать АО НПФ ВТБ Пенсионный фонд передать средства пенсионных накоплений истца предыдущему страховщику – АО «НПФ «Будущее», взыскать с АО НПФ ВТБ Пенсионный фонд в пользу АО «НПФ «Будущее» средства, сформированные за счет средств дохода от инвестирования средств пенсионных накоплений застрахованного лица, проценты за пользование чужими денежными средствами, обязать ПФР внести изменения в Единый реестр застрахованных лиц, связанные с возвратом средств пенсионных накоплений в АО «НПФ «Будущее», обязать АО «НПФ «Будущее» восстановить на пенсионном счете истца сумму инвестиционного дохода, взыскать судебные расходы. При рассмотрении дела представителем АО НПФ ВТБ Пенсионный фонд было заявлен"
d_f10ae7f9d8,"УСТАНОВИЛ: И.о. прокурора г. Ноябрьска-прокуратуры Ямало-Ненецкого автономного округа обратился в суд с иском в интересах к АО НПФ «Будущее» о признании договора недействительным. Вместе с тем, вышеуказанное заявление не соответствует требованиям статьи 131 Гражданского процессуального кодекса РФ, в связи с чем, не может быть принято к производству суда. Согласно пункту 6 статьи 132 ГПК РФ (в редакции по состоянию на день подачи искового заявления) к исковому заявлению прилагаются, в частности, уведомление о вручении или иные документы, подтверждающие направление другим лицам, участвующим в деле, копий искового заявления и приложенных к нему документов, которые у других лиц, участвующих в деле, отсутствуют, в том числе в случае подачи в суд искового заявления и приложенных к нему документов посредством заполнения формы, размещенной на официальном сайте соответствующего суда в информационно-телекоммуникационной сети «Интернет». Как усматривается из представленного материала, оно под"
d_f176fde78f,"УСТАНОВИЛ: В Мещанский районный суд г. Москвы поступило исковое заявление к АО «НПФ» БУДУЩЕЕ о восстановлении пропущенного срока для обращения с заявлением о выплате средств пенсионных накоплений, учтенных на пенсионном счете накопительной пенсии умершего застрахованного лица. Указанное исковое заявление подлежит оставлению без движения, как поданное с нарушением требований ст.ст. 131,132 ГПК РФ, по следующим основаниям. В силу ст.131 ГПК РФ в исковом заявлении должны быть указаны: 1) наименование суда, в который подается заявление; 2) наименование истца, его место жительства или, если истцом является организация, ее , а также наименование представителя и его , если заявление подается представителем; 3) сведения об ответчике: для гражданина - фамилия, имя, отчество (при наличии) и место жительства, а также дата и место рождения, место работы (если они известны) и один из идентификаторов (страховой номер индивидуального лицевого счета, идентификационный номер налогоплатель"
d_f21aac3c25,"УСТАНОВИЛ: В Мещанский районный суд поступило исковое заявление к «Достойное БУДУЩЕЕ» о восстановлении пропущенного срока для обращения с заявлением о выплате средств пенсионных накоплений, учтенных на пенсионном счете накопительной пенсии умершего застрахованного лица. Согласно ч. 2 ст. 131 ГПК РФ в исковом заявлении должны быть указаны: 1) наименование суда, в который подается заявление; 2) сведения об истце: для гражданина - фамилия, имя, отчество (при наличии), паспортные данные, место жительства или место пребывания, один из идентификаторов (страховой номер индивидуального лицевого счета, идентификационный номер налогоплательщика, серия и номер документа, удостоверяющего личность, серия и номер водительского удостоверения); для организации - наименование, , идентификационный номер налогоплательщика; если заявление подается представителем, - также фамилия, имя, отчество (при наличии) или наименование представителя, для направления судебных повесток и иных"
d_f4be1821de,"УСТАНОВИЛ: Истец обратился в суд с исковым заявлением к АО НПФ Будущее о восстановлении срока для обращения с заявлением о выплате средств пенсионных накоплений, учтенных на пенсионном счете накопительной пенсии. В соответствии со ст.135 ГПК РФ судья возвращает исковое заявление, если исковое заявление не подписано. Поскольку исковое заявление не подписано, его необходимо возвратить. На основании изложенного, руководствуясь ст. ст. 135, 224, 225 ГПК РФ, суд О П Р Е Д Е Л И Л : Возвратить исковое заявление к АО НПФ Будущее о восстановлении срока для обращения с заявлением о выплате средств пенсионных накоплений, учтенных на пенсионном счете накопительной пенсии. На определение может быть подана частная жалоба в Московский городской суд г.Москвы в течение 15 дней. Судья РОССИЙСКАЯ ФЕДЕРАЦИЯ Мещанский районный суд города Москвы ул. Каланчевская, д. 43А г. Москва, 129090 тел. 8.495.680-23-88 факс 8.495.680-24-00 зал № 720 г. № М-3374/2022 На основании определения от"
d_f5245eda62,"УСТАНОВИЛ: Прокурор Иркутского района, действуя в защиту прав и законных интересов ФИО1 , обратился в суд с иском к акционерному обществу «Негосударственный пенсионный фонд «БУДУЩЕЕ» (далее – АО «НПФ «БУДУЩЕЕ»), в котором в обоснование указал, что в прокуратуру Иркутского района с заявлением о нарушении пенсионных прав обратился ФИО1 о том, что его пенсионные накопления были незаконно переведены из государственного Пенсионного Фонда в АО «НПФ «БУДУЩЕЕ». При этом средства пенсионных накоплений ФИО1 переведены в АО «НПФ «БУДУЩЕЕ» на основании заявления о досрочном переходе в негосударственный пенсионный фонд от **/**/**** № , поступившее в Отделение ПФР по .... и .... . Прокуратурой установлено, что на основании заявления застрахованного лица о досрочном переходе из пенсионного фонда Российской Федерации в негосударственный пенсионный фонд, осуществляющей деятельность по обязательному пенсионному страхованию ФИО1 заявил о намерении осуществлять дальнейшее формирование своей накопительной"
d_f52abe54f3,"УСТАНОВИЛ: В Мещанский районный суд поступило исковое заявление и.о. прокурора в интересах Матвей фио к наименование организации о признании недействительным договора обязательного пенсионного страхования и применении последствий недействительности сделки. Указанное исковое заявление подлежит оставлению без движения, как поданное с нарушением требований ст.131,132 ГПК РФ, по следующим основаниям. В силу ст.131 ГПК РФ в исковом заявлении должны быть указаны: -наименование суда, в который подается заявление; -наименование истца, его место жительства или, если истцом является организация, ее место нахождения, а также наименование представителя и его , если заявление подается представителем; -наименование ответчика, его место жительства или, если ответчиком является организация, ее место нахождения; -в чем заключается нарушение либо угроза нарушения прав, свобод или законных интересов истца и его требования; -обстоятельства, на которых истец основывает свои требования, и д"
d_f58cc468ee,"УСТАНОВИЛ: в суд с иском к АО НПФ «Будущее» о восстановлении пропущенного срока для обращения с заявлением о выплате средств пенсионных накоплений. Вместе с тем, вышеуказанное заявление не соответствует требованиям статей 132 Гражданского процессуального кодекса РФ, в связи с чем, не может быть принято к производству суда. Согласно пункту 6 статьи 132 ГПК РФ (в редакции по состоянию на день подачи искового заявления) к исковому заявлению прилагаются, в частности, уведомление о вручении или иные документы, подтверждающие направление другим лицам, участвующим в деле, копий искового заявления и приложенных к нему документов, которые у других лиц, участвующих в деле, отсутствуют, в том числе в случае подачи в суд искового заявления и приложенных к нему документов посредством заполнения формы, размещенной на официальном сайте соответствующего суда в информационно-телекоммуникационной сети «Интернет». Как усматривается из представленного материала, оно подлежит оставлению без движения, п"
d_f5d1f4d96b,"УСТАНОВИЛ: Истец . обратилась в суд с иском к АО «НПФ «БУДУЩЕЕ» о восстановлении пропущенного срока для обращения правопреемника с заявлением о выплате средств пенсионных накоплений, учтенных на пенсионном счете накопительной пенсии умершего застрахованного лица, ссылаясь на то, что отец – заключил с НПФ «Благосостояние» договор об обязательном пенсионном страховании. ….. года . умер. Срок обращения за выплатой пенсионных накоплений истцом пропущен по уважительной причине, поскольку истец является инвалидом первой группы с детства и по состоянию здоровья не может представлять свои интересы в государственных органах, при этом ни ни её законный представитель (мать) не знали и не владели информацией о том, что за умершего уплачивались страховые взносы на финансирование накопительной части трудовой пении в негосударственный пенсионный фонд и о причитающихся истцу по закону, как наследнику, выплат. Истец и её представитель в судебное заседание не явилис"
d_f5f088c2ae,"УСТАНОВИЛ: обратилась в суд с иском к ОАО «НПФ «Будущее» о восстановлении срока для обращения с заявлением о выплате средств пенсионных накоплений. Вместе с тем, вышеуказанное заявление не соответствует требованиям статей 132 Гражданского процессуального кодекса РФ, в связи с чем, не может быть принято к производству суда. Согласно статье 132 ГПК РФ, к исковому заявлению прилагаются, в частности, документы, подтверждающие обстоятельства, на которых истец основывает свои требования, копии этих документов для ответчиков и третьих лиц, если копии у них отсутствуют. Вместе с тем, исковое заявление указанным выше нормам не соответствует: к исковому заявлению не приложены документы, подтверждающие обстоятельства, на которых истец основывает свои требования, а также копии этих документов, в частности, истец просит восстановить срок для обращения с заявлением о выплате средств пенсионных накоплений , однако, документов, подтверждающих факт родства истца с умершим застрахованным лицом, н"
d_f687b4ecee,"УИД 77RS0014-02-2022-007771-64 О П Р Е Д Е Л Е Н И Е 14 сентября 2022 года Лефортовский районный суд в составе: председательствующего судьи , при секретаре фио, рассмотрев в открытом судебном заседании гражданское /2022 по иску к пенсионный фонд «Достойное БУДУЩЕЕ» о выплате средств пенсионных накоплений, У С Т А Н О В И Л: истец обратилась в суд с иском к «Достойное Будущее» о выплате средств пенсионных накоплений. Согласно ст. 28 ГПК РФ иск предъявляется в суд по месту нахождения ответчика-организации. Как видно из искового заявления, оно подано в суд по месту нахождения ответчика по адресу: Серп и Молот, д. 10. В соответствии со ст. 54 ГК РФ место нахождения юридического лица определяется местом его государственной регистрации. Как следует из сведений ЕГРЮЛ в отношении ответчика пенсионный фонд «Достойное БУДУЩЕЕ» (ОГРН 1147799011634), находящихся в свободном доступе на официальном Интернет-сайте Федеральной налоговой служ"
d_f7409819ca,"УСТАНОВИЛ: Решением Мещанского районного суда города Москвы от 13 ноября 2019 года по гражданскому делу № 2-4107/2019 удовлетворены частично исковые требования , к АО «НПФ «БУДУЩЕЕ», АО «НПФ «Сбербанк» о признании недействительным договора, применении последствий недействительности сделки, взыскании судебных расходов, компенсации морального вреда (л.д.129-136). 24 августа 2021 года истцы и обратились в суд с заявлением о взыскании с АО «НПФ «Будущее» судебных расходов на оплату услуг представителя в размере сумма Также истцами и заявлено ходатайство о восстановлении срока на подачу заявления о распределении судебных расходов, признании причины пропуска срока уважительными. Истцы и просят об отмене вышеуказанного определения (л.д.167-169) по доводам частной жалобы, указывая на то, что суд необоснованно снизил сумму судебных расходов (л.д.172-173). Представитель ответчика АО «НПФ «БУДУЩЕЕ», действующий на основании доверенности , просит об отмене вышеука"
d_f772ca5623,"Иркутский районный суд Иркутской области А А А Обычная версия сайта развернуть 664047, Иркутская обл., г. Иркутск, ул. Байкальская, д. 30 Тел.: (3952) 20-84-79, 20-96-06 (ф.) irkutsky.irk@sudrf.ru Иркутский районный суд Иркутской области 664047, Иркутская обл., г. Иркутск, ул. Байкальская, д. 30 Тел.: (3952) 20-84-79, 20-96-06 (ф.) irkutsky.irk@sudrf.ru Закрыть Мобильная версия Главная Карта сайта Судебное делопроизводство Территориальная подсудность Калькулятор госпошлины Главная Подача процессуальных документов в электронном виде О СУДЕ ТЕРРИТОРИАЛЬНАЯ ПОДСУДНОСТЬ СУДЕЙСКОЕ СООБЩЕСТВО НОРМАТИВНЫЕ АКТЫ ДОКУМЕНТЫ СУДА СУДЕБНОЕ ДЕЛОПРОИЗВОДСТВО СПРАВОЧНАЯ ИНФОРМАЦИЯ КАЛЬКУЛЯТОР ГОСПОШЛИНЫ ПРЕСС-СЛУЖБА УПРАВЛЕНИЕ СУДЕБНОГО ДЕПАРТАМЕНТА СУДЫ СУБЪЕКТА РФ МУНИЦИПАЛЬНЫЕ ОРГАНЫ ВЛАСТИ ВАКАНСИИ ПРОТИВОДЕЙСТВИЕ КОРРУПЦИИ ОБРАЩЕНИЯ ГРАЖДАН ВНЕПРОЦЕССУАЛЬНЫЕ ОБРАЩЕНИЯ Карта сайта ВЕРСИЯ ДЛЯ СЛАБОВИДЯЩИХ Подача процессуальных документов в электронном виде О СУДЕ СУДЕЙСКОЕ СООБЩЕСТВО НОРМАТИВНЫЕ АК"
d_f786a55c3e,"УСТАНОВИЛ: Истец прокурор Иркутского района, действуя в защиту прав и законных интересов Т,М,В, , обратился в суд с исковым заявлением к АО «Негосударственный пенсионный фонд «Будущее», в котором с учетом уточнений просит признать недействительным договор об обязательном пенсионном страховании от № , заключенный между АО «Негосударственный пенсионный фонд «Будущее» и Т,М,В, ; обязать АО «Негосударственный пенсионный фонд «Будущее» в срок не позднее 30 дней со дня получения решения суда передать в ПФР проценты за неправомерное пользование средствами пенсионных накоплений, определяемые в соответствии с по ст. 395 ГК РФ, и средства, направленные на формирование собственных средств фонда, сформированные за счет дохода от инвестирования средств пенсионных накоплений соответствующего застрахованного лица, предусмотренные п. 5.3 ст. 36.6 Федерального закона от № 75-ФЗ «О негосударственных пенсионных фондах» в сумме 5 550,31 руб.; обязать прекратить незаконную обработку п"
d_f8787907b3,"УСТАНОВИЛ: .... , действуя в защиту прав и законных интересов ФИО1 , обратился в суд с иском к АО «НПФ «Будущее», в котором в обоснование указал, что в прокуратуру .... с заявлением о нарушении пенсионных прав обратилась ФИО3 о том, что ее пенсионные накопления были незаконно переведены из государственного Пенсионного Фонда в АО «НПФ «БУДУЩЕЕ». При этом средства пенсионных накоплений ФИО1 переведены в АО «НПФ «БУДУЩЕЕ» на основании заявления о досрочном переходе в негосударственный пенсионный фонд от **/**/**** № , поступившее в Отделение ПФР по .... и .... . Прокуратурой установлено, что на основании заявления застрахованного лица о досрочном переходе из пенсионного фонда Российской Федерации в негосударственный пенсионный фонд, осуществляющей деятельность по обязательному пенсионному страхованию ФИО1 заявила о намерении осуществлять дальнейшее формирование своей накопительной пенсии через негосударственный пенсионный фонд Акционерное общество «Негосударственный пенсионный фонд «БУДУЩ"
d_f8b2945e8d,"Гражданское /2024 в суде 1-ой инстанции № 2-5127/2023 УИД 77RS0016-02-2023-006946-24 Судья суда 1-ой инстанции: А П Е Л Л Я Ц И О Н Н О Е О П Р Е Д Е Л Е Н И Е 21 марта 2024 года город Москва Судебная коллегия по гражданским делам Московского городского суда в составе председательствующего судьи , судей , , при секретаре , заслушав в открытом судебном заседании по докладу судьи ФИОгражданское дело по апелляционной жалобе на решение Мещанского районного суда г. Москвы от 10 августа 2023 года, которым постановлено: исковое заявление к АО «НПФ «Будущее» о признании правопреемником умершего застрахованного лица оставить без удовлетворения; установила: обратилась в суд c иском к АО «НПФ «Будущее», просила признать единственным наследником, принявшим наследство, и единственным правопреемником умершего застрахованного лица – , заключившего договор с АО «НПФ «Будущее» об обязательном пенсионном страховании №, ссылаясь в обоснование заявленных требо"
d_f9572383d4,"УСТАНОВИЛ: обратилась в суд с иском к АО НПФ «Будущее» о восстановлении пропущенного срока на получение выплаты накопительной части пенсии умершего застрахованного лица. Вместе с тем, ознакомившись с исковым заявлением, суд приходит к выводу о том, что данное исковое заявление не подлежит принятию к производству суда на основании пункта 2 части 1 статьи 134 ГПК РФ. Согласно пункту 2 части 1 статьи 134 ГПК РФ судья отказывает в принятии искового заявления в случае, если имеется вступившее в законную силу решение суда по спору между теми же сторонами, о том же предмете и по тем же основаниям или определение суда о прекращении производства по делу в связи с принятием отказа истца от иска или утверждением мирового соглашения сторон. 18 марта 2021 решением Мещанского районного суда г. Москвы рассмотрено исковое заявление к АО НПФ «Будущее» о восстановлении пропущенного срока на получение выплаты накопительной части пенсии умершего застрахованного лица, однако, поскольку данное решение и"
d_f9946fb039,"УСТАНОВИЛ: Истец обратился в суд с иском к «Будущее» о восстановлении срока для обращения правопреемника по договору (заявлению) с заявлением о выплате средств пенсионных накоплений, учтенных на пенсионном счете накопительной пенсии умершего застрахованного лица. Вместе с тем, вышеуказанное заявление не соответствует требованиям статей 132 Гражданского процессуального кодекса РФ, в связи с чем, не может быть принято к производству суда. Согласно статье 132 ГПК РФ к исковому заявлению прилагаются также, документы, подтверждающие обстоятельства, на которых истец основывает свои требования, копии этих документов для ответчиков и третьих лиц, если копии у них отсутствуют. Вместе с тем, исковое заявление указанным выше нормам не соответствует: к исковому заявлению не приложены документы, подтверждающие обстоятельства, на которых истец основывает свои требования, а именно копии документов, подтверждающие факт родства с умершим застрахованным лицом фио (свидетельство о рождении, док"
d_f9dfef353f,"УСТАНОВИЛ: В Мещанский районный суд г. Москвы поступило исковое заявление к АО «НПФ «Будущее» о восстановлении пропущенного срока для обращения правопреемника с заявлением о выплате средств пенсионных накоплений, учтенных на пенсионном счете накопительной пенсии умершего застрахованного лица. Изучив настоящее заявление, суд приходит к следующим выводам. Согласно ч. 4 ст. ст. 131 ГПК РФ исковое заявление подписывается истцом или его представителем при наличии у него полномочий на подписание заявления и предъявление его в суд. Исковое заявление, подаваемое посредством заполнения формы, размещенной на официальном сайте суда в информационно-телекоммуникационной сети ""Интернет"", содержащее ходатайство об обеспечении иска, подписывается усиленной квалифицированной электронной подписью в порядке, установленном законодательством Российской Федерации. В соответствии с п. 4 ч. 1 ст. 135 ГПК РФ судья возвращает исковое заявление в случае, если исковое заявление не подписано или исковое заявле"
d_fa262b31a8,"УСТАНОВИЛ: В Мещанский районный суд поступило исковое заявление к «Достойное Будущее» о восстановлении срока для обращения правопреемника по договору (заявлению) с заявлением о выплате средств пенсионных накоплений. Указанное исковое заявление определением от года оставлено без движения, по мотивам, приведенным в данном определении, истцу предложено исправить недостатки в срок до года. Ввиду того, что истец не устранил недостатки, указанные в определении судьи об оставлении иска без движения, исковое заявление подлежит возвращению на основании п. 2 ст. 136 ГПК РФ. На основании изложенного, руководствуясь ст. ст. 135, 136, 224-225 ГПК РФ, суд ОПРЕДЕЛИЛ: Возвратить исковое заявление к «Достойное Будущее» о восстановлении срока для обращения правопреемника по договору (заявлению) с заявлением о выплате средств пенсионных накоплений. Возвращение искового заявления не препятствует повторному обращению истца в суд с иском к тому же ответчику,"
d_fac20a2a71,"РЕШЕНИЕ ИМЕНЕМ РОССИЙСКОЙ ФЕДЕРАЦИИ 27 января 2020 г. город Ноябрьск, ЯНАО Ноябрьский городской суд Ямало-Ненецкого автономного округа в составе: председательствующего судьи , при секретаре судебного заседания , с участием истца , представителя истца , действующего на основании ордера от 28 ноября 2019 г. № , представителя третьего лица , действующей на основании доверенности от 9 декабря 2019 г. № , рассмотрев в открытом судебном заседании гражданское /2020 по иску к Акционерному обществу «Негосударственный пенсионный фонд «Будущее» о признании договора недействительным, применении последствий недействительной сделки, установил: Истец обратилась в суд с иском к АО «Негосударственный пенсионный фонд «БУДУЩЕЕ» (далее – АО «НПФ «БУДУЩЕЕ», НПФ) о признании договора об обязательном пенсионном страховании от 31 декабря 2016 г. № недействительным, возложении обязанности передать средства пенсионных накоплений и процентов в Пенсионный Фонд Российской Федер"
d_fb0f7e9797,"О П Р Е Д Е Л Е Н И Е г. Кемерово 21 июля 2022 г. Судебная коллегия по гражданским делам Восьмого кассационного суда общей юрисдикции в составе председательствующего , судей , рассмотрела в открытом судебном заседании гражданское /2021; УИД: 24RS0041-01-2020-003745-26 по иску к Акционерному обществу «Негосударственный пенсионный фонд «Будущее» о признании договора недействительным, возложении обязанности, компенсации морального вреда, по кассационной жалобе Акционерного общества «Негосударственный пенсионный фонд «Будущее» на заочное решение Октябрьского районного суда г. Красноярска от 13 января 2021г., апелляционное определение судебной коллегии по гражданским делам Красноярского краевого суда от 2 марта 2022 г. Заслушав доклад судьи Восьмого кассационного суда общей юрисдикции , судебная коллегия по гражданским делам Восьмого кассационного суда общей юрисдикции установила: обратилась в суд с требованиями (с учетом уточнений) к Акционерному обществу"
d_fba8d61ef9,"Судья Номер дела в 1 инстанции № 2-8046/2023 /2024 АПЕЛЛЯЦИОННОЕ ОПРЕДЕЛЕНИЕ 11 апреля 2024 года город Москва Судебная коллегия по гражданским делам Московского городского суда в составе председательствующего и судей , , при ведении протокола помощником судьи , заслушав в открытом судебном заседании по докладу судьи ФИОдело по апелляционной жалобе истца на решение Мещанского районного суда города Москвы от 31 июля 2023 года, которым постановлено: Исковые требования к АО НПФ «БУДУЩЕЕ» оставить без удовлетворения; у с т а н о в и л а: обратилась в суд с иском к ответчику АО НПФ «БУДУЩЕЕ», дополнив иск в порядке статьи 39 ГПК Российской Федерации (л.д. 25-27), о восстановлении пропущенного срока для обращения с заявлением о выплате средств пенсионных накоплений, учтенных на пенсионном счете накопительной пенсии умершего застрахованного лица. В обоснование требований истец сослалась на то, что она является матерью , заключившего договор с Нег"
d_fc984e20de,"УСТАНОВИЛ: В Мещанский районный суд поступило исковое заявление к «Будущее», о признании недостойным наследником, признании правопреемником, имеющим право на получение средств пенсионных накоплений, учтенных на пенсионном счете накопительной пенсии умершего застрахованного лица. Изучив настоящее заявление, суд приходит к следующим выводам. Согласно ч. 4 ст. ст. 131 ГПК РФ исковое заявление подписывается истцом или его представителем при наличии у него полномочий на подписание заявления и предъявление его в суд. Исковое заявление, подаваемое в электронном виде, содержащее ходатайство об обеспечении иска, должно быть подписано усиленной квалифицированной электронной подписью. В соответствии с п. 4 ч. 1 ст. 135 ГПК РФ судья возвращает исковое заявление в случае, если исковое заявление не подписано или исковое заявление подписано и подано лицом, не имеющим полномочий на его подписание и предъявление в суд. В настоящем случае в суд поступило исковое заявление, на котором"
d_fd13e8a601,"УСТАНОВИЛ: обратилась в суд с иском к ОАО «НПФ «Будущее» о восстановлении срока для обращения с заявлением о выплате средств пенсионных накоплений. Вместе с тем, вышеуказанное заявление не соответствует требованиям статей 132 Гражданского процессуального кодекса РФ, в связи с чем, не может быть принято к производству суда. Согласно статье 132 ГПК РФ, к исковому заявлению прилагаются, в частности, документы, подтверждающие обстоятельства, на которых истец основывает свои требования, копии этих документов для ответчиков и третьих лиц, если копии у них отсутствуют. Вместе с тем, исковое заявление указанным выше нормам не соответствует: к исковому заявлению не приложены документы, подтверждающие обстоятельства, на которых истец основывает свои требования, а также копии этих документов, в частности, истец просит восстановить срок для обращения с заявлением о выплате средств пенсионных накоплений , документов, подтверждающих факт нахождения в родстве с умершим застрахованным лицом, не"
d_fd6cde9283,"УСТАНОВИЛ: В Мещанский районный суд г. Москвы поступило исковое заявление к АО «НПФ «Будущее» о восстановлении пропущенного срока для обращения правопреемника с заявлением о выплате средств пенсионных накоплений, учтенных на пенсионном счете накопительной пенсии умершего застрахованного лица. Изучив настоящее заявление, суд приходит к следующим выводам. Согласно ч. 4 ст. ст. 131 ГПК РФ исковое заявление подписывается истцом или его представителем при наличии у него полномочий на подписание заявления и предъявление его в суд. Исковое заявление, подаваемое в электронном виде, содержащее ходатайство об обеспечении иска, должно быть подписано усиленной квалифицированной электронной подписью. В соответствии с п. 4 ч. 1 ст. 135 ГПК РФ судья возвращает исковое заявление в случае, если исковое заявление не подписано или исковое заявление подписано и подано лицом, не имеющим полномочий на его подписание и предъявление в суд. В настоящем случае в суд поступило исковое заявление, на котором о"
d_fe79ac9d04,"УСТАНОВИЛ: В Мещанский районный суд г. Москвы поступило исковое заявление Супрун (Кошкиной) Ю.В. АО «НПФ «Будущее» о признании недействительным договора об обязательном страховании взыскании страхового возмещения и компенсации морального вреда. Изучив настоящее заявление, суд приходит к следующим выводам. Согласно ст. 135 ГПК РФ судья возвращает исковое заявление в случае, если истцом не соблюден установленный федеральным законом для данной категории споров или предусмотренный договором сторон досудебный порядок урегулирования спора либо истец не представил документы, подтверждающие соблюдение досудебного порядка урегулирования спора с ответчиком, если это предусмотрено федеральным законом для данной категории споров или договором; 3 сентября 2018 года вступил в силу Федеральный закон от 4 июня 2018 года № 123-ФЗ «Об уполномоченном по правам потребителей финансовых услуг» (далее – Закон о финансовом уполномоченном), которым учреждена должность финансового уполномоченного для рассмотрен"
d_feb3b27190,"УСТАНОВИЛ: Истец прокурор Иркутского района, действуя в защиту прав и законных интересов ФИО1 , обратился в суд с исковым заявлением к АО «Негосударственный пенсионный фонд «Будущее», в котором с учетом уточнений просит признать недействительным договор об обязательном пенсионном страховании от **/**/**** № , заключенный между АО «Негосударственный пенсионный фонд «Будущее» и ФИО1 ; обязать АО «Негосударственный пенсионный фонд «Будущее» в срок не позднее 30 дней со дня получения решения суда передать в ПФР средства пенсионных накоплений в сумме 185 031,64 руб., проценты за неправомерное пользование средствами пенсионных накоплений, определяемые в соответствии с по ст. 395 ГК РФ, и средства, направленные на формирование собственных средств фонда, сформированные за счет дохода от инвестирования средств пенсионных накоплений соответствующего застрахованного лица, предусмотренные п. 5.3 ст. 36.6 Федерального закона от **/**/**** № 75-ФЗ «О негосударственных пенсионных фондах» в сумме 29 0"
d_ff78d23d5d,"УСТАНОВИЛ: обратилась в суд с иском к АО НПФ «Будущее» о восстановлении пропущенного срока на получение выплаты накопительной части пенсии умершего застрахованного лица. Вместе с тем, ознакомившись с исковым заявлением, суд приходит к выводу о том, что данное исковое заявление не подлежит принятию к производству суда на основании пункта 2 части 1 статьи 134 ГПК РФ. Согласно пункту 2 части 1 статьи 134 ГПК РФ судья отказывает в принятии искового заявления в случае, если имеется вступившее в законную силу решение суда по спору между теми же сторонами, о том же предмете и по тем же основаниям или определение суда о прекращении производства по делу в связи с принятием отказа истца от иска или утверждением мирового соглашения сторон. В обоснование заявленных требований истец указывает, что решением Мещанского районного суда г. Москвы рассмотрено исковое заявление к АО НПФ «Будущее» о восстановлении пропущенного срока на получение выплаты накопительной части пенсии умершего застрахованно"
d_ffa6ec73b0,"Мещанского районного суда города Москвы , рассмотрев исковое заявление / заявление к АО НПФ Достойное будущее о восстановлении срока для обращения за выплатой пенсионных накоплений, установил: настоящее заявление подлежит оставлению без движения как не соответствующее требованиям ст.ст. 131 и 132 ГПК РФ в силу следующего. В нарушение ст. 132 ГПК РФ к исковому заявлению не представлены: документы, подтверждающие обстоятельства, на которых истец основывает свои требования; а именно не представлены документы, подтверждающие родство с (свидетельство о рождении ). Указанные обстоятельства являются основанием для оставления иска без движения. Поэтому, руководствуясь ст. 136 ГПК РФ, судья определил: исковое заявление к АО НПФ Достойное будущее о восстановлении срока для обращения за выплатой пенсионных накоплений, оставить без движения до 16 июля 2025 года, предложив заявителю в указанный срок устранить недостатки, указанные в мотивировочной части настоящего определения. Р"
d_ffde001b87,"УСТАНОВИЛ: В Мещанский районный суд поступило исковое заявление фио, к «Достойное Будущее» о восстановлении срока для обращения с заявлением о выплате средств пенсионных накоплений умершего застрахованного лица. Указанное исковое заявление определением от года оставлено без движения, по мотивам, приведенным в данном определении, истцу предложено исправить недостатки в срок до года. Ввиду того, что истец не устранил недостатки, указанные в определении судьи об оставлении иска без движения, исковое заявление подлежит возвращению на основании п. 2 ст. 136 ГПК РФ. На основании изложенного, руководствуясь ст. ст. 135, 136, 224-225 ГПК РФ, суд ОПРЕДЕЛИЛ: Возвратить исковое заявление фио, к «Достойное Будущее» о восстановлении срока для обращения с заявлением о выплате средств пенсионных накоплений умершего застрахованного лица. Возвращение искового заявления не препятствует повторному обращению истца в суд с иском к тому же ответчику, о том же"
